bus_id,route_no,direction,stop_name,timepoint,arrival_time,departure_time,boarded,alighted,occupancy_after,dwell_time_s,headway_s,is_peak
144H_1029_R1,144,outbound,Punchi Borella,0,2025-10-29 16:22:20,2025-10-29 16:23:26,17,4,71,66,369,1
103H_1025_R2,103,inbound,Punchi Borella,0,2025-10-25 09:14:31,2025-10-25 09:15:27,17,0,60,56,442,0
171E_1027_R1,171,inbound,Fort,1,2025-10-27 08:01:39,2025-10-27 08:02:56,17,8,71,77,532,1
171G_1031_R2,171,inbound,Rajagiriya,0,2025-10-31 17:11:39,2025-10-31 17:12:52,20,3,57,73,586,1
144E_1031_R1,144,outbound,Borella,1,2025-10-31 06:24:23,2025-10-31 06:25:08,7,4,42,45,387,0
171G_1031_R1,171,outbound,Pettah,0,2025-10-31 12:08:36,2025-10-31 12:09:32,15,4,18,56,537,0
171D_1029_R2,171,outbound,Battaramulla,0,2025-10-29 19:54:01,2025-10-29 19:55:03,8,10,33,62,530,0
171J_1031_R2,171,outbound,Technical Junction,0,2025-10-31 16:36:07,2025-10-31 16:36:42,0,6,26,35,270,1
171B_1028_R1,171,outbound,Punchi Borella,0,2025-10-28 07:49:22,2025-10-28 07:50:43,20,5,56,81,492,1
171C_1031_R1,171,inbound,Borella,1,2025-10-31 17:47:41,2025-10-31 17:49:07,8,13,71,86,315,1
103I_1029_R1,103,outbound,Maradana,0,2025-10-29 15:07:42,2025-10-29 15:08:25,11,6,45,43,425,0
144B_1025_R1,144,inbound,Borella,0,2025-10-25 16:53:28,2025-10-25 16:54:41,20,4,55,73,509,1
103H_1026_R2,103,outbound,Borella,0,2025-10-26 08:21:04,2025-10-26 08:22:04,10,8,42,60,478,1
171E_1028_R1,171,outbound,Fort,1,2025-10-28 09:27:00,2025-10-28 09:27:50,10,4,11,50,456,0
103I_1029_R1,103,outbound,Narahenpita,1,2025-10-29 15:20:49,2025-10-29 15:21:30,9,3,55,41,425,0
103F_1027_R2,103,outbound,Maradana,0,2025-10-27 08:09:40,2025-10-27 08:10:58,24,2,73,78,575,1
103I_1030_R2,103,inbound,Maradana,1,2025-10-30 10:06:52,2025-10-30 10:07:52,13,5,46,60,539,0
171D_1026_R1,171,outbound,Technical Junction,0,2025-10-26 17:57:57,2025-10-26 17:59:02,17,2,57,65,529,1
144C_1026_R2,144,inbound,Rajagiriya,1,2025-10-26 09:55:00,2025-10-26 09:55:58,14,5,27,58,591,0
103G_1026_R1,103,outbound,Borella,0,2025-10-26 17:48:43,2025-10-26 17:49:35,8,6,87,52,559,1
171H_1026_R1,171,inbound,Koswatta,1,2025-10-26 10:33:00,2025-10-26 10:33:50,8,4,18,50,588,0
171F_1026_R1,171,inbound,Fort,1,2025-10-26 18:09:11,2025-10-26 18:10:16,15,8,107,65,256,1
144D_1027_R2,144,inbound,Maradana,0,2025-10-27 18:35:50,2025-10-27 18:36:52,10,7,61,62,353,1
103F_1027_R2,103,outbound,Pettah,0,2025-10-27 08:03:44,2025-10-27 08:05:18,21,6,51,94,575,1
171I_1027_R1,171,inbound,Rajagiriya,0,2025-10-27 18:40:59,2025-10-27 18:42:04,8,10,55,65,417,1
171D_1030_R1,171,outbound,Punchi Borella,0,2025-10-30 19:06:49,2025-10-30 19:07:51,17,1,73,62,343,0
144B_1026_R2,144,outbound,Cotta Road,0,2025-10-26 08:45:49,2025-10-26 08:47:17,15,11,58,88,413,1
144H_1031_R1,144,outbound,Punchi Borella,0,2025-10-31 08:25:38,2025-10-31 08:26:38,12,7,39,60,425,1
171G_1030_R1,171,outbound,Cotta Road,0,2025-10-30 18:11:13,2025-10-30 18:12:20,5,14,88,67,496,1
144A_1027_R2,144,outbound,Cotta Road,0,2025-10-27 06:23:38,2025-10-27 06:24:23,1,10,33,45,437,0
103B_1029_R2,103,outbound,Maradana,0,2025-10-29 18:32:38,2025-10-29 18:34:11,20,7,35,93,472,1
103B_1027_R1,103,outbound,Pettah,0,2025-10-27 10:44:48,2025-10-27 10:45:30,14,2,34,42,400,0
171E_1028_R1,171,inbound,Battaramulla,0,2025-10-28 17:01:29,2025-10-28 17:02:05,6,4,33,36,271,1
103H_1026_R2,103,outbound,Maradana,0,2025-10-26 08:10:04,2025-10-26 08:10:47,9,5,37,43,478,1
144E_1029_R1,144,outbound,Borella,1,2025-10-29 06:33:03,2025-10-29 06:34:06,9,8,48,63,585,0
171G_1031_R2,171,inbound,Punchi Borella,0,2025-10-31 17:30:44,2025-10-31 17:31:33,10,4,87,49,586,1
103J_1025_R2,103,inbound,Maradana,1,2025-10-25 08:08:43,2025-10-25 08:09:55,18,6,90,72,261,1
171F_1026_R1,171,inbound,Koswatta,1,2025-10-26 17:20:00,2025-10-26 17:21:18,16,6,33,78,256,1
144D_1031_R2,144,outbound,Fort,1,2025-10-31 06:25:00,2025-10-31 06:25:51,6,4,30,51,536,0
171G_1026_R1,171,outbound,Battaramulla,0,2025-10-26 19:38:02,2025-10-26 19:38:45,5,8,54,43,447,0
144H_1031_R1,144,outbound,Cotta Road,0,2025-10-31 08:39:14,2025-10-31 08:40:20,12,5,51,66,425,1
103J_1025_R1,103,outbound,Borella,0,2025-10-25 19:03:37,2025-10-25 19:04:28,7,7,69,51,429,0
171F_1028_R1,171,outbound,Fort,1,2025-10-28 16:19:00,2025-10-28 16:19:51,10,3,25,51,455,1
144C_1030_R1,144,outbound,Borella,1,2025-10-30 10:35:59,2025-10-30 10:36:59,16,3,53,60,480,0
171E_1027_R2,171,outbound,Cotta Road,0,2025-10-27 12:24:57,2025-10-27 12:25:47,9,6,63,50,400,0
171G_1029_R1,171,outbound,Fort,1,2025-10-29 08:22:00,2025-10-29 08:22:41,10,3,13,41,548,1
103F_1028_R2,103,outbound,Punchi Borella,1,2025-10-28 12:47:19,2025-10-28 12:48:04,6,6,35,45,612,0
103B_1029_R1,103,outbound,Pettah,0,2025-10-29 16:49:25,2025-10-29 16:50:58,23,6,32,93,371,1
171E_1029_R2,171,inbound,Battaramulla,0,2025-10-29 10:18:09,2025-10-29 10:18:57,13,3,23,48,443,0
171H_1028_R1,171,inbound,Pettah,0,2025-10-28 21:17:13,2025-10-28 21:18:02,9,3,74,49,427,0
171J_1030_R2,171,outbound,Koswatta,1,2025-10-30 20:02:06,2025-10-30 20:03:06,7,10,42,60,673,0
171B_1029_R1,171,outbound,Cotta Road,0,2025-10-29 06:42:07,2025-10-29 06:43:12,9,5,58,65,681,0
103E_1026_R1,103,outbound,Narahenpita,1,2025-10-26 13:22:23,2025-10-26 13:22:57,2,4,41,34,557,0
103H_1030_R1,103,outbound,Pettah,0,2025-10-30 18:09:48,2025-10-30 18:11:14,18,3,54,86,537,1
171E_1031_R2,171,inbound,Technical Junction,0,2025-10-31 14:55:45,2025-10-31 14:56:46,7,9,65,61,586,0
144D_1028_R2,144,outbound,Maradana,0,2025-10-28 08:29:38,2025-10-28 08:31:06,24,4,55,88,480,1
171J_1031_R2,171,outbound,Fort,1,2025-10-31 16:26:00,2025-10-31 16:27:16,16,5,22,76,270,1
103D_1029_R2,103,inbound,Punchi Borella,0,2025-10-29 07:55:56,2025-10-29 07:56:50,14,4,48,54,466,1
144D_1029_R1,144,inbound,Maradana,0,2025-10-29 17:48:44,2025-10-29 17:50:10,8,13,80,86,518,1
103E_1028_R2,103,inbound,Maradana,1,2025-10-28 08:11:41,2025-10-28 08:13:19,24,10,38,98,464,1
144H_1031_R2,144,outbound,Maradana,0,2025-10-31 09:53:27,2025-10-31 09:54:27,9,7,36,60,395,0
144D_1031_R2,144,outbound,Maradana,0,2025-10-31 06:30:33,2025-10-31 06:31:42,12,7,35,69,536,0
103D_1028_R1,103,outbound,Narahenpita,1,2025-10-28 21:15:57,2025-10-28 21:16:46,4,5,51,49,428,0
103F_1031_R1,103,outbound,Narahenpita,1,2025-10-31 07:28:48,2025-10-31 07:29:57,13,9,65,69,485,1
144D_1027_R1,144,outbound,Rajagiriya,1,2025-10-27 17:51:24,2025-10-27 17:51:53,5,5,59,29,563,1
171B_1031_R2,171,inbound,Battaramulla,0,2025-10-31 07:58:20,2025-10-31 07:59:05,11,4,22,45,376,1
171F_1027_R1,171,outbound,Cotta Road,0,2025-10-27 11:01:59,2025-10-27 11:02:42,7,3,47,43,443,0
103D_1026_R2,103,inbound,Narahenpita,1,2025-10-26 18:29:00,2025-10-26 18:29:56,14,4,31,56,363,1
103C_1029_R1,103,outbound,Punchi Borella,1,2025-10-29 09:42:03,2025-10-29 09:42:37,3,3,17,34,287,0
144F_1025_R1,144,inbound,Borella,0,2025-10-25 07:26:22,2025-10-25 07:28:07,25,6,63,105,666,1
144G_1025_R1,144,outbound,Cotta Road,0,2025-10-25 08:39:43,2025-10-25 08:40:24,4,7,35,41,459,1
171F_1029_R1,171,inbound,Battaramulla,0,2025-10-29 09:43:21,2025-10-29 09:43:57,8,3,28,36,502,0
171E_1029_R2,171,inbound,Maradana,0,2025-10-29 10:50:07,2025-10-29 10:50:48,1,6,52,41,443,0
171D_1031_R1,171,inbound,Welikada,0,2025-10-31 10:29:12,2025-10-31 10:30:00,9,4,34,48,445,0
144D_1027_R1,144,outbound,Fort,1,2025-10-27 17:26:00,2025-10-27 17:27:05,14,8,29,65,563,1
144A_1031_R1,144,inbound,Rajagiriya,1,2025-10-31 17:39:00,2025-10-31 17:39:42,9,4,31,42,591,1
171H_1025_R1,171,outbound,Fort,1,2025-10-25 16:18:00,2025-10-25 16:19:02,10,5,15,62,541,1
171A_1025_R2,171,inbound,Maradana,0,2025-10-25 20:22:21,2025-10-25 20:23:08,10,6,77,47,453,0
171E_1025_R2,171,inbound,Battaramulla,0,2025-10-25 06:10:06,2025-10-25 06:10:56,10,4,31,50,508,0
171J_1026_R2,171,outbound,Cotta Road,0,2025-10-26 10:22:54,2025-10-26 10:23:28,7,5,62,34,481,0
103F_1028_R1,103,inbound,Borella,0,2025-10-28 19:48:11,2025-10-28 19:48:56,12,2,27,45,240,0
171D_1028_R1,171,inbound,Technical Junction,0,2025-10-28 06:40:28,2025-10-28 06:41:15,5,7,84,47,494,0
171H_1026_R1,171,inbound,Rajagiriya,0,2025-10-26 10:50:46,2025-10-26 10:51:25,9,2,42,39,588,0
103E_1025_R1,103,inbound,Punchi Borella,0,2025-10-25 07:46:27,2025-10-25 07:47:36,11,7,44,69,503,1
144I_1031_R1,144,inbound,Maradana,0,2025-10-31 08:37:58,2025-10-31 08:38:33,6,1,85,35,324,1
144I_1029_R1,144,outbound,Fort,1,2025-10-29 19:23:00,2025-10-29 19:23:46,5,4,13,46,507,0
171G_1028_R1,171,inbound,Technical Junction,0,2025-10-28 19:23:39,2025-10-28 19:24:31,8,5,71,52,444,0
171H_1031_R1,171,outbound,Maradana,0,2025-10-31 10:58:07,2025-10-31 10:58:56,11,3,44,49,224,0
171H_1029_R2,171,inbound,Borella,1,2025-10-29 08:36:05,2025-10-29 08:37:11,13,8,86,66,363,1
144D_1028_R1,144,outbound,Cotta Road,0,2025-10-28 17:50:57,2025-10-28 17:51:31,8,2,62,34,496,1
103A_1030_R1,103,outbound,Narahenpita,1,2025-10-30 17:05:04,2025-10-30 17:05:44,7,3,42,40,180,1
171E_1027_R2,171,outbound,Rajagiriya,0,2025-10-27 12:30:36,2025-10-27 12:31:14,7,7,63,38,400,0
171E_1031_R2,171,inbound,Punchi Borella,0,2025-10-31 14:47:26,2025-10-31 14:48:13,9,5,66,47,586,0
171J_1025_R2,171,outbound,Welikada,0,2025-10-25 08:36:46,2025-10-25 08:38:11,12,10,124,85,410,1
144D_1030_R1,144,outbound,Borella,1,2025-10-30 10:31:54,2025-10-30 10:32:53,15,2,48,59,459,0
171C_1027_R2,171,inbound,Rajagiriya,0,2025-10-27 20:43:11,2025-10-27 20:44:08,13,3,31,57,296,0
171D_1031_R1,171,inbound,Technical Junction,0,2025-10-31 10:50:29,2025-10-31 10:51:00,6,1,73,31,445,0
144A_1026_R1,144,inbound,Maradana,0,2025-10-26 18:56:55,2025-10-26 18:58:01,10,6,65,66,654,1
103E_1028_R2,103,inbound,Pettah,0,2025-10-28 08:17:45,2025-10-28 08:18:25,0,7,31,40,464,1
171E_1026_R1,171,inbound,Punchi Borella,0,2025-10-26 07:18:06,2025-10-26 07:19:08,13,6,75,62,430,1
171C_1029_R2,171,outbound,Maradana,0,2025-10-29 07:07:56,2025-10-29 07:08:41,9,5,48,45,514,1
103D_1030_R1,103,outbound,Narahenpita,1,2025-10-30 19:19:09,2025-10-30 19:20:02,9,8,75,53,393,0
144I_1028_R1,144,inbound,Punchi Borella,1,2025-10-28 19:10:59,2025-10-28 19:12:09,16,5,65,70,493,0
103C_1028_R2,103,outbound,Narahenpita,1,2025-10-28 19:06:34,2025-10-28 19:07:15,6,6,53,41,247,0
144I_1031_R2,144,inbound,Fort,1,2025-10-31 09:20:47,2025-10-31 09:21:17,5,6,32,30,400,0
103F_1028_R1,103,inbound,Pettah,0,2025-10-28 20:00:56,2025-10-28 20:01:47,3,10,40,51,240,0
171E_1025_R1,171,inbound,Fort,1,2025-10-25 09:42:53,2025-10-25 09:43:42,6,7,79,49,283,0
103D_1026_R1,103,inbound,Narahenpita,1,2025-10-26 10:07:00,2025-10-26 10:07:46,8,3,8,46,440,0
171C_1031_R1,171,outbound,Rajagiriya,0,2025-10-31 10:21:18,2025-10-31 10:22:17,5,8,75,59,366,0
171D_1029_R2,171,inbound,Welikada,0,2025-10-29 07:36:16,2025-10-29 07:37:23,17,4,59,67,492,1
103H_1031_R1,103,outbound,Maradana,0,2025-10-31 10:31:32,2025-10-31 10:32:31,13,4,46,59,375,0
171C_1026_R2,171,outbound,Welikada,0,2025-10-26 17:40:19,2025-10-26 17:41:13,11,5,65,54,335,1
171F_1026_R1,171,outbound,Battaramulla,0,2025-10-26 20:06:54,2025-10-26 20:07:42,8,6,69,48,720,0
171D_1030_R1,171,outbound,Koswatta,1,2025-10-30 19:39:24,2025-10-30 19:40:25,7,10,77,61,343,0
103C_1029_R2,103,outbound,Fort,1,2025-10-29 07:40:00,2025-10-29 07:40:57,12,5,35,57,831,1
103F_1029_R1,103,outbound,Punchi Borella,1,2025-10-29 17:55:00,2025-10-29 17:55:54,8,8,46,54,370,1
103B_1029_R2,103,outbound,Punchi Borella,1,2025-10-29 18:36:01,2025-10-29 18:37:32,20,11,44,91,472,1
171F_1031_R1,171,outbound,Borella,1,2025-10-31 18:09:21,2025-10-31 18:10:38,16,10,87,77,478,1
144I_1028_R1,144,inbound,Borella,0,2025-10-28 19:07:38,2025-10-28 19:08:43,14,6,54,65,493,0
144B_1027_R2,144,inbound,Cotta Road,0,2025-10-27 14:24:03,2025-10-27 14:25:13,17,3,35,70,504,0
144B_1026_R1,144,outbound,Punchi Borella,0,2025-10-26 08:41:24,2025-10-26 08:42:21,13,4,46,57,488,1
103F_1025_R1,103,outbound,Narahenpita,1,2025-10-25 11:15:43,2025-10-25 11:16:23,7,2,36,40,180,0
103G_1027_R1,103,inbound,Fort,1,2025-10-27 12:41:31,2025-10-27 12:42:30,9,7,43,59,330,0
171I_1030_R2,171,inbound,Technical Junction,0,2025-10-30 07:59:33,2025-10-30 08:00:22,7,8,72,49,637,1
171E_1025_R2,171,inbound,Cotta Road,0,2025-10-25 06:26:39,2025-10-25 06:27:17,6,1,45,38,508,0
144B_1031_R1,144,outbound,Maradana,0,2025-10-31 08:59:46,2025-10-31 09:01:03,20,4,57,77,455,1
103I_1026_R2,103,outbound,Pettah,0,2025-10-26 08:34:58,2025-10-26 08:35:58,16,4,52,60,433,1
103E_1031_R1,103,outbound,Borella,0,2025-10-31 07:09:53,2025-10-31 07:10:38,9,5,48,45,436,1
171I_1031_R1,171,outbound,Punchi Borella,0,2025-10-31 07:31:47,2025-10-31 07:32:56,20,3,73,69,397,1
103D_1028_R1,103,inbound,Borella,0,2025-10-28 07:38:51,2025-10-28 07:40:19,20,6,67,88,429,1
103G_1025_R1,103,inbound,Pettah,0,2025-10-25 12:55:23,2025-10-25 12:56:22,9,8,58,59,356,0
171F_1028_R1,171,inbound,Punchi Borella,0,2025-10-28 11:16:38,2025-10-28 11:17:15,3,8,58,37,337,0
171J_1031_R2,171,inbound,Rajagiriya,0,2025-10-31 08:06:03,2025-10-31 08:07:09,13,4,50,66,434,1
144I_1027_R1,144,inbound,Punchi Borella,1,2025-10-27 16:20:11,2025-10-27 16:21:29,17,8,54,78,369,1
144I_1026_R1,144,inbound,Maradana,0,2025-10-26 09:41:17,2025-10-26 09:41:57,4,5,37,40,588,0
171E_1026_R1,171,outbound,Borella,1,2025-10-26 06:57:31,2025-10-26 06:58:25,10,4,60,54,425,0
103I_1031_R1,103,outbound,Borella,0,2025-10-31 17:15:39,2025-10-31 17:16:25,5,7,55,46,389,1
171I_1027_R1,171,inbound,Pettah,0,2025-10-27 19:14:19,2025-10-27 19:15:03,8,3,75,44,417,0
103B_1028_R1,103,inbound,Fort,1,2025-10-28 09:45:58,2025-10-28 09:46:45,5,7,54,47,483,0
144G_1028_R1,144,inbound,Fort,1,2025-10-28 10:21:45,2025-10-28 10:22:25,8,6,38,40,404,0
103D_1027_R1,103,outbound,Borella,0,2025-10-27 08:52:44,2025-10-27 08:53:52,12,8,87,68,571,1
171B_1028_R2,171,inbound,Pettah,0,2025-10-28 10:52:35,2025-10-28 10:53:19,7,6,61,44,700,0
144C_1028_R2,144,outbound,Maradana,0,2025-10-28 17:27:28,2025-10-28 17:29:01,26,5,46,93,344,1
144D_1030_R1,144,outbound,Fort,1,2025-10-30 10:19:00,2025-10-30 10:19:41,8,1,15,41,459,0
103E_1031_R2,103,inbound,Pettah,0,2025-10-31 08:00:41,2025-10-31 08:01:36,7,9,45,55,416,1
171C_1029_R2,171,outbound,Borella,1,2025-10-29 07:17:02,2025-10-29 07:18:16,17,7,71,74,514,1
144F_1028_R1,144,inbound,Punchi Borella,1,2025-10-28 17:34:38,2025-10-28 17:35:36,14,6,62,58,611,1
171I_1028_R1,171,inbound,Maradana,0,2025-10-28 08:07:47,2025-10-28 08:08:56,8,8,90,69,459,1
171E_1031_R2,171,inbound,Pettah,0,2025-10-31 14:59:24,2025-10-31 15:00:16,8,8,65,52,586,0
103B_1031_R2,103,outbound,Narahenpita,1,2025-10-31 10:41:55,2025-10-31 10:42:47,7,4,50,52,609,0
144C_1026_R1,144,outbound,Borella,1,2025-10-26 09:43:56,2025-10-26 09:44:54,9,8,28,58,420,0
144H_1027_R2,144,inbound,Maradana,0,2025-10-27 10:15:49,2025-10-27 10:16:37,9,7,42,48,501,0
171D_1026_R2,171,inbound,Borella,1,2025-10-26 17:07:30,2025-10-26 17:08:48,18,5,91,78,370,1
144B_1029_R1,144,outbound,Punchi Borella,0,2025-10-29 19:16:57,2025-10-29 19:17:36,9,2,46,39,694,0
171H_1025_R1,171,outbound,Koswatta,1,2025-10-25 17:12:12,2025-10-25 17:13:06,13,2,66,54,541,1
171E_1025_R1,171,inbound,Welikada,0,2025-10-25 09:08:48,2025-10-25 09:09:53,11,4,53,65,283,0
171B_1028_R2,171,inbound,Fort,1,2025-10-28 10:59:09,2025-10-28 10:59:53,4,4,61,44,700,0
171G_1029_R2,171,outbound,Punchi Borella,0,2025-10-29 08:40:59,2025-10-29 08:41:56,10,6,51,57,715,1
171I_1026_R1,171,outbound,Punchi Borella,0,2025-10-26 09:41:13,2025-10-26 09:42:25,19,5,73,72,476,0
103H_1025_R1,103,outbound,Borella,0,2025-10-25 06:58:50,2025-10-25 06:59:30,7,2,33,40,639,0
171D_1028_R1,171,inbound,Maradana,0,2025-10-28 06:35:48,2025-10-28 06:36:17,5,5,86,29,494,0
103J_1031_R1,103,inbound,Narahenpita,1,2025-10-31 16:45:00,2025-10-31 16:46:16,15,4,31,76,485,1
171G_1027_R1,171,outbound,Maradana,0,2025-10-27 20:11:55,2025-10-27 20:12:27,4,3,44,32,382,0
171E_1027_R1,171,inbound,Welikada,0,2025-10-27 07:23:04,2025-10-27 07:24:14,17,5,34,70,532,1
171E_1029_R1,171,outbound,Cotta Road,0,2025-10-29 09:10:29,2025-10-29 09:11:21,8,8,88,52,376,0
103J_1028_R1,103,outbound,Fort,1,2025-10-28 08:49:00,2025-10-28 08:50:23,20,6,30,83,512,1
171H_1026_R1,171,inbound,Battaramulla,0,2025-10-26 10:37:51,2025-10-26 10:38:50,14,2,30,59,588,0
144J_1026_R2,144,outbound,Punchi Borella,0,2025-10-26 11:00:29,2025-10-26 11:01:18,13,3,33,49,468,0
103D_1025_R1,103,inbound,Punchi Borella,0,2025-10-25 06:20:58,2025-10-25 06:21:46,7,4,29,48,561,0
171C_1030_R1,171,inbound,Koswatta,1,2025-10-30 20:28:00,2025-10-30 20:29:08,14,6,40,68,508,0
144E_1030_R1,144,outbound,Punchi Borella,0,2025-10-30 10:24:29,2025-10-30 10:25:25,12,3,46,56,626,0
171G_1025_R1,171,outbound,Welikada,0,2025-10-25 07:25:16,2025-10-25 07:26:11,10,8,58,55,519,1
171D_1028_R2,171,outbound,Rajagiriya,0,2025-10-28 09:46:31,2025-10-28 09:47:21,2,12,50,50,399,0
171H_1031_R1,171,outbound,Pettah,0,2025-10-31 10:46:43,2025-10-31 10:47:28,12,1,30,45,224,0
171E_1030_R1,171,inbound,Rajagiriya,0,2025-10-30 08:12:59,2025-10-30 08:13:37,8,4,36,38,342,1
103C_1030_R1,103,inbound,Borella,0,2025-10-30 06:07:49,2025-10-30 06:08:17,5,2,39,28,390,0
103J_1031_R2,103,outbound,Fort,1,2025-10-31 20:09:00,2025-10-31 20:09:30,6,2,21,30,302,0
171B_1026_R2,171,outbound,Technical Junction,0,2025-10-26 12:20:02,2025-10-26 12:20:47,12,2,57,45,570,0
171J_1028_R1,171,outbound,Borella,1,2025-10-28 18:02:24,2025-10-28 18:03:17,9,6,64,53,340,1
144C_1031_R1,144,inbound,Fort,1,2025-10-31 09:07:46,2025-10-31 09:08:32,9,7,60,46,497,0
144D_1025_R1,144,outbound,Maradana,0,2025-10-25 14:33:20,2025-10-25 14:34:14,11,5,40,54,507,0
171C_1029_R1,171,outbound,Pettah,0,2025-10-29 07:39:22,2025-10-29 07:40:43,23,4,36,81,596,1
144C_1027_R1,144,outbound,Maradana,0,2025-10-27 16:15:37,2025-10-27 16:16:54,20,7,20,77,481,1
171D_1029_R2,171,inbound,Battaramulla,0,2025-10-29 07:31:33,2025-10-29 07:32:39,16,2,46,66,492,1
144E_1025_R1,144,inbound,Borella,0,2025-10-25 20:24:49,2025-10-25 20:25:48,14,3,41,59,528,0
171I_1030_R1,171,outbound,Fort,1,2025-10-30 08:46:00,2025-10-30 08:46:36,9,3,23,36,284,1
171D_1029_R2,171,inbound,Koswatta,1,2025-10-29 07:23:00,2025-10-29 07:23:52,11,2,32,52,492,1
103F_1028_R2,103,inbound,Narahenpita,1,2025-10-28 16:57:00,2025-10-28 16:58:07,19,2,36,67,390,1
103I_1025_R1,103,outbound,Punchi Borella,1,2025-10-25 19:22:42,2025-10-25 19:23:29,0,7,39,47,467,0
171A_1029_R1,171,inbound,Koswatta,1,2025-10-29 16:39:00,2025-10-29 16:39:57,10,4,24,57,428,1
171C_1029_R2,171,inbound,Maradana,0,2025-10-29 10:19:53,2025-10-29 10:20:43,8,8,71,50,424,0
103F_1031_R1,103,inbound,Maradana,1,2025-10-31 17:20:29,2025-10-31 17:21:36,7,11,26,67,489,1
171B_1028_R1,171,outbound,Maradana,0,2025-10-28 07:43:49,2025-10-28 07:44:46,12,4,41,57,492,1
103F_1026_R1,103,inbound,Punchi Borella,0,2025-10-26 18:23:02,2025-10-26 18:24:26,20,5,61,84,245,1
144I_1026_R2,144,outbound,Cotta Road,0,2025-10-26 15:03:35,2025-10-26 15:04:19,6,3,29,44,396,0
171D_1026_R1,171,outbound,Pettah,0,2025-10-26 17:51:29,2025-10-26 17:52:10,11,0,42,41,529,1
103F_1030_R1,103,inbound,Fort,1,2025-10-30 07:56:00,2025-10-30 07:57:02,8,9,39,62,520,1
171C_1026_R1,171,inbound,Punchi Borella,0,2025-10-26 06:50:12,2025-10-26 06:50:50,4,4,81,38,504,0
171C_1027_R2,171,inbound,Koswatta,1,2025-10-27 20:30:00,2025-10-27 20:30:37,8,0,8,37,296,0
171B_1028_R2,171,inbound,Battaramulla,0,2025-10-28 10:10:30,2025-10-28 10:11:08,7,4,34,38,700,0
144C_1027_R1,144,inbound,Borella,0,2025-10-27 18:25:54,2025-10-27 18:27:00,16,3,49,66,769,1
171E_1027_R1,171,inbound,Technical Junction,0,2025-10-27 07:53:31,2025-10-27 07:54:17,7,7,64,46,532,1
171J_1031_R1,171,inbound,Punchi Borella,0,2025-10-31 18:10:45,2025-10-31 18:11:38,7,7,67,53,528,1
144D_1027_R1,144,outbound,Maradana,0,2025-10-27 17:28:47,2025-10-27 17:29:45,13,5,37,58,563,1
171J_1025_R1,171,inbound,Cotta Road,0,2025-10-25 18:05:10,2025-10-25 18:06:17,17,3,69,67,513,1
144A_1028_R1,144,inbound,Fort,1,2025-10-28 12:28:41,2025-10-28 12:29:25,5,7,53,44,615,0
171I_1029_R2,171,inbound,Fort,1,2025-10-29 19:04:22,2025-10-29 19:04:45,3,6,54,23,288,0
144F_1029_R1,144,inbound,Fort,1,2025-10-29 19:32:38,2025-10-29 19:33:15,4,3,39,37,385,0
171E_1031_R1,171,outbound,Technical Junction,0,2025-10-31 17:06:04,2025-10-31 17:07:10,19,3,46,66,553,1
103J_1031_R1,103,outbound,Borella,0,2025-10-31 18:05:33,2025-10-31 18:06:53,10,11,58,80,430,1
103I_1029_R2,103,inbound,Pettah,0,2025-10-29 17:04:38,2025-10-29 17:05:28,11,3,84,50,613,1
171B_1026_R1,171,outbound,Technical Junction,0,2025-10-26 16:35:16,2025-10-26 16:36:42,25,3,71,86,451,1
171G_1029_R1,171,inbound,Battaramulla,0,2025-10-29 08:28:08,2025-10-29 08:29:15,14,3,44,67,466,1
171J_1031_R1,171,outbound,Koswatta,1,2025-10-31 12:54:09,2025-10-31 12:54:50,4,10,56,41,522,0
103J_1025_R2,103,outbound,Punchi Borella,1,2025-10-25 20:55:23,2025-10-25 20:56:05,6,7,33,42,414,0
144E_1028_R1,144,outbound,Punchi Borella,0,2025-10-28 17:14:34,2025-10-28 17:15:50,14,7,50,76,521,1
171J_1028_R1,171,outbound,Maradana,0,2025-10-28 17:51:10,2025-10-28 17:52:11,10,4,48,61,340,1
103B_1030_R1,103,outbound,Fort,1,2025-10-30 07:07:00,2025-10-30 07:08:20,24,2,37,80,344,1
103G_1029_R1,103,inbound,Maradana,1,2025-10-29 08:31:09,2025-10-29 08:31:52,11,4,54,43,221,1
171B_1025_R1,171,outbound,Borella,1,2025-10-25 09:48:42,2025-10-25 09:49:53,13,9,57,71,616,0
144G_1029_R1,144,inbound,Cotta Road,0,2025-10-29 06:07:13,2025-10-29 06:07:56,11,4,17,43,180,0
171E_1025_R1,171,outbound,Battaramulla,0,2025-10-25 10:55:26,2025-10-25 10:56:07,6,6,44,41,700,0
144A_1027_R2,144,outbound,Fort,1,2025-10-27 06:01:00,2025-10-27 06:02:16,18,4,25,76,437,0
103F_1031_R1,103,outbound,Fort,1,2025-10-31 07:02:00,2025-10-31 07:03:10,19,3,40,70,485,1
171I_1027_R2,171,outbound,Koswatta,1,2025-10-27 18:04:20,2025-10-27 18:05:25,14,6,58,65,577,1
144I_1028_R2,144,outbound,Rajagiriya,1,2025-10-28 08:26:26,2025-10-28 08:27:43,10,12,64,77,787,1
103D_1029_R2,103,inbound,Fort,1,2025-10-29 08:11:41,2025-10-29 08:12:50,7,11,54,69,466,1
171C_1027_R2,171,inbound,Battaramulla,0,2025-10-27 20:34:31,2025-10-27 20:35:30,13,4,17,59,296,0
171A_1025_R1,171,outbound,Borella,1,2025-10-25 07:42:36,2025-10-25 07:43:31,15,4,96,55,466,1
144F_1026_R1,144,inbound,Borella,0,2025-10-26 09:33:25,2025-10-26 09:34:28,12,4,36,63,534,0
103E_1030_R1,103,outbound,Fort,1,2025-10-30 18:09:00,2025-10-30 18:09:21,0,4,11,21,271,1
103J_1027_R2,103,outbound,Narahenpita,1,2025-10-27 06:50:07,2025-10-27 06:50:46,8,6,52,39,551,0
103F_1028_R2,103,inbound,Punchi Borella,0,2025-10-28 17:07:37,2025-10-28 17:08:43,15,3,53,66,390,1
103E_1028_R1,103,outbound,Narahenpita,1,2025-10-28 11:00:35,2025-10-28 11:01:12,4,7,28,37,671,0
171C_1026_R1,171,inbound,Welikada,0,2025-10-26 06:30:32,2025-10-26 06:31:29,13,4,57,57,504,0
171H_1031_R1,171,inbound,Fort,1,2025-10-31 11:18:52,2025-10-31 11:19:29,5,7,87,37,620,0
171J_1027_R2,171,inbound,Pettah,0,2025-10-27 20:58:45,2025-10-27 21:00:09,13,9,73,84,366,0
103D_1028_R1,103,inbound,Fort,1,2025-10-28 07:59:56,2025-10-28 08:00:51,10,3,83,55,429,1
171E_1031_R1,171,inbound,Pettah,0,2025-10-31 18:40:04,2025-10-31 18:40:58,8,8,33,54,667,1
171G_1028_R2,171,outbound,Cotta Road,0,2025-10-28 08:17:15,2025-10-28 08:18:02,7,6,82,47,378,1
103D_1026_R1,103,outbound,Punchi Borella,1,2025-10-26 12:19:36,2025-10-26 12:20:32,10,6,42,56,557,0
144A_1029_R1,144,outbound,Cotta Road,0,2025-10-29 08:23:22,2025-10-29 08:24:37,13,10,83,75,587,1
103A_1025_R1,103,inbound,Pettah,0,2025-10-25 19:44:52,2025-10-25 19:45:42,7,3,45,50,682,0
144A_1028_R1,144,inbound,Punchi Borella,1,2025-10-28 12:16:58,2025-10-28 12:18:27,17,6,55,89,615,0
103D_1028_R1,103,outbound,Fort,1,2025-10-28 20:55:00,2025-10-28 20:55:57,11,6,31,57,428,0
171I_1027_R2,171,outbound,Rajagiriya,0,2025-10-27 17:50:02,2025-10-27 17:50:33,3,4,59,31,577,1
103A_1028_R1,103,inbound,Maradana,1,2025-10-28 20:13:54,2025-10-28 20:15:10,15,7,50,76,474,0
171J_1026_R1,171,outbound,Maradana,0,2025-10-26 10:18:15,2025-10-26 10:19:15,12,4,44,60,447,0
103G_1028_R1,103,outbound,Fort,1,2025-10-28 16:27:00,2025-10-28 16:27:59,19,4,31,59,289,1
144E_1026_R1,144,outbound,Maradana,0,2025-10-26 07:53:10,2025-10-26 07:54:02,12,3,24,52,281,1
144A_1025_R2,144,inbound,Fort,1,2025-10-25 08:17:57,2025-10-25 08:18:37,8,6,68,40,350,1
103E_1029_R2,103,inbound,Punchi Borella,0,2025-10-29 09:35:46,2025-10-29 09:36:35,8,2,29,49,482,0
171J_1031_R1,171,inbound,Koswatta,1,2025-10-31 17:40:00,2025-10-31 17:40:47,7,6,12,47,528,1
171A_1031_R1,171,outbound,Battaramulla,0,2025-10-31 07:23:25,2025-10-31 07:24:18,14,3,106,53,541,1
103D_1027_R2,103,inbound,Fort,1,2025-10-27 18:34:56,2025-10-27 18:35:54,9,7,65,58,667,1
171H_1029_R2,171,inbound,Koswatta,1,2025-10-29 08:10:00,2025-10-29 08:11:11,17,5,23,71,363,1
103B_1031_R2,103,inbound,Maradana,1,2025-10-31 10:08:01,2025-10-31 10:09:05,13,3,31,64,647,0
144D_1030_R1,144,inbound,Rajagiriya,1,2025-10-30 09:41:00,2025-10-30 09:41:57,11,4,21,57,364,0
144H_1026_R1,144,inbound,Punchi Borella,1,2025-10-26 19:00:45,2025-10-26 19:01:39,10,7,41,54,459,0
171I_1029_R2,171,inbound,Technical Junction,0,2025-10-29 18:53:01,2025-10-29 18:53:40,4,7,55,39,288,1
144D_1030_R1,144,outbound,Maradana,0,2025-10-30 10:23:18,2025-10-30 10:24:26,16,1,30,68,459,0
171F_1030_R1,171,inbound,Rajagiriya,0,2025-10-30 06:22:15,2025-10-30 06:22:49,6,3,58,34,499,0
144G_1029_R1,144,outbound,Punchi Borella,0,2025-10-29 07:11:41,2025-10-29 07:12:41,14,4,54,60,424,1
171J_1026_R2,171,outbound,Pettah,0,2025-10-26 09:56:00,2025-10-26 09:56:49,9,2,23,49,481,0
171C_1030_R1,171,inbound,Fort,1,2025-10-30 21:20:50,2025-10-30 21:21:18,0,7,55,28,508,0
144I_1025_R1,144,inbound,Punchi Borella,1,2025-10-25 07:31:07,2025-10-25 07:32:01,14,3,82,54,441,1
171E_1027_R1,171,inbound,Rajagiriya,0,2025-10-27 07:26:59,2025-10-27 07:27:38,10,3,41,39,532,1
103C_1026_R1,103,outbound,Narahenpita,1,2025-10-26 08:36:53,2025-10-26 08:38:18,17,8,53,85,331,1
144C_1027_R1,144,outbound,Punchi Borella,0,2025-10-27 16:20:47,2025-10-27 16:21:47,11,6,25,60,481,1
171B_1030_R1,171,outbound,Welikada,0,2025-10-30 07:11:57,2025-10-30 07:12:53,6,7,60,56,223,1
144C_1025_R1,144,outbound,Punchi Borella,0,2025-10-25 19:27:44,2025-10-25 19:29:02,16,4,37,78,608,0
171D_1029_R2,171,outbound,Technical Junction,0,2025-10-29 19:22:16,2025-10-29 19:22:58,7,3,29,42,530,0
103D_1028_R2,103,outbound,Pettah,0,2025-10-28 07:58:24,2025-10-28 07:59:07,13,1,43,43,386,1
144I_1030_R1,144,outbound,Maradana,0,2025-10-30 07:44:51,2025-10-30 07:46:33,29,4,68,102,612,1
103H_1030_R1,103,inbound,Punchi Borella,0,2025-10-30 19:26:13,2025-10-30 19:26:50,9,2,15,37,385,0
171D_1030_R1,171,outbound,Technical Junction,0,2025-10-30 18:58:38,2025-10-30 18:59:35,12,2,44,57,343,1
171J_1031_R2,171,inbound,Cotta Road,0,2025-10-31 08:11:09,2025-10-31 08:12:36,22,4,68,87,434,1
144H_1030_R1,144,inbound,Punchi Borella,1,2025-10-30 07:20:34,2025-10-30 07:21:22,10,5,48,48,386,1
103B_1029_R1,103,outbound,Fort,1,2025-10-29 16:43:00,2025-10-29 16:44:04,11,5,15,64,371,1
144A_1031_R1,144,inbound,Punchi Borella,1,2025-10-31 17:56:47,2025-10-31 17:58:05,15,9,52,78,591,1
171B_1025_R1,171,outbound,Technical Junction,0,2025-10-25 09:34:01,2025-10-25 09:34:54,10,3,42,53,616,0
171A_1028_R1,171,outbound,Maradana,0,2025-10-28 17:06:44,2025-10-28 17:07:48,15,5,75,64,617,1
103F_1029_R1,103,outbound,Borella,0,2025-10-29 17:58:53,2025-10-29 18:00:15,13,12,47,82,370,1
103I_1028_R1,103,inbound,Maradana,1,2025-10-28 06:49:05,2025-10-28 06:49:52,10,3,59,47,504,0
144B_1028_R1,144,outbound,Fort,1,2025-10-28 09:58:00,2025-10-28 09:58:43,10,3,25,43,437,0
171A_1026_R1,171,inbound,Maradana,0,2025-10-26 15:36:04,2025-10-26 15:37:15,10,9,58,71,423,0
171J_1027_R2,171,outbound,Pettah,0,2025-10-27 16:30:11,2025-10-27 16:31:11,10,3,41,60,337,1
171G_1025_R1,171,inbound,Technical Junction,0,2025-10-25 18:28:32,2025-10-25 18:29:32,12,7,117,60,292,1
144J_1028_R1,144,inbound,Cotta Road,0,2025-10-28 20:49:36,2025-10-28 20:50:39,19,2,46,63,515,0
103C_1025_R1,103,outbound,Punchi Borella,1,2025-10-25 17:38:07,2025-10-25 17:38:56,13,4,72,49,418,1
171G_1027_R1,171,outbound,Borella,1,2025-10-27 20:21:29,2025-10-27 20:22:47,17,6,61,78,382,0
144G_1029_R2,144,inbound,Fort,1,2025-10-29 18:27:39,2025-10-29 18:28:24,9,5,80,45,224,1
171D_1026_R2,171,inbound,Rajagiriya,0,2025-10-26 16:58:45,2025-10-26 16:59:51,14,3,73,66,370,1
144B_1029_R1,144,inbound,Maradana,0,2025-10-29 16:31:07,2025-10-29 16:32:15,11,11,71,68,550,1
171J_1028_R1,171,inbound,Battaramulla,0,2025-10-28 18:04:50,2025-10-28 18:05:52,14,1,34,62,413,1
144H_1025_R1,144,outbound,Borella,1,2025-10-25 19:21:49,2025-10-25 19:22:42,6,10,23,53,510,0
103F_1026_R1,103,outbound,Maradana,0,2025-10-26 08:30:45,2025-10-26 08:31:54,14,5,20,69,342,1
103G_1031_R2,103,inbound,Narahenpita,1,2025-10-31 20:53:00,2025-10-31 20:53:44,9,5,31,44,434,0
144E_1025_R1,144,outbound,Fort,1,2025-10-25 07:43:00,2025-10-25 07:43:48,10,1,16,48,386,1
144I_1025_R1,144,outbound,Cotta Road,0,2025-10-25 09:16:12,2025-10-25 09:17:07,9,3,43,55,248,0
144F_1028_R1,144,outbound,Fort,1,2025-10-28 16:57:00,2025-10-28 16:58:00,16,2,31,60,553,1
171G_1028_R1,171,inbound,Maradana,0,2025-10-28 19:17:22,2025-10-28 19:18:02,5,4,68,40,444,0
103J_1028_R1,103,outbound,Narahenpita,1,2025-10-28 09:14:27,2025-10-28 09:15:14,5,11,49,47,512,0
144J_1030_R2,144,outbound,Borella,1,2025-10-30 11:13:21,2025-10-30 11:14:15,10,4,51,54,603,0
144C_1028_R2,144,inbound,Punchi Borella,1,2025-10-28 18:04:17,2025-10-28 18:05:23,14,7,69,66,410,1
171B_1031_R1,171,inbound,Pettah,0,2025-10-31 17:30:48,2025-10-31 17:31:38,7,8,106,50,494,1
103J_1027_R1,103,inbound,Borella,0,2025-10-27 20:40:28,2025-10-27 20:41:33,13,5,37,65,473,0
171I_1029_R2,171,inbound,Koswatta,1,2025-10-29 18:09:00,2025-10-29 18:09:43,8,4,18,43,288,1
171D_1028_R1,171,inbound,Fort,1,2025-10-28 06:50:59,2025-10-28 06:52:00,5,11,83,61,494,0
144J_1028_R2,144,inbound,Borella,0,2025-10-28 08:11:35,2025-10-28 08:12:41,12,6,73,66,711,1
144F_1026_R2,144,inbound,Cotta Road,0,2025-10-26 07:53:11,2025-10-26 07:54:01,16,2,30,50,598,1
103D_1031_R2,103,outbound,Fort,1,2025-10-31 17:30:00,2025-10-31 17:31:22,19,3,42,82,658,1
144F_1031_R2,144,outbound,Maradana,0,2025-10-31 17:56:49,2025-10-31 17:57:53,15,4,52,64,356,1
144B_1028_R1,144,inbound,Fort,1,2025-10-28 11:14:13,2025-10-28 11:15:17,7,10,53,64,408,0
144B_1031_R2,144,outbound,Cotta Road,0,2025-10-31 09:36:45,2025-10-31 09:37:33,9,6,36,48,670,0
103E_1025_R1,103,outbound,Punchi Borella,1,2025-10-25 19:36:46,2025-10-25 19:37:38,10,3,48,52,461,0
171I_1027_R1,171,outbound,Pettah,0,2025-10-27 07:30:23,2025-10-27 07:31:32,17,3,47,69,203,1
171A_1029_R1,171,inbound,Rajagiriya,0,2025-10-29 16:52:22,2025-10-29 16:53:33,19,2,66,71,428,1
144C_1029_R1,144,inbound,Cotta Road,0,2025-10-29 17:05:30,2025-10-29 17:06:30,12,4,47,60,529,1
103H_1026_R1,103,inbound,Narahenpita,1,2025-10-26 09:33:00,2025-10-26 09:33:29,2,4,23,29,517,0
171F_1029_R1,171,outbound,Borella,1,2025-10-29 16:34:22,2025-10-29 16:35:57,21,9,54,95,566,1
144C_1031_R1,144,outbound,Punchi Borella,0,2025-10-31 10:21:56,2025-10-31 10:22:44,9,3,45,48,561,0
171E_1028_R2,171,inbound,Fort,1,2025-10-28 18:23:41,2025-10-28 18:24:22,7,3,120,41,605,1
171I_1031_R1,171,inbound,Fort,1,2025-10-31 08:29:56,2025-10-31 08:30:50,8,8,71,54,297,1
144E_1029_R1,144,inbound,Borella,0,2025-10-29 09:24:46,2025-10-29 09:25:05,3,2,31,19,451,0
171F_1025_R1,171,outbound,Koswatta,1,2025-10-25 19:03:44,2025-10-25 19:04:36,7,7,62,52,569,0
171G_1028_R1,171,inbound,Rajagiriya,0,2025-10-28 18:55:46,2025-10-28 18:56:30,8,2,56,44,444,1
171A_1026_R1,171,inbound,Borella,1,2025-10-26 15:26:07,2025-10-26 15:26:39,4,2,60,32,423,0
171J_1031_R1,171,inbound,Pettah,0,2025-10-31 18:26:50,2025-10-31 18:27:33,8,6,81,43,528,1
171C_1030_R1,171,outbound,Maradana,0,2025-10-30 08:51:29,2025-10-30 08:52:59,23,6,64,90,577,1
171A_1028_R2,171,inbound,Punchi Borella,0,2025-10-28 16:33:12,2025-10-28 16:34:02,6,6,59,50,371,1
103F_1028_R1,103,outbound,Punchi Borella,1,2025-10-28 19:13:56,2025-10-28 19:15:29,20,7,59,93,583,0
171B_1031_R1,171,outbound,Technical Junction,0,2025-10-31 20:56:42,2025-10-31 20:57:28,12,4,55,46,503,0
171I_1027_R2,171,outbound,Pettah,0,2025-10-27 17:22:38,2025-10-27 17:23:24,9,4,25,46,577,1
103D_1028_R1,103,outbound,Pettah,0,2025-10-28 20:57:27,2025-10-28 20:58:14,9,4,36,47,428,0
171A_1030_R1,171,outbound,Punchi Borella,0,2025-10-30 09:27:53,2025-10-30 09:28:46,11,3,52,53,342,0
144I_1030_R1,144,inbound,Maradana,0,2025-10-30 10:35:12,2025-10-30 10:35:42,7,5,49,30,647,0
171G_1027_R2,171,inbound,Punchi Borella,0,2025-10-27 08:33:04,2025-10-27 08:34:03,7,12,90,59,450,1
171J_1025_R2,171,outbound,Koswatta,1,2025-10-25 08:42:42,2025-10-25 08:43:43,14,6,139,61,410,1
144F_1031_R1,144,outbound,Rajagiriya,1,2025-10-31 07:05:03,2025-10-31 07:06:22,13,11,42,79,604,1
103I_1031_R1,103,outbound,Punchi Borella,1,2025-10-31 17:09:26,2025-10-31 17:10:36,13,8,57,70,389,1
171A_1027_R1,171,inbound,Pettah,0,2025-10-27 09:43:11,2025-10-27 09:43:41,3,4,44,30,524,0
103I_1031_R1,103,inbound,Narahenpita,1,2025-10-31 18:00:00,2025-10-31 18:01:03,20,3,32,63,434,1
171C_1025_R1,171,outbound,Technical Junction,0,2025-10-25 09:00:37,2025-10-25 09:01:11,6,3,32,34,423,0
171D_1028_R1,171,inbound,Pettah,0,2025-10-28 06:44:25,2025-10-28 06:45:18,11,6,89,53,494,0
171H_1028_R1,171,inbound,Borella,1,2025-10-28 20:56:40,2025-10-28 20:57:56,12,10,66,76,427,0
171I_1028_R1,171,outbound,Battaramulla,0,2025-10-28 13:04:07,2025-10-28 13:04:56,2,13,44,49,366,0
103J_1025_R2,103,inbound,Narahenpita,1,2025-10-25 07:53:00,2025-10-25 07:54:17,25,4,45,77,261,1
171A_1030_R1,171,inbound,Koswatta,1,2025-10-30 06:33:00,2025-10-30 06:34:18,21,4,34,78,655,0
103B_1026_R1,103,outbound,Fort,1,2025-10-26 07:26:00,2025-10-26 07:26:50,9,4,24,50,523,1
103A_1028_R1,103,inbound,Narahenpita,1,2025-10-28 20:02:00,2025-10-28 20:02:54,10,3,31,54,474,0
171A_1029_R1,171,inbound,Battaramulla,0,2025-10-29 16:42:24,2025-10-29 16:43:28,19,3,40,64,428,1
103D_1030_R1,103,inbound,Maradana,1,2025-10-30 16:51:55,2025-10-30 16:53:27,18,8,67,92,399,1
171J_1027_R1,171,inbound,Battaramulla,0,2025-10-27 17:38:40,2025-10-27 17:40:02,21,8,61,82,388,1
171D_1030_R1,171,outbound,Borella,1,2025-10-30 19:14:13,2025-10-30 19:15:16,8,9,72,63,343,0
171A_1029_R1,171,inbound,Borella,1,2025-10-29 17:05:00,2025-10-29 17:06:28,23,5,93,88,428,1
103H_1029_R2,103,inbound,Punchi Borella,0,2025-10-29 12:41:54,2025-10-29 12:42:36,1,8,14,42,353,0
144E_1031_R1,144,inbound,Maradana,0,2025-10-31 06:46:26,2025-10-31 06:47:25,8,9,34,59,374,0
171H_1031_R1,171,inbound,Welikada,0,2025-10-31 10:36:14,2025-10-31 10:36:57,10,3,59,43,620,0
144A_1030_R1,144,outbound,Fort,1,2025-10-30 12:24:00,2025-10-30 12:24:50,10,5,28,50,463,0
144H_1030_R1,144,inbound,Fort,1,2025-10-30 07:30:28,2025-10-30 07:31:24,9,5,60,56,386,1
103A_1030_R1,103,inbound,Maradana,1,2025-10-30 09:48:09,2025-10-30 09:49:21,11,11,32,72,455,0
171E_1027_R1,171,inbound,Battaramulla,0,2025-10-27 07:17:14,2025-10-27 07:18:15,14,3,22,61,532,1
103G_1025_R1,103,inbound,Punchi Borella,0,2025-10-25 12:45:14,2025-10-25 12:46:14,13,2,59,60,356,0
171B_1027_R1,171,outbound,Punchi Borella,0,2025-10-27 09:06:06,2025-10-27 09:06:44,5,4,62,38,383,0
171B_1025_R1,171,outbound,Punchi Borella,0,2025-10-25 09:42:22,2025-10-25 09:43:09,8,5,53,47,616,0
144F_1031_R1,144,outbound,Fort,1,2025-10-31 06:42:00,2025-10-31 06:42:51,13,4,21,51,604,0
144J_1027_R1,144,outbound,Punchi Borella,0,2025-10-27 09:22:30,2025-10-27 09:23:31,8,6,41,61,716,0
103G_1028_R1,103,inbound,Narahenpita,1,2025-10-28 07:07:00,2025-10-28 07:07:51,15,3,32,51,439,1
144F_1028_R2,144,outbound,Borella,1,2025-10-28 08:41:04,2025-10-28 08:42:08,15,8,71,64,549,1
171E_1030_R1,171,outbound,Pettah,0,2025-10-30 17:22:57,2025-10-30 17:24:09,18,1,62,72,414,1
171F_1031_R2,171,inbound,Welikada,0,2025-10-31 06:11:20,2025-10-31 06:12:21,10,4,33,61,576,0
144F_1027_R1,144,outbound,Rajagiriya,1,2025-10-27 08:40:52,2025-10-27 08:41:35,8,5,42,43,322,1
171J_1030_R1,171,outbound,Technical Junction,0,2025-10-30 16:17:55,2025-10-30 16:19:00,14,3,37,65,599,1
171I_1028_R1,171,inbound,Koswatta,1,2025-10-28 07:29:00,2025-10-28 07:29:40,6,5,20,40,459,1
171A_1025_R1,171,outbound,Koswatta,1,2025-10-25 08:03:18,2025-10-25 08:04:26,12,6,112,68,466,1
144I_1025_R2,144,inbound,Fort,1,2025-10-25 07:37:29,2025-10-25 07:38:24,7,8,79,55,444,1
171F_1028_R1,171,outbound,Koswatta,1,2025-10-28 17:12:15,2025-10-28 17:13:18,10,10,87,63,455,1
171H_1029_R1,171,inbound,Punchi Borella,0,2025-10-29 19:15:48,2025-10-29 19:16:26,2,9,65,38,331,0
171B_1026_R2,171,outbound,Koswatta,1,2025-10-26 13:02:27,2025-10-26 13:02:57,4,3,72,30,570,0
171E_1029_R2,171,inbound,Cotta Road,0,2025-10-29 10:36:01,2025-10-29 10:37:20,20,3,55,79,443,0
144H_1029_R2,144,inbound,Borella,0,2025-10-29 19:16:24,2025-10-29 19:17:26,12,4,30,62,404,0
171J_1026_R1,171,outbound,Borella,1,2025-10-26 10:26:06,2025-10-26 10:27:13,13,6,58,67,447,0
171H_1028_R1,171,inbound,Koswatta,1,2025-10-28 20:37:00,2025-10-28 20:37:56,13,1,34,56,427,0
103F_1026_R1,103,inbound,Pettah,0,2025-10-26 18:34:50,2025-10-26 18:36:13,17,7,88,83,245,1
144D_1031_R2,144,outbound,Cotta Road,0,2025-10-31 06:47:59,2025-10-31 06:48:36,4,5,53,37,536,0
103B_1028_R2,103,inbound,Narahenpita,1,2025-10-28 16:37:00,2025-10-28 16:37:58,13,2,36,58,571,1
144C_1026_R1,144,outbound,Fort,1,2025-10-26 09:27:00,2025-10-26 09:27:47,7,3,18,47,420,0
171D_1028_R2,171,outbound,Koswatta,1,2025-10-28 10:01:17,2025-10-28 10:02:05,5,7,47,48,399,0
144I_1027_R1,144,inbound,Cotta Road,0,2025-10-27 16:08:23,2025-10-27 16:09:52,24,5,30,89,369,1
103E_1025_R1,103,outbound,Pettah,0,2025-10-25 19:27:48,2025-10-25 19:28:44,15,2,35,56,461,0
103B_1025_R1,103,outbound,Pettah,0,2025-10-25 07:25:18,2025-10-25 07:26:32,20,4,55,74,559,1
171I_1031_R1,171,inbound,Pettah,0,2025-10-31 08:24:19,2025-10-31 08:25:38,16,7,71,79,297,1
171A_1031_R1,171,inbound,Maradana,0,2025-10-31 09:20:26,2025-10-31 09:21:00,6,1,69,34,283,0
144B_1029_R2,144,outbound,Maradana,0,2025-10-29 16:44:08,2025-10-29 16:45:37,22,5,30,89,442,1
171H_1028_R1,171,inbound,Rajagiriya,0,2025-10-28 20:47:28,2025-10-28 20:48:21,12,5,57,53,427,0
103G_1026_R1,103,outbound,Narahenpita,1,2025-10-26 17:53:18,2025-10-26 17:54:09,9,6,90,51,559,1
171G_1027_R2,171,inbound,Maradana,0,2025-10-27 08:37:59,2025-10-27 08:38:52,2,9,83,53,450,1
171J_1028_R1,171,inbound,Koswatta,1,2025-10-28 17:58:00,2025-10-28 17:59:00,13,3,21,60,413,1
144G_1029_R2,144,inbound,Rajagiriya,1,2025-10-29 18:03:00,2025-10-29 18:04:15,18,4,38,75,224,1
171J_1027_R2,171,outbound,Rajagiriya,0,2025-10-27 16:58:38,2025-10-27 17:00:18,19,16,86,100,337,1
171F_1026_R1,171,inbound,Pettah,0,2025-10-26 18:04:18,2025-10-26 18:05:11,7,7,100,53,256,1
171I_1027_R1,171,inbound,Fort,1,2025-10-27 19:19:05,2025-10-27 19:19:56,5,9,71,51,417,0
171F_1027_R2,171,outbound,Punchi Borella,0,2025-10-27 18:14:40,2025-10-27 18:15:42,12,6,70,62,680,1
103D_1025_R1,103,outbound,Fort,1,2025-10-25 07:16:00,2025-10-25 07:16:56,12,6,21,56,346,1
171G_1030_R2,171,outbound,Technical Junction,0,2025-10-30 13:04:20,2025-10-30 13:05:28,17,5,47,68,525,0
144G_1029_R1,144,outbound,Cotta Road,0,2025-10-29 07:23:40,2025-10-29 07:24:35,9,9,62,55,424,1
171E_1031_R2,171,inbound,Koswatta,1,2025-10-31 14:16:00,2025-10-31 14:17:01,12,3,33,61,586,0
171B_1027_R1,171,outbound,Technical Junction,0,2025-10-27 08:56:32,2025-10-27 08:57:16,8,2,50,44,383,1
171D_1026_R2,171,inbound,Pettah,0,2025-10-26 17:20:49,2025-10-26 17:21:53,13,6,106,64,370,1
171A_1031_R1,171,outbound,Technical Junction,0,2025-10-31 06:44:17,2025-10-31 06:45:22,13,3,51,65,541,0
103A_1025_R1,103,inbound,Punchi Borella,0,2025-10-25 19:35:26,2025-10-25 19:36:12,8,3,34,46,682,0
171J_1031_R2,171,outbound,Battaramulla,0,2025-10-31 17:08:41,2025-10-31 17:09:28,6,5,57,47,270,1
171B_1029_R1,171,outbound,Battaramulla,0,2025-10-29 06:53:38,2025-10-29 06:54:07,2,6,44,29,681,0
103D_1029_R1,103,outbound,Punchi Borella,1,2025-10-29 15:07:45,2025-10-29 15:08:34,7,4,24,49,430,0
144B_1025_R1,144,outbound,Punchi Borella,0,2025-10-25 06:14:27,2025-10-25 06:15:05,8,4,35,38,456,0
144D_1030_R2,144,outbound,Rajagiriya,1,2025-10-30 19:22:40,2025-10-30 19:23:17,5,7,73,37,345,0
171G_1031_R1,171,outbound,Battaramulla,0,2025-10-31 12:43:44,2025-10-31 12:44:31,10,6,56,47,537,0
171B_1030_R1,171,outbound,Borella,1,2025-10-30 06:57:35,2025-10-30 06:58:14,5,5,71,39,223,0
171C_1031_R1,171,inbound,Fort,1,2025-10-31 18:11:06,2025-10-31 18:12:13,9,10,87,67,315,1
171A_1031_R1,171,inbound,Fort,1,2025-10-31 09:36:05,2025-10-31 09:37:01,8,7,68,56,283,0
171I_1027_R1,171,inbound,Borella,1,2025-10-27 18:52:04,2025-10-27 18:53:36,18,10,71,92,417,1
171J_1027_R1,171,inbound,Borella,1,2025-10-27 17:55:45,2025-10-27 17:56:41,15,3,100,56,388,1
144C_1030_R2,144,inbound,Rajagiriya,1,2025-10-30 19:08:00,2025-10-30 19:08:55,10,4,24,55,532,0
171A_1029_R1,171,outbound,Cotta Road,0,2025-10-29 18:41:42,2025-10-29 18:42:48,10,11,119,66,440,1
144E_1025_R1,144,inbound,Fort,1,2025-10-25 20:40:39,2025-10-25 20:41:25,9,5,44,46,528,0
171G_1027_R2,171,inbound,Battaramulla,0,2025-10-27 08:08:22,2025-10-27 08:09:18,13,4,35,56,450,1
171C_1029_R1,171,inbound,Maradana,0,2025-10-29 17:26:21,2025-10-29 17:27:08,7,7,99,47,564,1
171I_1031_R1,171,outbound,Pettah,0,2025-10-31 07:15:00,2025-10-31 07:15:48,7,6,31,48,397,1
171J_1027_R2,171,inbound,Punchi Borella,0,2025-10-27 20:42:43,2025-10-27 20:43:24,8,5,64,41,366,0
171G_1031_R2,171,inbound,Welikada,0,2025-10-31 17:08:13,2025-10-31 17:09:08,13,4,40,55,586,1
171D_1031_R2,171,inbound,Battaramulla,0,2025-10-31 20:10:02,2025-10-31 20:10:54,10,5,39,52,374,0
144J_1030_R2,144,outbound,Punchi Borella,0,2025-10-30 11:07:08,2025-10-30 11:07:58,11,5,45,50,603,0
171F_1031_R1,171,outbound,Rajagiriya,0,2025-10-31 18:22:30,2025-10-31 18:23:17,10,4,92,47,478,1
144A_1026_R1,144,outbound,Punchi Borella,0,2025-10-26 07:13:43,2025-10-26 07:15:09,22,4,42,86,675,1
171I_1030_R1,171,outbound,Battaramulla,0,2025-10-30 09:28:50,2025-10-30 09:29:32,7,6,62,42,284,0
171C_1031_R1,171,outbound,Cotta Road,0,2025-10-31 10:17:36,2025-10-31 10:18:34,9,7,78,58,366,0
171C_1028_R1,171,outbound,Koswatta,1,2025-10-28 07:59:10,2025-10-28 07:59:53,8,4,95,43,596,1
171E_1026_R1,171,inbound,Welikada,0,2025-10-26 06:56:55,2025-10-26 06:57:46,12,2,38,51,430,0
171B_1029_R2,171,inbound,Welikada,0,2025-10-29 12:53:21,2025-10-29 12:54:25,15,5,42,64,360,0
171D_1025_R1,171,inbound,Punchi Borella,0,2025-10-25 10:39:20,2025-10-25 10:40:17,8,5,62,57,586,0
144G_1026_R1,144,outbound,Punchi Borella,0,2025-10-26 09:58:00,2025-10-26 09:58:55,10,2,45,55,590,0
144H_1026_R1,144,outbound,Punchi Borella,0,2025-10-26 19:00:15,2025-10-26 19:01:25,13,4,38,70,604,0
171B_1031_R1,171,inbound,Fort,1,2025-10-31 17:35:37,2025-10-31 17:36:34,7,13,100,57,494,1
144F_1025_R1,144,outbound,Fort,1,2025-10-25 08:02:00,2025-10-25 08:02:32,5,4,32,32,382,1
103A_1030_R1,103,outbound,Fort,1,2025-10-30 16:39:00,2025-10-30 16:40:00,14,3,15,60,180,1
171E_1028_R1,171,outbound,Battaramulla,0,2025-10-28 10:04:41,2025-10-28 10:05:23,4,6,32,42,456,0
144F_1029_R1,144,outbound,Punchi Borella,0,2025-10-29 06:15:00,2025-10-29 06:15:37,6,2,33,37,338,0
171J_1025_R1,171,outbound,Technical Junction,0,2025-10-25 10:22:02,2025-10-25 10:23:15,12,3,39,73,180,0
144B_1027_R1,144,outbound,Rajagiriya,1,2025-10-27 19:22:42,2025-10-27 19:23:38,8,7,33,56,395,0
103F_1028_R1,103,outbound,Fort,1,2025-10-28 18:56:00,2025-10-28 18:57:00,13,4,32,60,583,1
103B_1027_R1,103,outbound,Punchi Borella,1,2025-10-27 10:51:52,2025-10-27 10:53:13,19,7,52,81,400,0
171E_1026_R1,171,outbound,Fort,1,2025-10-26 06:35:00,2025-10-26 06:36:00,15,4,22,60,425,0
103G_1028_R1,103,inbound,Punchi Borella,0,2025-10-28 07:17:46,2025-10-28 07:18:13,2,3,50,27,439,1
103E_1031_R2,103,inbound,Maradana,1,2025-10-31 07:52:48,2025-10-31 07:54:11,16,9,47,83,416,1
103D_1025_R1,103,outbound,Maradana,0,2025-10-25 07:27:35,2025-10-25 07:28:00,4,2,25,25,346,1
144F_1031_R1,144,inbound,Fort,1,2025-10-31 08:17:59,2025-10-31 08:18:57,15,6,59,58,549,1
144A_1029_R2,144,outbound,Punchi Borella,0,2025-10-29 18:24:03,2025-10-29 18:25:16,16,7,67,73,786,1
171F_1030_R1,171,outbound,Cotta Road,0,2025-10-30 16:37:49,2025-10-30 16:38:33,7,8,60,44,673,1
103A_1031_R1,103,inbound,Maradana,1,2025-10-31 12:45:06,2025-10-31 12:46:04,8,9,35,58,435,0
144C_1026_R1,144,inbound,Punchi Borella,1,2025-10-26 09:37:16,2025-10-26 09:38:20,15,8,27,64,499,0
103B_1026_R2,103,inbound,Fort,1,2025-10-26 11:00:54,2025-10-26 11:01:51,10,7,67,57,506,0
171H_1027_R1,171,outbound,Welikada,0,2025-10-27 13:28:42,2025-10-27 13:29:50,11,7,45,68,242,0
144D_1026_R2,144,inbound,Cotta Road,0,2025-10-26 07:08:14,2025-10-26 07:09:06,8,3,23,52,371,1
144I_1031_R1,144,inbound,Cotta Road,0,2025-10-31 08:27:21,2025-10-31 08:28:00,10,0,53,39,324,1
144H_1030_R1,144,outbound,Maradana,0,2025-10-30 17:59:49,2025-10-30 18:00:53,17,4,48,64,621,1
144I_1027_R1,144,outbound,Maradana,0,2025-10-27 07:01:18,2025-10-27 07:02:11,14,2,24,53,539,1
171F_1029_R1,171,inbound,Punchi Borella,0,2025-10-29 10:10:00,2025-10-29 10:10:35,7,4,60,35,502,0
144C_1027_R2,144,outbound,Maradana,0,2025-10-27 08:24:11,2025-10-27 08:25:19,18,3,49,68,584,1
144F_1026_R1,144,outbound,Cotta Road,0,2025-10-26 17:51:22,2025-10-26 17:52:21,11,6,57,59,382,1
171G_1030_R1,171,inbound,Cotta Road,0,2025-10-30 17:46:21,2025-10-30 17:47:29,16,3,74,68,525,1
171H_1026_R1,171,outbound,Punchi Borella,0,2025-10-26 09:06:12,2025-10-26 09:06:54,11,4,63,42,514,0
103A_1029_R1,103,outbound,Borella,0,2025-10-29 07:54:21,2025-10-29 07:55:57,19,13,71,96,551,1
171A_1025_R1,171,outbound,Technical Junction,0,2025-10-25 07:26:09,2025-10-25 07:26:54,11,3,70,45,466,1
144J_1027_R2,144,inbound,Cotta Road,0,2025-10-27 16:09:36,2025-10-27 16:10:33,13,2,26,57,555,1
103I_1025_R1,103,inbound,Borella,0,2025-10-25 19:20:54,2025-10-25 19:21:51,15,1,36,57,701,0
171J_1028_R1,171,inbound,Welikada,0,2025-10-28 18:08:15,2025-10-28 18:09:18,13,4,43,63,413,1
171E_1030_R2,171,outbound,Borella,1,2025-10-30 17:06:28,2025-10-30 17:07:50,17,9,94,82,395,1
144E_1025_R2,144,inbound,Fort,1,2025-10-25 17:38:15,2025-10-25 17:39:09,6,10,34,54,513,1
144A_1029_R2,144,outbound,Cotta Road,0,2025-10-29 18:33:33,2025-10-29 18:34:13,9,5,85,40,786,1
103A_1029_R1,103,inbound,Narahenpita,1,2025-10-29 16:35:00,2025-10-29 16:36:12,12,6,23,72,539,1
171F_1028_R1,171,inbound,Maradana,0,2025-10-28 11:21:57,2025-10-28 11:22:41,4,7,55,44,337,0
171C_1027_R1,171,inbound,Welikada,0,2025-10-27 07:38:37,2025-10-27 07:39:46,17,2,41,69,540,1
103J_1026_R2,103,outbound,Fort,1,2025-10-26 10:16:00,2025-10-26 10:16:50,11,5,23,50,443,0
103I_1030_R1,103,outbound,Narahenpita,1,2025-10-30 10:49:10,2025-10-30 10:50:04,8,7,53,54,382,0
171C_1025_R1,171,inbound,Maradana,0,2025-10-25 08:31:13,2025-10-25 08:32:33,10,10,89,80,400,1
171G_1029_R1,171,inbound,Koswatta,1,2025-10-29 08:21:00,2025-10-29 08:22:05,16,1,33,65,466,1
103J_1030_R1,103,outbound,Maradana,0,2025-10-30 16:13:17,2025-10-30 16:14:49,23,6,65,92,314,1
171I_1025_R1,171,outbound,Punchi Borella,0,2025-10-25 10:54:37,2025-10-25 10:55:42,13,5,46,65,560,0
144B_1029_R1,144,inbound,Borella,0,2025-10-29 16:20:40,2025-10-29 16:21:54,18,2,56,74,550,1
144J_1029_R1,144,outbound,Rajagiriya,1,2025-10-29 16:50:27,2025-10-29 16:51:32,12,7,83,65,420,1
171C_1028_R1,171,inbound,Pettah,0,2025-10-28 08:52:33,2025-10-28 08:53:49,14,8,84,76,402,1
144H_1029_R2,144,outbound,Borella,1,2025-10-29 07:47:55,2025-10-29 07:48:55,8,10,43,60,376,1
171G_1029_R1,171,outbound,Technical Junction,0,2025-10-29 08:31:26,2025-10-29 08:32:24,12,5,36,58,548,1
171G_1031_R1,171,inbound,Battaramulla,0,2025-10-31 16:05:36,2025-10-31 16:06:35,16,3,33,59,650,1
171G_1029_R1,171,outbound,Maradana,0,2025-10-29 08:39:51,2025-10-29 08:40:46,17,3,50,55,548,1
171D_1027_R1,171,outbound,Technical Junction,0,2025-10-27 07:23:42,2025-10-27 07:24:48,12,6,33,66,519,1
171G_1030_R1,171,inbound,Welikada,0,2025-10-30 17:34:13,2025-10-30 17:35:22,14,5,50,69,525,1
171C_1025_R1,171,outbound,Welikada,0,2025-10-25 09:33:39,2025-10-25 09:34:25,8,3,62,46,423,0
103F_1027_R1,103,inbound,Fort,1,2025-10-27 17:48:04,2025-10-27 17:49:04,9,10,36,60,566,1
171G_1030_R1,171,inbound,Maradana,0,2025-10-30 18:02:34,2025-10-30 18:03:10,7,2,84,36,525,1
144G_1029_R2,144,outbound,Rajagiriya,1,2025-10-29 19:41:23,2025-10-29 19:42:23,8,9,30,60,596,0
144I_1027_R1,144,outbound,Fort,1,2025-10-27 06:56:00,2025-10-27 06:56:40,7,3,12,40,539,0
171C_1029_R1,171,inbound,Punchi Borella,0,2025-10-29 17:23:30,2025-10-29 17:24:22,10,5,99,52,564,1
171E_1031_R1,171,outbound,Punchi Borella,0,2025-10-31 17:17:59,2025-10-31 17:19:28,23,6,75,89,553,1
144F_1028_R2,144,inbound,Fort,1,2025-10-28 08:06:02,2025-10-28 08:06:52,6,9,66,50,493,1
103D_1031_R1,103,inbound,Narahenpita,1,2025-10-31 17:14:00,2025-10-31 17:15:03,13,4,24,63,627,1
144G_1027_R2,144,inbound,Punchi Borella,1,2025-10-27 07:56:56,2025-10-27 07:58:23,16,13,50,87,382,1
103J_1030_R1,103,outbound,Pettah,0,2025-10-30 16:10:03,2025-10-30 16:11:11,19,3,48,68,314,1
171D_1030_R1,171,inbound,Punchi Borella,0,2025-10-30 10:32:23,2025-10-30 10:33:32,10,9,97,69,611,0
171A_1025_R1,171,inbound,Maradana,0,2025-10-25 08:12:35,2025-10-25 08:13:26,10,4,81,51,598,1
144B_1030_R2,144,inbound,Rajagiriya,1,2025-10-30 09:31:00,2025-10-30 09:31:47,5,4,21,47,329,0
171C_1026_R2,171,outbound,Pettah,0,2025-10-26 17:02:32,2025-10-26 17:03:15,9,1,18,43,335,1
171G_1025_R1,171,inbound,Fort,1,2025-10-25 18:38:52,2025-10-25 18:39:54,4,9,107,62,292,1
103G_1025_R1,103,outbound,Fort,1,2025-10-25 17:58:00,2025-10-25 17:58:56,13,3,14,56,233,1
103A_1025_R2,103,inbound,Maradana,1,2025-10-25 16:16:20,2025-10-25 16:17:46,17,6,38,86,431,1
144A_1025_R1,144,inbound,Punchi Borella,1,2025-10-25 17:54:07,2025-10-25 17:54:57,7,7,64,50,349,1
171I_1026_R1,171,inbound,Rajagiriya,0,2025-10-26 19:21:48,2025-10-26 19:22:16,3,5,22,28,746,0
171I_1030_R2,171,inbound,Battaramulla,0,2025-10-30 07:23:45,2025-10-30 07:24:32,10,4,41,47,637,1
171C_1031_R1,171,outbound,Welikada,0,2025-10-31 10:25:02,2025-10-31 10:25:53,10,6,79,51,366,0
171D_1028_R1,171,outbound,Maradana,0,2025-10-28 08:50:50,2025-10-28 08:51:56,15,4,76,66,456,1
103E_1028_R1,103,outbound,Punchi Borella,1,2025-10-28 10:51:39,2025-10-28 10:52:28,12,5,35,49,671,0
103F_1031_R1,103,outbound,Punchi Borella,1,2025-10-31 07:18:13,2025-10-31 07:19:02,10,4,61,49,485,1
103I_1030_R1,103,outbound,Maradana,0,2025-10-30 10:30:44,2025-10-30 10:31:32,7,3,50,48,382,0
103E_1027_R1,103,outbound,Pettah,0,2025-10-27 17:08:39,2025-10-27 17:10:09,22,4,47,90,425,1
171H_1026_R1,171,inbound,Cotta Road,0,2025-10-26 10:55:59,2025-10-26 10:56:49,12,4,50,50,588,0
103D_1029_R2,103,inbound,Borella,0,2025-10-29 07:53:22,2025-10-29 07:54:02,7,2,38,40,466,1
171J_1027_R1,171,outbound,Maradana,0,2025-10-27 06:31:00,2025-10-27 06:31:57,10,4,25,57,548,0
144C_1026_R1,144,inbound,Fort,1,2025-10-26 09:45:29,2025-10-26 09:46:28,6,10,25,59,499,0
103D_1027_R2,103,inbound,Maradana,1,2025-10-27 18:25:17,2025-10-27 18:25:51,9,0,53,34,667,1
103C_1027_R1,103,outbound,Maradana,0,2025-10-27 08:11:41,2025-10-27 08:12:40,13,4,51,59,180,1
103C_1031_R1,103,inbound,Maradana,1,2025-10-31 07:52:25,2025-10-31 07:53:21,11,2,62,56,471,1
171C_1025_R2,171,outbound,Cotta Road,0,2025-10-25 19:37:53,2025-10-25 19:38:54,8,12,43,61,686,0
171G_1030_R2,171,outbound,Pettah,0,2025-10-30 12:59:25,2025-10-30 13:00:25,10,3,35,60,525,0
144A_1028_R1,144,outbound,Fort,1,2025-10-28 17:47:00,2025-10-28 17:47:41,11,1,11,41,556,1
144H_1029_R2,144,inbound,Punchi Borella,1,2025-10-29 19:21:42,2025-10-29 19:23:07,14,8,36,85,404,0
144E_1027_R1,144,outbound,Punchi Borella,0,2025-10-27 16:28:35,2025-10-27 16:29:37,19,2,79,62,546,1
144B_1031_R2,144,outbound,Maradana,0,2025-10-31 09:25:01,2025-10-31 09:25:34,6,0,33,33,670,0
144A_1030_R1,144,outbound,Borella,1,2025-10-30 12:40:55,2025-10-30 12:41:54,9,7,51,59,463,0
144H_1025_R1,144,outbound,Cotta Road,0,2025-10-25 19:27:45,2025-10-25 19:28:36,3,8,18,51,510,0
171C_1025_R1,171,inbound,Technical Junction,0,2025-10-25 08:34:38,2025-10-25 08:35:58,16,4,101,80,400,1
171G_1030_R1,171,outbound,Rajagiriya,0,2025-10-30 18:17:52,2025-10-30 18:19:06,15,6,97,74,496,1
103F_1030_R1,103,inbound,Pettah,0,2025-10-30 07:49:50,2025-10-30 07:50:51,14,4,40,61,520,1
171B_1031_R1,171,outbound,Pettah,0,2025-10-31 20:51:24,2025-10-31 20:52:28,16,3,47,64,503,0
103E_1030_R1,103,outbound,Maradana,0,2025-10-30 18:18:31,2025-10-30 18:19:40,16,4,31,69,271,1
171E_1026_R1,171,outbound,Welikada,0,2025-10-26 07:11:28,2025-10-26 07:12:29,6,11,48,61,425,1
144H_1029_R1,144,inbound,Rajagiriya,1,2025-10-29 07:27:00,2025-10-29 07:28:00,13,4,26,60,487,1
171E_1030_R1,171,inbound,Cotta Road,0,2025-10-30 08:20:28,2025-10-30 08:21:29,18,2,52,61,342,1
103G_1027_R2,103,inbound,Punchi Borella,0,2025-10-27 18:10:01,2025-10-27 18:10:26,5,1,63,25,364,1
171E_1030_R2,171,outbound,Punchi Borella,0,2025-10-30 17:03:15,2025-10-30 17:04:13,16,0,86,58,395,1
103H_1029_R1,103,outbound,Borella,0,2025-10-29 07:22:24,2025-10-29 07:23:01,6,5,73,37,785,1
171D_1029_R2,171,outbound,Koswatta,1,2025-10-29 19:59:27,2025-10-29 20:00:26,6,10,29,59,530,0
171C_1025_R1,171,outbound,Borella,1,2025-10-25 09:17:45,2025-10-25 09:18:48,11,7,57,63,423,0
171C_1028_R1,171,outbound,Punchi Borella,0,2025-10-28 07:28:59,2025-10-28 07:30:31,22,6,80,92,596,1
171G_1027_R1,171,outbound,Koswatta,1,2025-10-27 20:44:17,2025-10-27 20:44:44,3,5,56,27,382,0
144C_1026_R2,144,inbound,Borella,0,2025-10-26 10:06:38,2025-10-26 10:07:23,9,4,38,45,591,0
103D_1029_R1,103,outbound,Maradana,0,2025-10-29 15:00:22,2025-10-29 15:01:15,11,3,21,53,430,0
103A_1026_R1,103,outbound,Borella,0,2025-10-26 06:27:03,2025-10-26 06:27:42,5,7,44,39,331,0
103G_1028_R1,103,outbound,Maradana,0,2025-10-28 16:39:19,2025-10-28 16:41:05,31,5,67,106,289,1
171G_1029_R1,171,outbound,Rajagiriya,0,2025-10-29 08:59:39,2025-10-29 09:00:33,11,5,78,54,548,1
171H_1030_R1,171,inbound,Rajagiriya,0,2025-10-30 12:56:50,2025-10-30 12:57:51,13,6,35,61,571,0
171G_1027_R2,171,inbound,Pettah,0,2025-10-27 08:46:28,2025-10-27 08:47:27,5,11,73,59,450,1
171J_1029_R1,171,outbound,Battaramulla,0,2025-10-29 17:24:34,2025-10-29 17:25:15,3,8,63,41,493,1
171C_1025_R2,171,outbound,Welikada,0,2025-10-25 19:46:03,2025-10-25 19:46:41,6,5,41,38,686,0
144I_1027_R1,144,inbound,Fort,1,2025-10-27 16:31:54,2025-10-27 16:33:09,10,8,60,75,369,1
103D_1031_R1,103,outbound,Fort,1,2025-10-31 17:01:00,2025-10-31 17:01:49,10,4,21,49,577,1
144E_1028_R1,144,outbound,Maradana,0,2025-10-28 17:11:45,2025-10-28 17:13:04,17,6,43,79,521,1
144D_1027_R1,144,inbound,Borella,0,2025-10-27 08:30:05,2025-10-27 08:30:53,11,2,62,48,521,1
171I_1031_R1,171,inbound,Rajagiriya,0,2025-10-31 07:53:56,2025-10-31 07:54:28,5,2,47,32,297,1
171I_1029_R1,171,outbound,Cotta Road,0,2025-10-29 21:09:12,2025-10-29 21:09:48,6,4,74,36,530,0
103J_1027_R2,103,inbound,Narahenpita,1,2025-10-27 09:02:00,2025-10-27 09:02:50,15,0,15,50,655,0
171J_1028_R2,171,outbound,Technical Junction,0,2025-10-28 17:37:47,2025-10-28 17:39:01,16,6,57,74,583,1
171B_1028_R2,171,inbound,Punchi Borella,0,2025-10-28 10:37:48,2025-10-28 10:38:25,3,4,56,37,700,0
103J_1028_R1,103,inbound,Maradana,1,2025-10-28 10:47:16,2025-10-28 10:48:11,7,5,25,55,305,0
103B_1027_R2,103,outbound,Fort,1,2025-10-27 06:35:00,2025-10-27 06:35:53,7,4,23,53,511,0
171D_1029_R2,171,inbound,Punchi Borella,0,2025-10-29 07:52:26,2025-10-29 07:53:38,13,10,102,72,492,1
144A_1029_R1,144,inbound,Cotta Road,0,2025-10-29 16:09:31,2025-10-29 16:11:02,19,8,33,91,540,1
103G_1027_R2,103,inbound,Fort,1,2025-10-27 18:33:05,2025-10-27 18:33:58,9,7,75,53,364,1
171A_1028_R1,171,outbound,Rajagiriya,0,2025-10-28 17:30:31,2025-10-28 17:31:35,10,5,102,64,617,1
144F_1031_R1,144,inbound,Rajagiriya,1,2025-10-31 07:59:00,2025-10-31 07:59:34,11,5,12,34,549,1
144A_1025_R2,144,outbound,Punchi Borella,0,2025-10-25 13:08:50,2025-10-25 13:09:28,11,0,57,38,629,0
103D_1025_R1,103,inbound,Pettah,0,2025-10-25 06:32:12,2025-10-25 06:32:58,7,6,28,46,561,0
103J_1027_R1,103,inbound,Pettah,0,2025-10-27 20:55:54,2025-10-27 20:56:56,10,4,53,62,473,0
171D_1026_R2,171,inbound,Battaramulla,0,2025-10-26 16:49:49,2025-10-26 16:51:15,23,4,49,86,370,1
171G_1028_R1,171,outbound,Rajagiriya,0,2025-10-28 10:46:20,2025-10-28 10:47:09,3,6,63,49,363,0
144G_1031_R1,144,inbound,Borella,0,2025-10-31 06:22:48,2025-10-31 06:23:52,14,3,27,64,523,0
171E_1027_R1,171,inbound,Punchi Borella,0,2025-10-27 07:40:39,2025-10-27 07:41:50,13,7,58,71,532,1
144A_1027_R2,144,outbound,Rajagiriya,1,2025-10-27 06:27:08,2025-10-27 06:28:08,9,7,35,60,437,0
103F_1027_R1,103,inbound,Maradana,1,2025-10-27 17:38:04,2025-10-27 17:38:46,7,6,32,42,566,1
171H_1026_R1,171,outbound,Pettah,0,2025-10-26 08:53:28,2025-10-26 08:54:17,11,4,34,49,514,1
171D_1025_R1,171,inbound,Maradana,0,2025-10-25 10:44:55,2025-10-25 10:45:48,7,7,62,53,586,0
171J_1025_R1,171,outbound,Welikada,0,2025-10-25 10:50:04,2025-10-25 10:51:02,10,9,37,58,180,0
171C_1028_R1,171,outbound,Pettah,0,2025-10-28 07:14:20,2025-10-28 07:15:16,15,3,42,56,596,1
103I_1025_R1,103,inbound,Maradana,1,2025-10-25 19:33:01,2025-10-25 19:33:52,3,10,37,51,701,0
171I_1025_R1,171,inbound,Maradana,0,2025-10-25 09:52:39,2025-10-25 09:53:10,6,6,49,31,454,0
144G_1026_R1,144,inbound,Fort,1,2025-10-26 19:33:36,2025-10-26 19:34:33,7,7,46,57,383,0
171I_1029_R1,171,outbound,Fort,1,2025-10-29 20:46:00,2025-10-29 20:46:57,10,3,21,57,530,0
144C_1027_R2,144,inbound,Borella,0,2025-10-27 08:02:18,2025-10-27 08:03:45,23,6,64,87,424,1
144H_1028_R1,144,inbound,Borella,0,2025-10-28 08:13:04,2025-10-28 08:14:20,18,7,57,76,325,1
171B_1026_R1,171,inbound,Cotta Road,0,2025-10-26 16:43:29,2025-10-26 16:45:01,19,5,106,92,359,1
103E_1031_R1,103,inbound,Maradana,1,2025-10-31 16:36:19,2025-10-31 16:37:35,16,8,30,76,528,1
171J_1027_R1,171,inbound,Punchi Borella,0,2025-10-27 17:59:55,2025-10-27 18:00:49,9,5,104,54,388,1
103E_1026_R1,103,outbound,Punchi Borella,1,2025-10-26 13:14:11,2025-10-26 13:15:22,16,4,42,71,557,0
144J_1027_R1,144,outbound,Fort,1,2025-10-27 09:17:00,2025-10-27 09:17:43,9,2,30,43,716,0
103D_1028_R2,103,inbound,Narahenpita,1,2025-10-28 19:48:00,2025-10-28 19:48:44,8,4,26,44,577,0
171C_1028_R1,171,outbound,Technical Junction,0,2025-10-28 07:18:20,2025-10-28 07:19:30,13,7,48,70,596,1
144E_1028_R1,144,outbound,Fort,1,2025-10-28 17:07:00,2025-10-28 17:08:05,17,4,32,65,521,1
171J_1028_R2,171,outbound,Koswatta,1,2025-10-28 18:11:45,2025-10-28 18:12:49,12,6,94,64,583,1
144J_1031_R1,144,inbound,Maradana,0,2025-10-31 10:27:54,2025-10-31 10:28:33,9,2,40,39,515,0
103C_1030_R1,103,outbound,Borella,0,2025-10-30 07:53:23,2025-10-30 07:54:30,17,5,54,67,601,1
171H_1031_R1,171,inbound,Punchi Borella,0,2025-10-31 11:01:12,2025-10-31 11:02:12,7,6,92,60,620,0
171J_1025_R1,171,inbound,Pettah,0,2025-10-25 18:29:07,2025-10-25 18:29:50,12,2,95,43,513,1
171G_1030_R2,171,outbound,Cotta Road,0,2025-10-30 13:26:56,2025-10-30 13:27:40,4,7,60,44,525,0
171C_1026_R1,171,outbound,Pettah,0,2025-10-26 08:01:06,2025-10-26 08:02:01,13,1,21,55,471,1
171D_1025_R1,171,outbound,Welikada,0,2025-10-25 09:12:33,2025-10-25 09:13:21,9,5,114,48,536,0
171H_1026_R1,171,outbound,Maradana,0,2025-10-26 09:01:55,2025-10-26 09:02:44,11,0,56,49,514,0
144J_1029_R1,144,inbound,Fort,1,2025-10-29 19:16:56,2025-10-29 19:17:39,6,9,54,43,353,0
171F_1030_R1,171,outbound,Fort,1,2025-10-30 16:10:00,2025-10-30 16:11:01,19,0,26,61,673,1
144F_1025_R1,144,inbound,Fort,1,2025-10-25 07:41:41,2025-10-25 07:42:55,13,7,96,74,666,1
103D_1026_R2,103,outbound,Maradana,0,2025-10-26 07:58:36,2025-10-26 07:59:13,9,2,58,37,503,1
171D_1026_R1,171,outbound,Punchi Borella,0,2025-10-26 18:07:19,2025-10-26 18:08:46,20,2,80,87,529,1
171I_1028_R1,171,inbound,Rajagiriya,0,2025-10-28 07:41:55,2025-10-28 07:43:25,25,3,67,90,459,1
171H_1025_R1,171,inbound,Fort,1,2025-10-25 15:00:21,2025-10-25 15:01:13,5,10,75,52,565,0
171B_1025_R1,171,inbound,Pettah,0,2025-10-25 17:11:50,2025-10-25 17:12:50,8,6,104,60,345,1
103J_1031_R1,103,inbound,Punchi Borella,0,2025-10-31 16:52:16,2025-10-31 16:53:17,12,3,44,61,485,1
103A_1031_R2,103,outbound,Maradana,0,2025-10-31 16:39:11,2025-10-31 16:40:06,7,6,28,55,530,1
144H_1031_R1,144,inbound,Borella,0,2025-10-31 17:32:23,2025-10-31 17:33:40,20,5,74,77,482,1
144D_1027_R2,144,inbound,Cotta Road,0,2025-10-27 18:19:13,2025-10-27 18:20:17,13,5,45,64,353,1
144A_1027_R1,144,inbound,Cotta Road,0,2025-10-27 16:10:32,2025-10-27 16:11:52,23,2,69,80,603,1
103D_1026_R1,103,inbound,Fort,1,2025-10-26 10:28:16,2025-10-26 10:28:48,3,7,29,32,440,0
171A_1029_R1,171,inbound,Cotta Road,0,2025-10-29 16:58:18,2025-10-29 16:59:22,13,4,75,64,428,1
171A_1025_R1,171,outbound,Punchi Borella,0,2025-10-25 07:36:06,2025-10-25 07:36:54,12,5,85,48,466,1
171J_1031_R1,171,inbound,Fort,1,2025-10-31 18:31:56,2025-10-31 18:33:13,17,6,92,77,528,1
171J_1030_R1,171,outbound,Cotta Road,0,2025-10-30 16:39:46,2025-10-30 16:40:26,2,4,51,40,599,1
171D_1028_R1,171,inbound,Borella,1,2025-10-28 06:25:43,2025-10-28 06:26:23,9,3,85,40,494,0
171E_1028_R2,171,inbound,Borella,1,2025-10-28 17:54:34,2025-10-28 17:56:11,23,9,104,97,605,1
171D_1029_R1,171,inbound,Borella,1,2025-10-29 17:05:38,2025-10-29 17:06:42,10,10,53,64,462,1
171E_1026_R1,171,inbound,Fort,1,2025-10-26 07:34:55,2025-10-26 07:35:33,11,2,91,38,430,1
171H_1030_R1,171,outbound,Pettah,0,2025-10-30 16:26:03,2025-10-30 16:26:33,5,4,22,30,228,1
103J_1026_R2,103,outbound,Punchi Borella,1,2025-10-26 10:33:29,2025-10-26 10:34:32,11,6,42,63,443,0
144G_1027_R1,144,outbound,Cotta Road,0,2025-10-27 07:53:12,2025-10-27 07:53:56,6,5,58,44,597,1
144J_1029_R1,144,outbound,Cotta Road,0,2025-10-29 16:45:06,2025-10-29 16:46:16,17,5,78,70,420,1
171A_1028_R1,171,inbound,Welikada,0,2025-10-28 07:11:05,2025-10-28 07:12:12,14,6,56,67,279,1
144G_1028_R2,144,outbound,Cotta Road,0,2025-10-28 17:16:50,2025-10-28 17:17:51,8,14,57,61,553,1
171E_1030_R1,171,inbound,Punchi Borella,0,2025-10-30 08:34:19,2025-10-30 08:35:06,6,6,58,47,342,1
144G_1027_R1,144,outbound,Fort,1,2025-10-27 07:34:00,2025-10-27 07:35:05,13,4,26,65,597,1
171A_1030_R1,171,outbound,Pettah,0,2025-10-30 09:12:33,2025-10-30 09:13:43,18,5,37,70,342,0
144G_1031_R1,144,outbound,Fort,1,2025-10-31 10:29:00,2025-10-31 10:30:13,16,4,23,73,379,0
103D_1027_R2,103,inbound,Narahenpita,1,2025-10-27 18:10:00,2025-10-27 18:10:39,8,3,19,39,667,1
103I_1028_R1,103,outbound,Borella,0,2025-10-28 12:36:21,2025-10-28 12:37:11,6,8,64,50,575,0
103H_1025_R2,103,outbound,Punchi Borella,1,2025-10-25 11:00:25,2025-10-25 11:01:34,12,6,37,69,588,0
171G_1026_R2,171,inbound,Pettah,0,2025-10-26 15:22:57,2025-10-26 15:24:00,8,9,54,63,503,0
144H_1030_R1,144,inbound,Borella,0,2025-10-30 07:15:16,2025-10-30 07:16:21,16,5,43,65,386,1
103D_1028_R1,103,inbound,Punchi Borella,0,2025-10-28 07:44:22,2025-10-28 07:45:11,9,7,69,49,429,1
171J_1031_R2,171,inbound,Fort,1,2025-10-31 08:49:51,2025-10-31 08:51:07,13,10,71,76,434,1
171I_1029_R2,171,inbound,Battaramulla,0,2025-10-29 18:14:22,2025-10-29 18:15:34,22,1,39,72,288,1
171C_1029_R1,171,inbound,Borella,1,2025-10-29 17:20:21,2025-10-29 17:21:31,10,7,94,70,564,1
144D_1029_R1,144,inbound,Punchi Borella,1,2025-10-29 17:45:40,2025-10-29 17:47:14,25,5,85,94,518,1
103I_1030_R2,103,inbound,Punchi Borella,0,2025-10-30 10:00:52,2025-10-30 10:01:18,1,3,38,26,539,0
171C_1026_R1,171,outbound,Rajagiriya,0,2025-10-26 08:27:31,2025-10-26 08:28:46,10,12,50,75,471,1
103H_1030_R1,103,inbound,Maradana,1,2025-10-30 19:31:21,2025-10-30 19:32:47,17,11,21,86,385,0
171I_1030_R1,171,inbound,Maradana,0,2025-10-30 16:54:08,2025-10-30 16:55:20,15,7,97,72,361,1
171A_1027_R1,171,inbound,Rajagiriya,0,2025-10-27 09:10:45,2025-10-27 09:11:23,7,5,49,38,524,0
103J_1025_R2,103,inbound,Pettah,0,2025-10-25 08:15:09,2025-10-25 08:16:00,5,8,87,51,261,1
144G_1028_R1,144,outbound,Fort,1,2025-10-28 08:40:00,2025-10-28 08:40:49,11,5,22,49,596,1
171E_1029_R2,171,inbound,Fort,1,2025-10-29 11:06:45,2025-10-29 11:07:35,3,6,46,50,443,0
171G_1029_R1,171,inbound,Cotta Road,0,2025-10-29 08:40:22,2025-10-29 08:41:36,16,4,70,74,466,1
171H_1030_R1,171,outbound,Borella,1,2025-10-30 16:50:48,2025-10-30 16:52:23,24,6,81,95,228,1
171H_1026_R1,171,inbound,Technical Junction,0,2025-10-26 11:16:12,2025-10-26 11:17:03,6,8,52,51,588,0
103B_1030_R1,103,outbound,Maradana,0,2025-10-30 07:18:00,2025-10-30 07:19:00,10,5,61,60,344,1
171J_1030_R1,171,inbound,Koswatta,1,2025-10-30 10:20:00,2025-10-30 10:20:50,10,4,28,50,228,0
144J_1029_R1,144,outbound,Punchi Borella,0,2025-10-29 16:32:51,2025-10-29 16:33:47,14,3,68,56,420,1
171H_1025_R1,171,inbound,Maradana,0,2025-10-25 14:45:09,2025-10-25 14:45:39,4,4,80,30,565,0
144I_1026_R1,144,outbound,Rajagiriya,1,2025-10-26 20:57:24,2025-10-26 20:58:17,8,10,34,53,492,0
171J_1030_R2,171,outbound,Technical Junction,0,2025-10-30 19:22:10,2025-10-30 19:23:06,10,4,21,56,673,0
144A_1028_R1,144,outbound,Punchi Borella,0,2025-10-28 17:55:40,2025-10-28 17:57:02,20,6,34,82,556,1
144A_1025_R1,144,inbound,Fort,1,2025-10-25 18:04:12,2025-10-25 18:05:14,12,8,66,62,349,1
103H_1026_R2,103,outbound,Punchi Borella,1,2025-10-26 08:16:32,2025-10-26 08:17:42,12,9,40,70,478,1
103E_1029_R1,103,inbound,Punchi Borella,0,2025-10-29 07:54:12,2025-10-29 07:54:52,7,3,42,40,591,1
171J_1031_R1,171,inbound,Battaramulla,0,2025-10-31 17:44:58,2025-10-31 17:46:13,18,5,25,75,528,1
171A_1028_R1,171,outbound,Fort,1,2025-10-28 16:54:00,2025-10-28 16:54:59,15,3,36,59,617,1
171D_1029_R2,171,inbound,Fort,1,2025-10-29 08:10:14,2025-10-29 08:11:25,12,8,105,71,492,1
171J_1025_R1,171,inbound,Battaramulla,0,2025-10-25 17:52:53,2025-10-25 17:54:02,16,4,35,69,513,1
144C_1025_R2,144,inbound,Rajagiriya,1,2025-10-25 19:12:00,2025-10-25 19:13:01,13,2,33,61,571,0
144G_1025_R1,144,inbound,Borella,0,2025-10-25 20:38:14,2025-10-25 20:39:15,8,5,37,61,266,0
144H_1031_R1,144,inbound,Punchi Borella,1,2025-10-31 17:36:52,2025-10-31 17:38:19,19,9,84,87,482,1
171F_1031_R2,171,inbound,Koswatta,1,2025-10-31 06:02:00,2025-10-31 06:02:49,10,3,22,49,576,0
171A_1027_R1,171,inbound,Battaramulla,0,2025-10-27 08:58:18,2025-10-27 08:59:48,24,5,36,90,524,1
103J_1029_R1,103,inbound,Maradana,1,2025-10-29 08:07:35,2025-10-29 08:09:20,23,10,55,105,363,1
103H_1028_R1,103,outbound,Punchi Borella,1,2025-10-28 19:00:38,2025-10-28 19:01:42,12,7,74,64,417,0
171B_1029_R1,171,inbound,Rajagiriya,0,2025-10-29 07:39:37,2025-10-29 07:40:54,22,5,49,77,378,1
171G_1027_R1,171,inbound,Borella,1,2025-10-27 07:41:49,2025-10-27 07:43:25,22,7,77,96,271,1
103D_1027_R1,103,inbound,Pettah,0,2025-10-27 17:51:56,2025-10-27 17:52:56,9,8,53,60,470,1
171A_1030_R1,171,inbound,Pettah,0,2025-10-30 07:15:43,2025-10-30 07:16:45,11,7,71,62,655,1
171C_1025_R1,171,inbound,Welikada,0,2025-10-25 08:05:16,2025-10-25 08:05:58,11,6,40,42,400,1
171B_1031_R1,171,outbound,Rajagiriya,0,2025-10-31 21:20:48,2025-10-31 21:21:30,10,6,75,42,503,0
171G_1029_R1,171,outbound,Cotta Road,0,2025-10-29 08:54:18,2025-10-29 08:55:14,10,3,72,56,548,1
103D_1027_R1,103,inbound,Punchi Borella,0,2025-10-27 17:39:37,2025-10-27 17:40:50,17,6,45,73,470,1
144F_1029_R2,144,outbound,Cotta Road,0,2025-10-29 20:29:33,2025-10-29 20:30:29,7,6,50,56,532,0
103J_1030_R1,103,inbound,Fort,1,2025-10-30 09:44:19,2025-10-30 09:44:47,4,2,38,28,308,0
171I_1029_R1,171,inbound,Cotta Road,0,2025-10-29 18:12:17,2025-10-29 18:13:45,16,8,116,88,490,1
144A_1029_R1,144,outbound,Borella,1,2025-10-29 08:16:29,2025-10-29 08:18:12,27,6,80,103,587,1
171B_1025_R1,171,outbound,Fort,1,2025-10-25 09:29:00,2025-10-25 09:29:45,9,2,31,45,616,0
144I_1025_R2,144,inbound,Cotta Road,0,2025-10-25 07:21:09,2025-10-25 07:22:30,18,5,55,81,444,1
171H_1026_R1,171,outbound,Fort,1,2025-10-26 08:48:00,2025-10-26 08:48:53,15,3,27,53,514,1
144G_1027_R1,144,inbound,Borella,0,2025-10-27 18:40:07,2025-10-27 18:40:36,0,5,38,29,618,1
171F_1031_R1,171,outbound,Welikada,0,2025-10-31 18:29:07,2025-10-31 18:29:55,11,2,101,48,478,1
103J_1025_R2,103,inbound,Punchi Borella,0,2025-10-25 08:04:24,2025-10-25 08:05:42,21,3,78,78,261,1
103F_1027_R1,103,inbound,Narahenpita,1,2025-10-27 17:20:00,2025-10-27 17:20:54,5,6,10,54,566,1
171H_1029_R1,171,inbound,Pettah,0,2025-10-29 19:31:04,2025-10-29 19:31:35,5,4,63,31,331,0
171G_1026_R2,171,inbound,Battaramulla,0,2025-10-26 14:45:20,2025-10-26 14:46:17,13,6,30,57,503,0
171C_1027_R2,171,inbound,Technical Junction,0,2025-10-27 21:04:02,2025-10-27 21:05:00,9,7,53,58,296,0
103D_1029_R2,103,inbound,Pettah,0,2025-10-29 08:06:04,2025-10-29 08:07:10,8,14,58,66,466,1
103J_1026_R1,103,inbound,Maradana,1,2025-10-26 17:17:20,2025-10-26 17:18:24,13,10,49,64,652,1
144G_1026_R1,144,inbound,Borella,0,2025-10-26 19:19:03,2025-10-26 19:19:38,5,2,47,35,383,0
103B_1030_R2,103,outbound,Punchi Borella,1,2025-10-30 12:27:11,2025-10-30 12:28:29,16,6,74,78,643,0
171B_1026_R2,171,outbound,Fort,1,2025-10-26 12:11:00,2025-10-26 12:12:05,13,6,38,65,570,0
144I_1025_R1,144,outbound,Borella,1,2025-10-25 09:11:48,2025-10-25 09:12:25,5,4,37,37,248,0
144D_1028_R1,144,outbound,Rajagiriya,1,2025-10-28 17:53:27,2025-10-28 17:54:12,10,3,69,45,496,1
171C_1027_R1,171,outbound,Punchi Borella,0,2025-10-27 17:01:41,2025-10-27 17:03:07,22,3,87,86,451,1
171G_1025_R1,171,outbound,Battaramulla,0,2025-10-25 07:29:09,2025-10-25 07:30:11,10,7,61,62,519,1
103J_1025_R1,103,outbound,Punchi Borella,1,2025-10-25 18:57:26,2025-10-25 18:58:27,15,4,69,61,429,1
171J_1030_R2,171,outbound,Fort,1,2025-10-30 19:15:00,2025-10-30 19:15:42,8,3,8,42,673,0
171D_1025_R1,171,inbound,Welikada,0,2025-10-25 10:18:21,2025-10-25 10:19:17,12,3,47,56,586,0
171J_1030_R1,171,inbound,Pettah,0,2025-10-30 11:04:01,2025-10-30 11:04:38,1,12,36,37,228,0
171F_1026_R1,171,inbound,Borella,1,2025-10-26 17:43:50,2025-10-26 17:45:07,15,5,86,77,256,1
171B_1029_R1,171,outbound,Maradana,0,2025-10-29 06:26:52,2025-10-29 06:27:40,6,6,51,48,681,0
144B_1026_R1,144,outbound,Maradana,0,2025-10-26 08:37:21,2025-10-26 08:38:37,20,3,37,76,488,1
171H_1029_R2,171,inbound,Punchi Borella,0,2025-10-29 08:40:03,2025-10-29 08:41:03,6,10,82,60,363,1
103I_1026_R1,103,outbound,Borella,0,2025-10-26 14:35:06,2025-10-26 14:35:58,7,7,39,52,531,0
103G_1025_R1,103,outbound,Maradana,0,2025-10-25 18:08:50,2025-10-25 18:09:50,15,2,40,60,233,1
103J_1029_R1,103,inbound,Pettah,0,2025-10-29 08:11:53,2025-10-29 08:12:56,15,7,63,63,363,1
171C_1031_R2,171,inbound,Cotta Road,0,2025-10-31 08:46:28,2025-10-31 08:47:19,15,4,79,51,276,1
144D_1025_R1,144,inbound,Rajagiriya,1,2025-10-25 07:41:00,2025-10-25 07:42:23,19,8,47,83,410,1
171I_1025_R1,171,inbound,Welikada,0,2025-10-25 09:26:22,2025-10-25 09:27:22,10,4,38,60,454,0
103J_1025_R2,103,outbound,Narahenpita,1,2025-10-25 21:05:35,2025-10-25 21:06:25,6,4,33,50,414,0
103B_1031_R2,103,outbound,Punchi Borella,1,2025-10-31 10:29:59,2025-10-31 10:31:13,13,8,43,74,609,0
144G_1030_R1,144,inbound,Punchi Borella,1,2025-10-30 08:52:39,2025-10-30 08:54:09,16,10,29,90,471,1
144A_1031_R1,144,outbound,Fort,1,2025-10-31 16:21:00,2025-10-31 16:22:00,17,3,37,60,553,1
171D_1030_R1,171,outbound,Rajagiriya,0,2025-10-30 19:24:58,2025-10-30 19:25:55,8,6,75,57,343,0
103A_1025_R1,103,inbound,Narahenpita,1,2025-10-25 19:25:00,2025-10-25 19:25:49,11,4,20,49,682,0
103F_1030_R1,103,outbound,Borella,0,2025-10-30 14:39:49,2025-10-30 14:40:30,5,6,36,41,758,0
144F_1025_R1,144,outbound,Borella,1,2025-10-25 08:12:34,2025-10-25 08:13:14,5,5,45,40,382,1
144G_1027_R2,144,inbound,Fort,1,2025-10-27 08:09:46,2025-10-27 08:10:58,10,10,45,72,382,1
103E_1030_R2,103,outbound,Fort,1,2025-10-30 16:38:00,2025-10-30 16:39:09,16,3,29,69,587,1
103F_1029_R1,103,outbound,Narahenpita,1,2025-10-29 18:05:05,2025-10-29 18:06:18,9,12,44,73,370,1
171I_1030_R2,171,inbound,Rajagiriya,0,2025-10-30 07:33:49,2025-10-30 07:35:08,19,5,57,79,637,1
103B_1029_R1,103,inbound,Maradana,1,2025-10-29 06:59:23,2025-10-29 07:00:48,13,11,26,85,545,0
171J_1029_R1,171,inbound,Battaramulla,0,2025-10-29 16:46:47,2025-10-29 16:47:35,5,4,20,48,299,1
144B_1026_R2,144,outbound,Rajagiriya,1,2025-10-26 08:52:32,2025-10-26 08:53:27,4,10,52,55,413,1
144J_1030_R1,144,inbound,Fort,1,2025-10-30 10:31:30,2025-10-30 10:31:51,2,7,36,21,362,0
144J_1025_R1,144,outbound,Borella,1,2025-10-25 10:38:52,2025-10-25 10:40:06,17,6,66,74,782,0
144D_1026_R1,144,outbound,Borella,1,2025-10-26 09:19:58,2025-10-26 09:20:43,5,8,30,45,543,0
103G_1027_R1,103,inbound,Pettah,0,2025-10-27 12:37:02,2025-10-27 12:38:14,6,10,41,72,330,0
171J_1031_R1,171,inbound,Maradana,0,2025-10-31 18:16:54,2025-10-31 18:18:01,14,6,75,67,528,1
144D_1027_R1,144,outbound,Punchi Borella,0,2025-10-27 17:34:00,2025-10-27 17:35:26,20,7,50,86,563,1
103D_1031_R1,103,outbound,Pettah,0,2025-10-31 17:05:06,2025-10-31 17:06:32,16,5,32,86,577,1
144H_1030_R1,144,outbound,Fort,1,2025-10-30 17:54:00,2025-10-30 17:55:13,18,3,35,73,621,1
144G_1028_R1,144,inbound,Maradana,0,2025-10-28 10:15:57,2025-10-28 10:17:06,9,11,36,69,404,0
144D_1026_R2,144,inbound,Maradana,0,2025-10-26 07:19:10,2025-10-26 07:20:06,13,5,45,56,371,1
103E_1029_R1,103,outbound,Maradana,0,2025-10-29 17:17:58,2025-10-29 17:19:01,15,5,36,63,632,1
171D_1026_R1,171,outbound,Fort,1,2025-10-26 17:47:00,2025-10-26 17:48:14,22,2,31,74,529,1
171D_1026_R1,171,inbound,Punchi Borella,0,2025-10-26 09:26:58,2025-10-26 09:27:49,8,8,42,51,356,0
144E_1026_R1,144,inbound,Cotta Road,0,2025-10-26 19:51:26,2025-10-26 19:52:32,13,7,31,66,421,0
171J_1029_R1,171,outbound,Fort,1,2025-10-29 16:41:00,2025-10-29 16:41:56,10,4,15,56,493,1
171C_1029_R2,171,inbound,Pettah,0,2025-10-29 10:30:38,2025-10-29 10:31:36,8,9,75,58,424,0
144C_1031_R2,144,inbound,Cotta Road,0,2025-10-31 17:47:33,2025-10-31 17:48:07,5,4,28,34,360,1
144C_1025_R2,144,inbound,Fort,1,2025-10-25 19:40:01,2025-10-25 19:40:43,5,6,66,42,571,0
103G_1029_R1,103,outbound,Borella,0,2025-10-29 19:31:51,2025-10-29 19:32:32,7,2,52,41,552,0
171D_1027_R1,171,inbound,Battaramulla,0,2025-10-27 16:33:35,2025-10-27 16:34:41,17,1,48,66,668,1
171F_1026_R1,171,outbound,Koswatta,1,2025-10-26 20:12:05,2025-10-26 20:13:11,5,12,62,66,720,0
144C_1027_R1,144,inbound,Cotta Road,0,2025-10-27 18:19:13,2025-10-27 18:20:18,16,2,36,65,769,1
144B_1030_R1,144,outbound,Rajagiriya,1,2025-10-30 09:33:28,2025-10-30 09:33:53,0,6,29,25,679,0
144F_1031_R1,144,inbound,Cotta Road,0,2025-10-31 08:03:07,2025-10-31 08:04:05,19,1,30,58,549,1
171E_1025_R2,171,inbound,Punchi Borella,0,2025-10-25 06:32:19,2025-10-25 06:33:14,8,6,47,55,508,0
171H_1026_R1,171,outbound,Koswatta,1,2025-10-26 09:40:48,2025-10-26 09:41:44,8,9,72,56,514,0
171C_1026_R1,171,inbound,Rajagiriya,0,2025-10-26 06:32:59,2025-10-26 06:34:07,16,2,71,68,504,0
171C_1029_R1,171,outbound,Maradana,0,2025-10-29 07:48:38,2025-10-29 07:50:04,19,6,59,86,596,1
144B_1028_R1,144,inbound,Maradana,0,2025-10-28 11:12:01,2025-10-28 11:12:43,3,7,56,42,408,0
103I_1031_R1,103,inbound,Pettah,0,2025-10-31 18:20:39,2025-10-31 18:21:39,11,8,65,60,434,1
171H_1027_R1,171,inbound,Pettah,0,2025-10-27 07:22:48,2025-10-27 07:24:10,12,9,65,82,571,1
171F_1027_R1,171,inbound,Borella,1,2025-10-27 10:13:21,2025-10-27 10:14:21,12,6,70,60,265,0
103J_1030_R1,103,inbound,Narahenpita,1,2025-10-30 09:19:00,2025-10-30 09:19:47,6,5,8,47,308,0
171B_1030_R1,171,outbound,Technical Junction,0,2025-10-30 06:43:38,2025-10-30 06:44:07,5,3,59,29,223,0
171G_1026_R1,171,inbound,Welikada,0,2025-10-26 08:03:47,2025-10-26 08:04:34,13,5,70,47,486,1
171B_1027_R1,171,outbound,Koswatta,1,2025-10-27 09:31:50,2025-10-27 09:32:32,1,8,56,42,383,0
171F_1025_R1,171,inbound,Rajagiriya,0,2025-10-25 08:08:32,2025-10-25 08:09:18,5,6,60,46,565,1
171B_1030_R1,171,inbound,Koswatta,1,2025-10-30 19:20:00,2025-10-30 19:20:46,12,3,25,46,546,0
103F_1027_R1,103,outbound,Borella,0,2025-10-27 15:16:00,2025-10-27 15:16:58,9,6,28,58,290,0
144B_1029_R1,144,outbound,Fort,1,2025-10-29 19:08:00,2025-10-29 19:08:48,11,4,23,48,694,0
171D_1031_R2,171,outbound,Technical Junction,0,2025-10-31 11:07:32,2025-10-31 11:08:09,6,4,36,37,363,0
103A_1026_R1,103,inbound,Punchi Borella,0,2025-10-26 06:37:58,2025-10-26 06:38:39,9,3,44,41,663,0
103I_1029_R2,103,outbound,Fort,1,2025-10-29 09:32:00,2025-10-29 09:33:01,13,4,20,61,459,0
171F_1026_R1,171,outbound,Punchi Borella,0,2025-10-26 19:41:51,2025-10-26 19:42:44,10,5,50,53,720,0
171G_1029_R1,171,outbound,Punchi Borella,0,2025-10-29 08:45:30,2025-10-29 08:46:25,15,5,60,55,548,1
171B_1027_R1,171,inbound,Punchi Borella,0,2025-10-27 07:02:15,2025-10-27 07:02:51,5,10,48,36,324,1
144F_1026_R1,144,outbound,Maradana,0,2025-10-26 17:34:29,2025-10-26 17:36:06,27,4,55,97,382,1
144J_1027_R1,144,inbound,Borella,0,2025-10-27 16:21:11,2025-10-27 16:22:08,16,4,41,57,359,1
171E_1030_R1,171,inbound,Battaramulla,0,2025-10-30 08:01:32,2025-10-30 08:02:44,16,4,30,72,342,1
103E_1027_R1,103,outbound,Fort,1,2025-10-27 17:05:00,2025-10-27 17:06:27,24,5,29,87,425,1
103B_1029_R1,103,outbound,Borella,0,2025-10-29 17:06:23,2025-10-29 17:07:49,13,12,67,86,371,1
171D_1028_R2,171,outbound,Maradana,0,2025-10-28 09:30:07,2025-10-28 09:30:58,9,2,51,51,399,0
144F_1030_R1,144,inbound,Fort,1,2025-10-30 06:29:23,2025-10-30 06:30:01,6,6,54,38,561,0
171E_1028_R1,171,outbound,Pettah,0,2025-10-28 09:32:08,2025-10-28 09:32:57,12,3,20,49,456,0
171B_1027_R1,171,outbound,Cotta Road,0,2025-10-27 09:16:03,2025-10-27 09:16:43,5,10,60,40,383,0
171D_1026_R2,171,inbound,Technical Junction,0,2025-10-26 17:18:48,2025-10-26 17:19:19,2,4,99,31,370,1
144D_1026_R2,144,inbound,Rajagiriya,1,2025-10-26 07:05:00,2025-10-26 07:05:26,0,3,18,26,371,1
171D_1031_R2,171,outbound,Cotta Road,0,2025-10-31 11:25:30,2025-10-31 11:26:16,7,8,62,46,363,0
103H_1028_R1,103,inbound,Maradana,1,2025-10-28 08:25:39,2025-10-28 08:26:27,10,4,74,48,490,1
144G_1031_R1,144,inbound,Punchi Borella,1,2025-10-31 06:27:55,2025-10-31 06:28:56,11,3,35,61,523,0
171B_1026_R1,171,inbound,Rajagiriya,0,2025-10-26 16:36:49,2025-10-26 16:38:03,14,7,92,74,359,1
171B_1025_R1,171,inbound,Fort,1,2025-10-25 17:17:58,2025-10-25 17:18:56,9,9,104,58,345,1
171H_1027_R1,171,outbound,Pettah,0,2025-10-27 12:56:01,2025-10-27 12:56:48,11,1,23,47,242,0
171G_1026_R2,171,inbound,Cotta Road,0,2025-10-26 14:58:50,2025-10-26 14:59:49,13,5,62,59,503,0
171D_1027_R2,171,inbound,Technical Junction,0,2025-10-27 11:01:48,2025-10-27 11:02:53,11,6,80,65,438,0
171J_1027_R2,171,inbound,Rajagiriya,0,2025-10-27 20:30:09,2025-10-27 20:31:11,11,4,55,62,366,0
171C_1029_R1,171,outbound,Punchi Borella,0,2025-10-29 07:53:57,2025-10-29 07:55:19,19,5,73,82,596,1
171B_1027_R1,171,outbound,Rajagiriya,0,2025-10-27 09:18:35,2025-10-27 09:19:31,7,5,62,56,383,0
144I_1026_R2,144,outbound,Maradana,0,2025-10-26 14:46:34,2025-10-26 14:47:22,11,4,20,48,396,0
171F_1031_R1,171,inbound,Battaramulla,0,2025-10-31 20:48:08,2025-10-31 20:48:58,12,3,28,50,377,0
144G_1030_R2,144,outbound,Cotta Road,0,2025-10-30 07:09:05,2025-10-30 07:10:09,10,7,51,64,311,1
171G_1028_R2,171,outbound,Technical Junction,0,2025-10-28 07:57:26,2025-10-28 07:58:28,12,4,64,62,378,1
103C_1029_R1,103,outbound,Pettah,0,2025-10-29 09:30:24,2025-10-29 09:31:18,10,3,16,54,287,0
103H_1026_R1,103,outbound,Maradana,0,2025-10-26 12:13:13,2025-10-26 12:14:07,7,5,41,54,650,0
171C_1027_R1,171,outbound,Technical Junction,0,2025-10-27 16:51:23,2025-10-27 16:52:43,18,5,59,80,451,1
171J_1027_R1,171,inbound,Technical Junction,0,2025-10-27 18:07:57,2025-10-27 18:09:01,13,6,113,64,388,1
171A_1028_R2,171,inbound,Welikada,0,2025-10-28 16:15:30,2025-10-28 16:16:34,17,2,39,64,371,1
171G_1031_R1,171,inbound,Punchi Borella,0,2025-10-31 16:31:42,2025-10-31 16:32:55,7,11,81,73,650,1
171J_1026_R2,171,outbound,Technical Junction,0,2025-10-26 10:01:45,2025-10-26 10:02:45,17,3,37,60,481,0
144F_1031_R2,144,outbound,Fort,1,2025-10-31 17:53:00,2025-10-31 17:54:00,17,2,41,60,356,1
103C_1025_R2,103,outbound,Pettah,0,2025-10-25 17:30:05,2025-10-25 17:30:59,15,3,43,54,399,1
103F_1029_R2,103,outbound,Punchi Borella,1,2025-10-29 07:07:34,2025-10-29 07:09:02,17,7,49,88,497,1
171E_1028_R1,171,outbound,Rajagiriya,0,2025-10-28 09:57:10,2025-10-28 09:58:05,5,9,35,55,456,0
171C_1025_R1,171,inbound,Koswatta,1,2025-10-25 07:56:00,2025-10-25 07:56:26,4,3,17,26,400,1
103D_1029_R1,103,inbound,Borella,0,2025-10-29 13:05:19,2025-10-29 13:06:14,12,2,34,55,497,0
171J_1030_R2,171,outbound,Maradana,0,2025-10-30 19:27:41,2025-10-30 19:28:28,9,2,28,47,673,0
171B_1025_R1,171,outbound,Battaramulla,0,2025-10-25 10:07:09,2025-10-25 10:07:47,8,5,55,38,616,0
144B_1026_R2,144,inbound,Cotta Road,0,2025-10-26 07:19:32,2025-10-26 07:20:35,14,4,33,63,424,1
171A_1025_R1,171,inbound,Rajagiriya,0,2025-10-25 07:53:28,2025-10-25 07:55:05,24,5,57,97,598,1
144C_1028_R2,144,outbound,Fort,1,2025-10-28 17:25:00,2025-10-28 17:25:58,16,3,25,58,344,1
144G_1028_R2,144,inbound,Punchi Borella,1,2025-10-28 10:53:26,2025-10-28 10:54:25,10,9,37,59,508,0
171J_1025_R2,171,outbound,Rajagiriya,0,2025-10-25 08:32:49,2025-10-25 08:33:52,15,6,122,63,410,1
103F_1027_R2,103,outbound,Borella,0,2025-10-27 08:21:42,2025-10-27 08:22:33,6,4,87,51,575,1
144F_1029_R2,144,outbound,Maradana,0,2025-10-29 20:13:37,2025-10-29 20:14:23,9,2,35,46,532,0
144B_1028_R2,144,inbound,Rajagiriya,1,2025-10-28 12:28:00,2025-10-28 12:28:26,6,2,17,26,575,0
144G_1030_R1,144,outbound,Fort,1,2025-10-30 19:19:00,2025-10-30 19:19:50,11,4,31,50,569,0
171B_1027_R2,171,outbound,Battaramulla,0,2025-10-27 17:43:29,2025-10-27 17:44:36,8,14,110,67,491,1
144I_1027_R1,144,outbound,Cotta Road,0,2025-10-27 07:15:28,2025-10-27 07:16:35,13,6,60,67,539,1
171A_1027_R1,171,outbound,Punchi Borella,0,2025-10-27 20:50:21,2025-10-27 20:51:26,16,2,45,65,502,0
171A_1028_R1,171,outbound,Welikada,0,2025-10-28 17:37:22,2025-10-28 17:38:21,9,7,104,59,617,1
144F_1026_R2,144,inbound,Fort,1,2025-10-26 08:18:47,2025-10-26 08:20:06,7,13,59,79,598,1
144A_1025_R1,144,outbound,Fort,1,2025-10-25 17:51:00,2025-10-25 17:52:29,21,4,33,89,515,1
171B_1027_R1,171,outbound,Battaramulla,0,2025-10-27 09:29:33,2025-10-27 09:30:20,6,6,63,47,383,0
103E_1025_R2,103,outbound,Pettah,0,2025-10-25 07:12:16,2025-10-25 07:13:10,16,4,55,54,501,1
103E_1029_R1,103,outbound,Narahenpita,1,2025-10-29 17:31:28,2025-10-29 17:32:31,11,9,58,63,632,1
171B_1030_R1,171,outbound,Rajagiriya,0,2025-10-30 07:07:15,2025-10-30 07:08:18,9,12,61,63,223,1
144I_1029_R1,144,inbound,Rajagiriya,1,2025-10-29 16:52:00,2025-10-29 16:53:29,21,5,40,89,630,1
171A_1029_R1,171,inbound,Maradana,0,2025-10-29 17:18:01,2025-10-29 17:19:04,5,12,84,63,428,1
171J_1025_R1,171,inbound,Borella,1,2025-10-25 18:09:07,2025-10-25 18:10:01,13,4,78,54,513,1
171G_1027_R1,171,outbound,Rajagiriya,0,2025-10-27 20:31:48,2025-10-27 20:32:29,8,2,64,41,382,0
103B_1031_R2,103,inbound,Borella,0,2025-10-31 10:00:03,2025-10-31 10:01:00,13,4,14,57,647,0
144B_1028_R2,144,inbound,Maradana,0,2025-10-28 12:45:49,2025-10-28 12:46:40,10,3,41,51,575,0
144H_1026_R1,144,inbound,Maradana,0,2025-10-26 19:03:58,2025-10-26 19:05:06,11,8,44,68,459,0
144C_1028_R2,144,inbound,Borella,0,2025-10-28 18:01:04,2025-10-28 18:01:57,11,3,62,53,410,1
171G_1028_R1,171,inbound,Welikada,0,2025-10-28 18:51:38,2025-10-28 18:52:32,15,4,50,54,444,1
171I_1026_R1,171,outbound,Maradana,0,2025-10-26 09:33:44,2025-10-26 09:34:24,10,2,59,40,476,0
144C_1029_R2,144,outbound,Punchi Borella,0,2025-10-29 08:05:08,2025-10-29 08:05:43,6,3,55,35,607,1
103H_1027_R1,103,outbound,Narahenpita,1,2025-10-27 08:21:07,2025-10-27 08:22:06,13,4,55,59,642,1
144C_1027_R2,144,outbound,Borella,1,2025-10-27 08:35:59,2025-10-27 08:37:14,14,9,68,75,584,1
144B_1029_R1,144,outbound,Maradana,0,2025-10-29 19:10:50,2025-10-29 19:11:55,19,3,39,65,694,0
103F_1026_R1,103,inbound,Borella,0,2025-10-26 18:17:48,2025-10-26 18:18:46,14,2,46,58,245,1
171A_1031_R1,171,outbound,Punchi Borella,0,2025-10-31 06:54:09,2025-10-31 06:54:47,9,2,65,38,541,0
144D_1026_R1,144,outbound,Punchi Borella,0,2025-10-26 09:16:00,2025-10-26 09:16:40,8,3,33,40,543,0
171D_1027_R2,171,inbound,Battaramulla,0,2025-10-27 10:28:02,2025-10-27 10:28:49,6,4,47,47,438,0
103G_1027_R2,103,inbound,Narahenpita,1,2025-10-27 17:56:00,2025-10-27 17:57:12,14,4,40,72,364,1
144E_1025_R2,144,inbound,Cotta Road,0,2025-10-25 17:19:30,2025-10-25 17:20:43,15,7,27,73,513,1
171J_1027_R2,171,outbound,Maradana,0,2025-10-27 16:41:56,2025-10-27 16:43:06,18,3,64,70,337,1
171G_1026_R1,171,outbound,Punchi Borella,0,2025-10-26 19:13:48,2025-10-26 19:14:32,8,4,53,44,447,0
171F_1029_R1,171,outbound,Punchi Borella,0,2025-10-29 16:28:53,2025-10-29 16:29:44,15,2,42,51,566,1
171B_1026_R1,171,inbound,Technical Junction,0,2025-10-26 17:04:52,2025-10-26 17:05:54,11,7,112,62,359,1
144E_1029_R1,144,inbound,Punchi Borella,1,2025-10-29 09:28:11,2025-10-29 09:29:14,13,4,40,63,451,0
103A_1029_R1,103,inbound,Punchi Borella,0,2025-10-29 16:45:29,2025-10-29 16:46:31,14,7,42,62,539,1
103A_1029_R1,103,inbound,Maradana,1,2025-10-29 16:48:31,2025-10-29 16:49:38,13,4,51,67,539,1
144D_1028_R2,144,inbound,Fort,1,2025-10-28 08:37:14,2025-10-28 08:38:22,10,14,40,68,362,1
171D_1027_R2,171,inbound,Fort,1,2025-10-27 11:11:55,2025-10-27 11:12:50,7,8,84,55,438,0
103B_1028_R1,103,inbound,Borella,0,2025-10-28 09:26:11,2025-10-28 09:27:07,13,4,45,56,483,0
103D_1029_R1,103,inbound,Narahenpita,1,2025-10-29 12:58:00,2025-10-29 12:59:06,13,4,24,66,497,0
103H_1029_R2,103,inbound,Pettah,0,2025-10-29 12:52:19,2025-10-29 12:53:13,7,7,10,54,353,0
144A_1027_R1,144,inbound,Punchi Borella,1,2025-10-27 16:21:45,2025-10-27 16:23:38,29,7,103,113,603,1
103H_1028_R2,103,outbound,Punchi Borella,1,2025-10-28 18:33:22,2025-10-28 18:34:56,22,8,70,94,462,1
171D_1027_R1,171,inbound,Fort,1,2025-10-27 17:19:31,2025-10-27 17:21:02,17,12,84,91,668,1
171D_1029_R2,171,inbound,Borella,1,2025-10-29 07:47:26,2025-10-29 07:48:58,22,7,99,92,492,1
103B_1030_R1,103,outbound,Punchi Borella,1,2025-10-30 07:23:02,2025-10-30 07:23:41,7,5,63,39,344,1
144C_1028_R2,144,outbound,Punchi Borella,0,2025-10-28 17:33:41,2025-10-28 17:34:42,14,5,55,61,344,1
144D_1027_R1,144,inbound,Maradana,0,2025-10-27 08:41:13,2025-10-27 08:41:59,7,4,76,46,521,1
171E_1029_R1,171,outbound,Maradana,0,2025-10-29 08:56:00,2025-10-29 08:56:52,16,1,71,52,376,1
171F_1030_R1,171,inbound,Technical Junction,0,2025-10-30 06:42:48,2025-10-30 06:43:35,3,8,51,47,499,0
103H_1030_R1,103,outbound,Borella,0,2025-10-30 18:28:47,2025-10-30 18:29:44,11,6,88,57,537,1
103J_1028_R1,103,inbound,Punchi Borella,0,2025-10-28 10:43:01,2025-10-28 10:43:56,12,3,23,55,305,0
171D_1026_R2,171,inbound,Punchi Borella,0,2025-10-26 17:10:18,2025-10-26 17:11:31,13,7,97,73,370,1
171G_1028_R1,171,inbound,Koswatta,1,2025-10-28 18:40:00,2025-10-28 18:41:05,16,3,26,65,444,1
171B_1027_R1,171,inbound,Koswatta,1,2025-10-27 06:31:00,2025-10-27 06:32:10,17,4,21,70,324,0
171D_1026_R2,171,outbound,Fort,1,2025-10-26 06:09:00,2025-10-26 06:09:51,13,1,33,51,555,0
144C_1031_R2,144,outbound,Rajagiriya,1,2025-10-31 08:57:28,2025-10-31 08:58:19,7,5,82,51,535,1
171H_1030_R1,171,inbound,Pettah,0,2025-10-30 13:23:39,2025-10-30 13:24:17,5,6,52,38,571,0
171B_1029_R1,171,inbound,Maradana,0,2025-10-29 08:02:18,2025-10-29 08:03:22,11,6,77,64,378,1
144B_1029_R1,144,inbound,Cotta Road,0,2025-10-29 16:16:39,2025-10-29 16:17:10,2,3,40,31,550,1
103B_1027_R1,103,inbound,Punchi Borella,0,2025-10-27 17:24:01,2025-10-27 17:24:56,14,2,45,55,617,1
144B_1031_R2,144,inbound,Cotta Road,0,2025-10-31 07:27:20,2025-10-31 07:28:03,9,2,18,43,460,1
171F_1029_R1,171,inbound,Maradana,0,2025-10-29 10:13:33,2025-10-29 10:14:22,7,6,61,49,502,0
144C_1027_R1,144,inbound,Punchi Borella,1,2025-10-27 18:30:54,2025-10-27 18:32:14,18,4,63,80,769,1
171G_1027_R2,171,inbound,Borella,1,2025-10-27 08:27:14,2025-10-27 08:28:05,14,3,95,51,450,1
103E_1025_R1,103,inbound,Narahenpita,1,2025-10-25 07:38:00,2025-10-25 07:39:35,25,6,37,95,503,1
171D_1025_R1,171,inbound,Koswatta,1,2025-10-25 10:11:00,2025-10-25 10:11:47,10,3,29,47,586,0
171J_1030_R1,171,outbound,Rajagiriya,0,2025-10-30 16:45:01,2025-10-30 16:45:52,8,8,51,51,599,1
171F_1027_R1,171,outbound,Rajagiriya,0,2025-10-27 11:06:50,2025-10-27 11:07:11,7,0,54,21,443,0
171D_1028_R2,171,outbound,Punchi Borella,0,2025-10-28 09:33:04,2025-10-28 09:33:39,8,5,54,35,399,0
171F_1031_R1,171,outbound,Koswatta,1,2025-10-31 18:42:57,2025-10-31 18:43:52,9,9,106,55,478,1
103I_1030_R2,103,inbound,Pettah,0,2025-10-30 10:10:36,2025-10-30 10:11:25,6,5,47,49,539,0
144J_1031_R1,144,outbound,Punchi Borella,0,2025-10-31 17:06:13,2025-10-31 17:07:30,18,4,28,77,562,1
144F_1030_R2,144,outbound,Punchi Borella,0,2025-10-30 19:30:51,2025-10-30 19:31:59,13,5,35,68,450,0
171H_1027_R1,171,inbound,Welikada,0,2025-10-27 06:42:36,2025-10-27 06:43:07,2,4,40,31,571,0
171E_1029_R1,171,inbound,Fort,1,2025-10-29 08:28:07,2025-10-29 08:29:11,1,15,70,64,444,1
171G_1030_R1,171,inbound,Battaramulla,0,2025-10-30 17:29:28,2025-10-30 17:29:55,4,2,41,27,525,1
103B_1028_R1,103,inbound,Narahenpita,1,2025-10-28 09:22:00,2025-10-28 09:22:52,12,3,36,52,483,0
171B_1026_R2,171,outbound,Borella,1,2025-10-26 12:36:17,2025-10-26 12:37:19,11,7,74,62,570,0
144D_1025_R1,144,outbound,Rajagiriya,1,2025-10-25 14:53:31,2025-10-25 14:54:06,8,3,54,35,507,0
103B_1029_R1,103,outbound,Maradana,0,2025-10-29 16:54:48,2025-10-29 16:56:14,26,3,55,86,371,1
103B_1025_R2,103,inbound,Borella,0,2025-10-25 07:53:50,2025-10-25 07:55:02,19,3,20,72,593,1
144B_1025_R1,144,inbound,Punchi Borella,1,2025-10-25 16:57:24,2025-10-25 16:58:56,26,5,76,92,509,1
171H_1029_R1,171,inbound,Battaramulla,0,2025-10-29 18:48:24,2025-10-29 18:49:16,12,2,39,52,331,1
171A_1028_R1,171,inbound,Koswatta,1,2025-10-28 06:59:00,2025-10-28 07:00:00,12,4,27,60,279,0
103H_1025_R1,103,inbound,Punchi Borella,0,2025-10-25 09:21:27,2025-10-25 09:22:06,10,2,48,39,524,0
171J_1029_R1,171,inbound,Technical Junction,0,2025-10-29 17:19:44,2025-10-29 17:20:19,5,5,69,35,299,1
144A_1028_R1,144,outbound,Rajagiriya,1,2025-10-28 18:08:01,2025-10-28 18:08:51,10,5,60,50,556,1
103F_1028_R2,103,outbound,Narahenpita,1,2025-10-28 13:00:32,2025-10-28 13:01:09,3,7,29,37,612,0
144G_1026_R2,144,inbound,Borella,0,2025-10-26 16:57:11,2025-10-26 16:58:19,13,7,40,68,541,1
171J_1027_R1,171,outbound,Battaramulla,0,2025-10-27 07:02:53,2025-10-27 07:03:36,5,9,44,43,548,1
171E_1028_R1,171,inbound,Technical Junction,0,2025-10-28 17:40:26,2025-10-28 17:41:32,11,8,78,66,271,1
144J_1029_R2,144,outbound,Borella,1,2025-10-29 17:30:59,2025-10-29 17:31:51,10,3,67,52,658,1
171H_1029_R1,171,inbound,Rajagiriya,0,2025-10-29 19:02:04,2025-10-29 19:03:18,15,5,63,74,331,0
171E_1031_R2,171,outbound,Maradana,0,2025-10-31 09:08:26,2025-10-31 09:09:36,17,4,81,70,559,0
144G_1026_R1,144,inbound,Punchi Borella,1,2025-10-26 19:22:39,2025-10-26 19:23:57,9,11,45,78,383,0
103F_1027_R1,103,inbound,Pettah,0,2025-10-27 17:43:08,2025-10-27 17:44:24,14,9,37,76,566,1
171C_1030_R2,171,inbound,Punchi Borella,0,2025-10-30 15:08:49,2025-10-30 15:09:33,6,5,57,44,490,0
144J_1025_R1,144,outbound,Punchi Borella,0,2025-10-25 10:33:39,2025-10-25 10:34:40,15,3,55,61,782,0
144G_1030_R1,144,inbound,Rajagiriya,1,2025-10-30 08:39:00,2025-10-30 08:39:48,7,6,7,48,471,1
103E_1030_R1,103,inbound,Punchi Borella,0,2025-10-30 06:46:41,2025-10-30 06:47:45,17,3,47,64,429,0
144H_1030_R1,144,inbound,Maradana,0,2025-10-30 07:25:32,2025-10-30 07:26:20,12,4,56,48,386,1
144B_1030_R1,144,inbound,Fort,1,2025-10-30 20:10:02,2025-10-30 20:10:50,8,3,47,48,457,0
171B_1031_R1,171,inbound,Welikada,0,2025-10-31 16:57:45,2025-10-31 16:58:40,11,2,50,55,494,1
144E_1027_R1,144,inbound,Rajagiriya,1,2025-10-27 08:58:00,2025-10-27 08:59:02,13,3,33,62,397,1
144F_1025_R2,144,inbound,Fort,1,2025-10-25 17:23:18,2025-10-25 17:24:16,5,11,55,58,501,1
103H_1027_R1,103,inbound,Borella,0,2025-10-27 20:09:30,2025-10-27 20:10:23,11,4,20,53,485,0
171B_1029_R1,171,inbound,Punchi Borella,0,2025-10-29 07:57:10,2025-10-29 07:57:45,4,6,72,35,378,1
103E_1029_R2,103,inbound,Pettah,0,2025-10-29 09:48:17,2025-10-29 09:49:10,7,6,34,53,482,0
171G_1026_R2,171,inbound,Borella,1,2025-10-26 15:02:30,2025-10-26 15:03:21,6,10,58,51,503,0
103D_1031_R1,103,inbound,Fort,1,2025-10-31 17:42:19,2025-10-31 17:43:32,12,9,66,73,627,1
171E_1028_R1,171,inbound,Koswatta,1,2025-10-28 16:56:00,2025-10-28 16:56:59,12,5,31,59,271,1
171H_1025_R1,171,inbound,Battaramulla,0,2025-10-25 14:15:49,2025-10-25 14:16:50,15,2,54,61,565,0
171C_1029_R1,171,inbound,Battaramulla,0,2025-10-29 17:02:23,2025-10-29 17:03:54,27,2,49,91,564,1
103B_1026_R2,103,inbound,Borella,0,2025-10-26 10:43:20,2025-10-26 10:44:17,12,3,39,57,506,0
103B_1025_R1,103,outbound,Punchi Borella,1,2025-10-25 07:38:13,2025-10-25 07:39:39,16,7,73,86,559,1
103J_1030_R1,103,inbound,Borella,0,2025-10-30 09:23:19,2025-10-30 09:24:01,9,4,13,42,308,0
103I_1025_R2,103,inbound,Borella,0,2025-10-25 16:05:38,2025-10-25 16:07:19,33,3,42,101,498,1
144G_1031_R1,144,inbound,Cotta Road,0,2025-10-31 06:17:51,2025-10-31 06:18:28,7,2,16,37,523,0
171A_1028_R2,171,inbound,Battaramulla,0,2025-10-28 16:11:42,2025-10-28 16:12:41,15,5,24,59,371,1
103E_1025_R1,103,outbound,Borella,0,2025-10-25 19:42:35,2025-10-25 19:43:13,7,4,51,38,461,0
171B_1026_R2,171,outbound,Punchi Borella,0,2025-10-26 12:30:47,2025-10-26 12:31:42,9,4,70,55,570,0
171H_1028_R2,171,outbound,Welikada,0,2025-10-28 08:48:35,2025-10-28 08:49:15,6,6,92,40,417,1
144A_1025_R2,144,outbound,Fort,1,2025-10-25 12:58:00,2025-10-25 12:58:55,11,2,41,55,629,0
144G_1027_R2,144,outbound,Punchi Borella,0,2025-10-27 19:16:45,2025-10-27 19:17:44,10,5,24,59,462,0
171F_1029_R1,171,inbound,Technical Junction,0,2025-10-29 10:17:57,2025-10-29 10:18:48,9,6,64,51,502,0
103J_1031_R2,103,outbound,Borella,0,2025-10-31 20:24:06,2025-10-31 20:25:06,8,10,43,60,302,0
171F_1030_R1,171,inbound,Pettah,0,2025-10-30 06:47:50,2025-10-30 06:48:37,3,8,46,47,499,0
103D_1025_R2,103,outbound,Borella,0,2025-10-25 19:59:24,2025-10-25 20:00:15,10,6,62,51,553,0
144C_1028_R2,144,outbound,Rajagiriya,1,2025-10-28 17:48:06,2025-10-28 17:49:09,7,13,56,63,344,1
171G_1025_R1,171,inbound,Borella,1,2025-10-25 18:14:20,2025-10-25 18:16:37,37,11,110,137,292,1
103A_1026_R2,103,outbound,Fort,1,2025-10-26 14:03:00,2025-10-26 14:03:33,8,2,28,33,394,0
171G_1027_R1,171,outbound,Technical Junction,0,2025-10-27 20:07:24,2025-10-27 20:08:15,10,3,43,51,382,0
171E_1027_R1,171,outbound,Technical Junction,0,2025-10-27 18:19:10,2025-10-27 18:20:15,12,8,27,65,416,1
171B_1031_R1,171,outbound,Welikada,0,2025-10-31 21:25:22,2025-10-31 21:26:14,8,5,78,52,503,0
144J_1026_R2,144,outbound,Rajagiriya,1,2025-10-26 11:13:00,2025-10-26 11:13:47,7,8,33,47,468,0
103C_1030_R1,103,inbound,Pettah,0,2025-10-30 06:19:07,2025-10-30 06:19:54,4,8,37,47,390,0
171J_1025_R2,171,outbound,Cotta Road,0,2025-10-25 08:29:01,2025-10-25 08:29:42,12,0,113,41,410,1
144B_1027_R2,144,inbound,Rajagiriya,1,2025-10-27 14:19:00,2025-10-27 14:19:38,6,2,21,38,504,0
103D_1029_R2,103,inbound,Narahenpita,1,2025-10-29 07:49:00,2025-10-29 07:50:15,18,4,33,75,466,1
103I_1028_R1,103,inbound,Narahenpita,1,2025-10-28 06:32:00,2025-10-28 06:32:42,9,3,31,42,504,0
171I_1027_R2,171,outbound,Fort,1,2025-10-27 17:16:00,2025-10-27 17:16:52,11,5,20,52,577,1
171G_1028_R2,171,outbound,Borella,1,2025-10-28 08:11:16,2025-10-28 08:12:39,13,11,81,83,378,1
171F_1026_R1,171,inbound,Battaramulla,0,2025-10-26 17:26:50,2025-10-26 17:27:48,16,3,46,58,256,1
144F_1026_R1,144,inbound,Cotta Road,0,2025-10-26 09:30:01,2025-10-26 09:30:55,10,4,28,54,534,0
171H_1025_R1,171,inbound,Koswatta,1,2025-10-25 14:13:00,2025-10-25 14:14:06,16,3,41,66,565,0
171H_1031_R1,171,inbound,Cotta Road,0,2025-10-31 10:49:33,2025-10-31 10:50:28,15,4,80,55,620,0
171B_1026_R1,171,inbound,Maradana,0,2025-10-26 17:01:07,2025-10-26 17:01:54,9,8,108,47,359,1
144G_1026_R2,144,inbound,Punchi Borella,1,2025-10-26 17:01:32,2025-10-26 17:03:03,21,8,53,91,541,1
171I_1027_R1,171,outbound,Fort,1,2025-10-27 07:28:00,2025-10-27 07:28:53,7,6,33,53,203,1
144B_1029_R1,144,outbound,Cotta Road,0,2025-10-29 19:24:02,2025-10-29 19:24:58,9,8,45,56,694,0
103J_1026_R1,103,inbound,Narahenpita,1,2025-10-26 17:02:00,2025-10-26 17:03:18,18,5,38,78,652,1
171E_1029_R1,171,outbound,Koswatta,1,2025-10-29 09:30:08,2025-10-29 09:30:50,7,2,104,42,376,0
171D_1025_R1,171,inbound,Technical Junction,0,2025-10-25 10:47:20,2025-10-25 10:48:04,5,5,62,44,586,0
103H_1029_R1,103,inbound,Narahenpita,1,2025-10-29 07:58:00,2025-10-29 07:58:53,15,0,25,53,550,1
103D_1029_R1,103,outbound,Fort,1,2025-10-29 14:49:00,2025-10-29 14:49:42,3,4,9,42,430,0
144F_1030_R2,144,inbound,Borella,0,2025-10-30 07:37:33,2025-10-30 07:39:02,23,3,52,89,532,1
171C_1026_R1,171,inbound,Fort,1,2025-10-26 07:07:58,2025-10-26 07:08:59,11,8,102,61,504,1
171E_1029_R1,171,inbound,Cotta Road,0,2025-10-29 07:58:20,2025-10-29 07:59:14,14,3,69,54,444,1
144G_1025_R1,144,inbound,Fort,1,2025-10-25 20:52:26,2025-10-25 20:53:19,10,5,41,53,266,0
103D_1028_R1,103,inbound,Narahenpita,1,2025-10-28 07:34:00,2025-10-28 07:34:44,13,0,53,44,429,1
103A_1031_R1,103,outbound,Narahenpita,1,2025-10-31 17:51:39,2025-10-31 17:52:37,5,9,51,58,741,1
103H_1026_R2,103,outbound,Pettah,0,2025-10-26 08:04:23,2025-10-26 08:05:30,18,3,33,67,478,1
103G_1026_R1,103,outbound,Pettah,0,2025-10-26 17:31:06,2025-10-26 17:32:32,25,3,62,86,559,1
144H_1029_R2,144,outbound,Maradana,0,2025-10-29 07:38:08,2025-10-29 07:39:34,25,3,29,86,376,1
103C_1030_R1,103,inbound,Narahenpita,1,2025-10-30 06:04:00,2025-10-30 06:04:56,12,2,36,56,390,0
144B_1027_R1,144,inbound,Fort,1,2025-10-27 18:21:38,2025-10-27 18:22:33,6,9,35,55,505,1
171I_1025_R2,171,outbound,Fort,1,2025-10-25 12:24:00,2025-10-25 12:24:48,10,1,12,48,196,0
103G_1030_R2,103,inbound,Borella,0,2025-10-30 07:34:28,2025-10-30 07:35:19,15,3,21,51,507,1
103D_1030_R1,103,outbound,Maradana,0,2025-10-30 19:01:51,2025-10-30 19:02:42,14,3,63,51,393,0
103J_1025_R2,103,outbound,Fort,1,2025-10-25 20:38:00,2025-10-25 20:38:53,13,0,27,53,414,0
103D_1030_R1,103,inbound,Narahenpita,1,2025-10-30 16:39:00,2025-10-30 16:40:13,12,8,31,73,399,1
103H_1027_R1,103,outbound,Borella,0,2025-10-27 08:16:32,2025-10-27 08:17:35,8,9,46,63,642,1
171H_1026_R1,171,outbound,Rajagiriya,0,2025-10-26 09:26:14,2025-10-26 09:26:54,2,4,72,40,514,0
171A_1028_R1,171,outbound,Battaramulla,0,2025-10-28 17:40:16,2025-10-28 17:41:21,10,13,101,65,617,1
103C_1028_R1,103,inbound,Borella,0,2025-10-28 10:27:43,2025-10-28 10:28:43,10,4,22,60,604,0
144G_1030_R1,144,outbound,Cotta Road,0,2025-10-30 19:37:44,2025-10-30 19:38:38,8,8,50,54,569,0
171G_1025_R1,171,inbound,Battaramulla,0,2025-10-25 17:52:25,2025-10-25 17:53:38,20,3,50,73,292,1
144I_1025_R1,144,inbound,Cotta Road,0,2025-10-25 07:22:27,2025-10-25 07:23:46,18,3,59,79,441,1
144I_1025_R1,144,outbound,Rajagiriya,1,2025-10-25 09:22:33,2025-10-25 09:23:14,8,6,45,41,248,0
171I_1028_R1,171,outbound,Cotta Road,0,2025-10-28 12:49:37,2025-10-28 12:50:40,6,12,53,63,366,0
171E_1029_R1,171,inbound,Battaramulla,0,2025-10-29 07:45:35,2025-10-29 07:46:35,15,4,36,60,444,1
144H_1027_R2,144,inbound,Rajagiriya,1,2025-10-27 09:50:00,2025-10-27 09:50:52,12,2,22,52,501,0
144E_1027_R1,144,inbound,Borella,0,2025-10-27 09:06:58,2025-10-27 09:07:59,13,5,50,61,397,0
171E_1027_R1,171,outbound,Welikada,0,2025-10-27 18:46:15,2025-10-27 18:47:12,5,9,69,57,416,1
103B_1026_R1,103,outbound,Borella,0,2025-10-26 07:43:38,2025-10-26 07:44:31,11,4,66,53,523,1
144I_1028_R1,144,outbound,Fort,1,2025-10-28 06:18:00,2025-10-28 06:19:02,12,5,18,62,488,0
171D_1029_R1,171,outbound,Cotta Road,0,2025-10-29 07:30:07,2025-10-29 07:31:15,8,9,87,68,722,1
171J_1030_R1,171,inbound,Rajagiriya,0,2025-10-30 10:34:55,2025-10-30 10:35:41,9,5,56,46,228,0
171D_1028_R1,171,outbound,Rajagiriya,0,2025-10-28 09:10:38,2025-10-28 09:11:19,5,4,79,41,456,0
103G_1028_R1,103,outbound,Punchi Borella,1,2025-10-28 16:43:17,2025-10-28 16:44:54,23,10,80,97,289,1
171I_1031_R1,171,outbound,Technical Junction,0,2025-10-31 07:19:25,2025-10-31 07:20:40,17,6,42,75,397,1
144J_1027_R1,144,outbound,Cotta Road,0,2025-10-27 09:32:48,2025-10-27 09:33:34,8,9,48,46,716,0
103H_1025_R1,103,inbound,Narahenpita,1,2025-10-25 09:12:00,2025-10-25 09:13:00,14,4,36,60,524,0
103E_1026_R1,103,outbound,Borella,0,2025-10-26 13:18:17,2025-10-26 13:19:12,8,7,43,55,557,0
171B_1029_R2,171,inbound,Borella,1,2025-10-29 13:06:33,2025-10-29 13:07:37,13,8,75,64,360,0
171A_1029_R1,171,outbound,Technical Junction,0,2025-10-29 18:21:51,2025-10-29 18:23:33,24,6,80,102,440,1
171D_1025_R1,171,outbound,Borella,1,2025-10-25 08:55:58,2025-10-25 08:57:48,27,8,99,110,536,1
144G_1030_R1,144,inbound,Fort,1,2025-10-30 09:01:21,2025-10-30 09:02:21,8,9,27,60,471,0
103I_1025_R1,103,outbound,Pettah,0,2025-10-25 19:16:13,2025-10-25 19:17:25,18,5,41,72,467,0
171J_1031_R1,171,outbound,Welikada,0,2025-10-31 12:42:48,2025-10-31 12:43:39,4,6,66,51,522,0
144C_1027_R2,144,inbound,Punchi Borella,1,2025-10-27 08:07:57,2025-10-27 08:09:20,20,7,77,83,424,1
103E_1030_R2,103,outbound,Punchi Borella,1,2025-10-30 16:55:18,2025-10-30 16:56:21,11,10,57,63,587,1
103E_1027_R1,103,inbound,Fort,1,2025-10-27 11:07:03,2025-10-27 11:07:45,1,8,38,42,565,0
171B_1029_R1,171,inbound,Fort,1,2025-10-29 08:19:37,2025-10-29 08:20:42,10,6,86,65,378,1
144F_1027_R1,144,inbound,Cotta Road,0,2025-10-27 08:58:40,2025-10-27 08:59:39,14,5,28,59,467,1
171C_1030_R1,171,outbound,Borella,1,2025-10-30 08:59:44,2025-10-30 09:01:09,19,9,86,85,577,1
103J_1031_R1,103,inbound,Maradana,1,2025-10-31 16:56:29,2025-10-31 16:57:44,14,10,48,75,485,1
103J_1026_R2,103,outbound,Maradana,0,2025-10-26 10:26:29,2025-10-26 10:27:08,6,1,37,39,443,0
103A_1026_R2,103,outbound,Borella,0,2025-10-26 14:21:22,2025-10-26 14:22:18,9,9,49,56,394,0
144F_1029_R1,144,inbound,Maradana,0,2025-10-29 19:27:11,2025-10-29 19:28:02,5,6,38,51,385,0
144H_1027_R1,144,inbound,Cotta Road,0,2025-10-27 18:34:10,2025-10-27 18:35:09,12,4,36,59,280,1
103G_1025_R1,103,inbound,Fort,1,2025-10-25 12:58:47,2025-10-25 12:59:12,2,4,56,25,356,0
171B_1029_R1,171,inbound,Borella,1,2025-10-29 07:51:01,2025-10-29 07:52:53,26,14,74,112,378,1
144I_1025_R1,144,inbound,Rajagiriya,1,2025-10-25 07:15:00,2025-10-25 07:16:10,16,2,44,70,441,1
103H_1027_R1,103,outbound,Punchi Borella,1,2025-10-27 08:12:47,2025-10-27 08:13:45,13,6,47,58,642,1
103C_1025_R2,103,outbound,Borella,0,2025-10-25 17:44:05,2025-10-25 17:45:35,16,10,72,90,399,1
171F_1031_R1,171,inbound,Koswatta,1,2025-10-31 20:44:00,2025-10-31 20:44:51,11,3,19,51,377,0
171I_1025_R2,171,outbound,Borella,1,2025-10-25 12:46:44,2025-10-25 12:47:51,17,6,37,67,196,0
144G_1025_R2,144,inbound,Punchi Borella,1,2025-10-25 07:13:27,2025-10-25 07:14:47,18,6,64,80,549,1
171D_1027_R2,171,inbound,Maradana,0,2025-10-27 10:57:23,2025-10-27 10:58:03,9,4,75,40,438,0
171J_1029_R1,171,outbound,Rajagiriya,0,2025-10-29 17:16:16,2025-10-29 17:16:59,9,5,73,43,493,1
171G_1031_R1,171,inbound,Welikada,0,2025-10-31 16:10:56,2025-10-31 16:12:22,21,4,50,86,650,1
144G_1025_R1,144,inbound,Cotta Road,0,2025-10-25 20:33:01,2025-10-25 20:33:50,10,4,34,49,266,0
103B_1026_R1,103,inbound,Borella,0,2025-10-26 18:51:15,2025-10-26 18:52:32,16,6,47,77,452,1
103G_1028_R1,103,inbound,Maradana,1,2025-10-28 07:23:12,2025-10-28 07:24:34,20,7,63,82,439,1
103B_1029_R1,103,inbound,Borella,0,2025-10-29 06:50:12,2025-10-29 06:51:03,10,5,21,51,545,0
171B_1025_R1,171,inbound,Maradana,0,2025-10-25 17:01:58,2025-10-25 17:03:03,8,9,104,65,345,1
103J_1027_R1,103,inbound,Maradana,1,2025-10-27 20:50:18,2025-10-27 20:51:03,7,3,47,45,473,0
144C_1029_R1,144,inbound,Borella,0,2025-10-29 17:10:43,2025-10-29 17:11:44,14,4,57,61,529,1
171C_1028_R1,171,inbound,Technical Junction,0,2025-10-28 08:46:16,2025-10-28 08:47:09,9,8,78,53,402,1
144J_1028_R1,144,outbound,Punchi Borella,0,2025-10-28 18:05:08,2025-10-28 18:06:22,13,7,34,74,486,1
144G_1025_R2,144,inbound,Rajagiriya,1,2025-10-25 07:00:00,2025-10-25 07:00:43,11,3,33,43,549,1
103B_1025_R2,103,inbound,Maradana,1,2025-10-25 08:03:20,2025-10-25 08:04:41,20,6,53,81,593,1
144I_1026_R1,144,inbound,Punchi Borella,1,2025-10-26 09:37:30,2025-10-26 09:38:02,5,3,38,32,588,0
171H_1026_R1,171,outbound,Cotta Road,0,2025-10-26 09:19:52,2025-10-26 09:20:50,8,9,74,58,514,0
103J_1031_R1,103,inbound,Pettah,0,2025-10-31 17:01:02,2025-10-31 17:01:57,12,6,54,55,485,1
103F_1031_R2,103,inbound,Maradana,1,2025-10-31 19:17:20,2025-10-31 19:18:40,13,8,42,80,566,0
171A_1026_R1,171,inbound,Battaramulla,0,2025-10-26 15:04:35,2025-10-26 15:05:15,8,2,30,40,423,0
171A_1031_R1,171,outbound,Welikada,0,2025-10-31 07:17:37,2025-10-31 07:18:28,10,5,95,51,541,1
144B_1030_R1,144,outbound,Fort,1,2025-10-30 09:10:00,2025-10-30 09:10:40,8,4,30,40,679,0
171F_1025_R1,171,outbound,Maradana,0,2025-10-25 18:28:10,2025-10-25 18:29:00,8,6,39,50,569,1
171G_1030_R2,171,outbound,Welikada,0,2025-10-30 13:39:26,2025-10-30 13:40:21,7,9,58,55,525,0
171D_1027_R2,171,inbound,Rajagiriya,0,2025-10-27 10:36:39,2025-10-27 10:37:20,8,4,51,41,438,0
103E_1027_R2,103,outbound,Pettah,0,2025-10-27 18:12:30,2025-10-27 18:13:08,11,1,40,38,678,1
103A_1031_R2,103,outbound,Narahenpita,1,2025-10-31 16:51:38,2025-10-31 16:52:08,6,3,25,30,530,1
171E_1028_R1,171,outbound,Koswatta,1,2025-10-28 10:06:53,2025-10-28 10:07:59,8,8,32,66,456,0
103E_1028_R1,103,outbound,Fort,1,2025-10-28 10:40:00,2025-10-28 10:40:37,4,4,24,37,671,0
171C_1026_R1,171,outbound,Welikada,0,2025-10-26 08:33:56,2025-10-26 08:34:46,10,4,56,50,471,1
103F_1029_R1,103,inbound,Pettah,0,2025-10-29 14:20:23,2025-10-29 14:21:00,4,6,44,37,523,0
144D_1028_R1,144,inbound,Maradana,0,2025-10-28 10:57:54,2025-10-28 10:58:58,8,8,40,64,571,0
144A_1027_R1,144,outbound,Punchi Borella,0,2025-10-27 18:40:43,2025-10-27 18:41:40,12,6,37,57,545,1
171A_1027_R1,171,inbound,Fort,1,2025-10-27 09:47:47,2025-10-27 09:48:39,5,11,38,52,524,0
103G_1025_R1,103,outbound,Borella,0,2025-10-25 18:20:52,2025-10-25 18:22:04,12,6,34,72,233,1
144D_1028_R2,144,inbound,Borella,0,2025-10-28 08:25:32,2025-10-28 08:26:29,13,4,44,57,362,1
171G_1028_R1,171,outbound,Fort,1,2025-10-28 10:08:00,2025-10-28 10:08:29,0,4,20,29,363,0
144F_1028_R1,144,outbound,Cotta Road,0,2025-10-28 17:19:55,2025-10-28 17:20:53,5,10,59,58,553,1
144E_1026_R2,144,outbound,Maradana,0,2025-10-26 06:54:27,2025-10-26 06:55:24,16,3,39,57,443,0
171G_1027_R2,171,inbound,Technical Junction,0,2025-10-27 08:43:25,2025-10-27 08:44:06,4,8,79,41,450,1
103F_1029_R2,103,outbound,Maradana,0,2025-10-29 07:02:01,2025-10-29 07:02:56,16,0,39,55,497,1
103F_1028_R1,103,inbound,Punchi Borella,0,2025-10-28 19:53:13,2025-10-28 19:54:06,13,5,35,53,240,0
171F_1028_R1,171,inbound,Welikada,0,2025-10-28 10:58:42,2025-10-28 10:59:53,14,6,55,71,337,0
171B_1028_R2,171,inbound,Maradana,0,2025-10-28 10:44:03,2025-10-28 10:44:48,7,5,58,45,700,0
144A_1031_R1,144,inbound,Borella,0,2025-10-31 17:50:49,2025-10-31 17:51:36,7,7,46,47,591,1
171I_1029_R1,171,inbound,Rajagiriya,0,2025-10-29 18:08:19,2025-10-29 18:09:36,16,5,108,77,490,1
171B_1030_R1,171,inbound,Maradana,0,2025-10-30 20:01:49,2025-10-30 20:02:32,5,5,61,43,546,0
144C_1029_R1,144,outbound,Maradana,0,2025-10-29 10:53:43,2025-10-29 10:54:52,14,7,30,69,578,0
103H_1030_R1,103,inbound,Borella,0,2025-10-30 19:21:29,2025-10-30 19:22:12,8,3,8,43,385,0
103D_1029_R1,103,outbound,Narahenpita,1,2025-10-29 15:16:26,2025-10-29 15:17:22,7,9,20,56,430,0
171I_1027_R1,171,inbound,Technical Junction,0,2025-10-27 19:08:26,2025-10-27 19:08:57,4,7,70,31,417,0
144A_1031_R2,144,inbound,Fort,1,2025-10-31 16:40:00,2025-10-31 16:40:45,5,6,60,45,450,1
171D_1027_R1,171,inbound,Borella,1,2025-10-27 16:53:37,2025-10-27 16:54:36,11,7,81,59,668,1
171B_1026_R2,171,inbound,Cotta Road,0,2025-10-26 16:52:23,2025-10-26 16:53:37,21,2,81,74,467,1
103F_1031_R2,103,inbound,Borella,0,2025-10-31 19:07:58,2025-10-31 19:08:42,11,3,29,44,566,0
171E_1031_R2,171,outbound,Welikada,0,2025-10-31 09:33:22,2025-10-31 09:34:13,8,7,96,51,559,0
103H_1029_R1,103,inbound,Maradana,1,2025-10-29 08:09:44,2025-10-29 08:11:16,25,7,62,92,550,1
103G_1030_R2,103,inbound,Narahenpita,1,2025-10-30 07:29:00,2025-10-30 07:29:37,9,0,9,37,507,1
171B_1031_R2,171,inbound,Borella,1,2025-10-31 08:15:36,2025-10-31 08:16:45,15,7,54,69,376,1
171D_1029_R1,171,outbound,Maradana,0,2025-10-29 07:12:22,2025-10-29 07:13:38,24,3,62,76,722,1
103B_1029_R2,103,outbound,Borella,0,2025-10-29 18:41:35,2025-10-29 18:42:30,10,7,47,55,472,1
171F_1029_R1,171,outbound,Maradana,0,2025-10-29 16:23:55,2025-10-29 16:24:37,5,3,29,42,566,1
171C_1029_R1,171,outbound,Rajagiriya,0,2025-10-29 08:06:27,2025-10-29 08:07:37,8,10,75,70,596,1
144J_1026_R1,144,inbound,Cotta Road,0,2025-10-26 08:55:06,2025-10-26 08:56:11,16,2,38,65,520,1
171A_1025_R2,171,inbound,Battaramulla,0,2025-10-25 19:49:41,2025-10-25 19:50:38,10,3,35,57,453,0
144B_1026_R2,144,inbound,Borella,0,2025-10-26 07:25:06,2025-10-26 07:26:12,13,2,44,66,424,1
171E_1027_R1,171,inbound,Koswatta,1,2025-10-27 07:12:00,2025-10-27 07:12:52,11,8,11,52,532,1
171A_1030_R1,171,inbound,Technical Junction,0,2025-10-30 07:11:21,2025-10-30 07:12:12,6,9,67,51,655,1
144H_1026_R2,144,outbound,Maradana,0,2025-10-26 07:22:05,2025-10-26 07:22:53,10,4,56,48,436,1
103F_1030_R1,103,outbound,Maradana,0,2025-10-30 14:28:56,2025-10-30 14:29:51,13,4,34,55,758,0
144A_1028_R2,144,outbound,Maradana,0,2025-10-28 20:02:19,2025-10-28 20:03:22,16,4,33,63,492,0
144C_1029_R1,144,inbound,Rajagiriya,1,2025-10-29 17:03:00,2025-10-29 17:04:00,16,3,39,60,529,1
171I_1026_R1,171,outbound,Borella,1,2025-10-26 09:43:55,2025-10-26 09:44:43,9,4,78,48,476,0
171C_1029_R2,171,outbound,Pettah,0,2025-10-29 06:59:02,2025-10-29 06:59:59,10,4,33,57,514,0
171D_1030_R1,171,outbound,Welikada,0,2025-10-30 19:30:54,2025-10-30 19:31:46,7,6,76,52,343,0
171B_1026_R2,171,inbound,Pettah,0,2025-10-26 17:18:06,2025-10-26 17:19:02,10,6,91,56,467,1
103F_1026_R1,103,inbound,Narahenpita,1,2025-10-26 18:13:00,2025-10-26 18:14:18,18,3,34,78,245,1
103D_1028_R1,103,outbound,Borella,0,2025-10-28 21:12:07,2025-10-28 21:12:36,5,3,52,29,428,0
103F_1031_R1,103,inbound,Narahenpita,1,2025-10-31 17:06:00,2025-10-31 17:06:45,9,2,16,45,489,1
103G_1028_R2,103,inbound,Maradana,1,2025-10-28 09:32:55,2025-10-28 09:34:06,15,4,70,71,423,0
144E_1030_R1,144,outbound,Rajagiriya,1,2025-10-30 10:40:15,2025-10-30 10:40:54,6,2,58,39,626,0
171E_1031_R2,171,inbound,Battaramulla,0,2025-10-31 14:20:49,2025-10-31 14:21:25,5,4,34,36,586,0
171D_1031_R2,171,outbound,Rajagiriya,0,2025-10-31 11:31:23,2025-10-31 11:31:58,8,8,62,35,363,0
103C_1026_R1,103,inbound,Maradana,1,2025-10-26 07:24:09,2025-10-26 07:25:11,18,3,75,62,624,1
171J_1030_R1,171,outbound,Welikada,0,2025-10-30 16:49:34,2025-10-30 16:49:59,8,3,56,25,599,1
144B_1026_R1,144,outbound,Cotta Road,0,2025-10-26 08:54:47,2025-10-26 08:55:52,13,8,61,65,488,1
144H_1025_R2,144,inbound,Fort,1,2025-10-25 10:55:24,2025-10-25 10:56:24,5,12,38,60,402,0
103A_1031_R2,103,outbound,Punchi Borella,1,2025-10-31 16:43:52,2025-10-31 16:44:57,7,9,26,65,530,1
171E_1031_R2,171,outbound,Koswatta,1,2025-10-31 09:40:53,2025-10-31 09:41:51,4,8,93,58,559,0
103C_1027_R1,103,inbound,Maradana,1,2025-10-27 12:54:45,2025-10-27 12:56:04,12,6,30,79,472,0
103E_1031_R1,103,outbound,Pettah,0,2025-10-31 06:55:55,2025-10-31 06:56:40,11,2,23,45,436,0
144G_1028_R1,144,inbound,Punchi Borella,1,2025-10-28 10:11:52,2025-10-28 10:12:22,3,6,38,30,404,0
103E_1025_R1,103,outbound,Maradana,0,2025-10-25 19:31:53,2025-10-25 19:32:32,8,2,41,39,461,0
144G_1030_R2,144,outbound,Maradana,0,2025-10-30 06:51:05,2025-10-30 06:51:59,11,2,22,54,311,0
171I_1028_R1,171,outbound,Rajagiriya,0,2025-10-28 12:52:10,2025-10-28 12:52:46,3,5,51,36,366,0
171H_1028_R1,171,outbound,Punchi Borella,0,2025-10-28 19:51:05,2025-10-28 19:52:05,14,4,49,60,678,0
144F_1026_R2,144,outbound,Borella,1,2025-10-26 06:43:21,2025-10-26 06:44:25,14,4,63,64,381,0
171J_1029_R1,171,inbound,Cotta Road,0,2025-10-29 17:02:24,2025-10-29 17:03:28,16,3,62,64,299,1
171F_1027_R1,171,outbound,Koswatta,1,2025-10-27 11:17:16,2025-10-27 11:17:58,7,6,56,42,443,0
171G_1031_R2,171,inbound,Borella,1,2025-10-31 17:26:31,2025-10-31 17:28:05,21,10,81,94,586,1
103I_1025_R2,103,inbound,Maradana,1,2025-10-25 16:16:15,2025-10-25 16:18:08,28,8,83,113,498,1
103D_1030_R1,103,inbound,Pettah,0,2025-10-30 16:57:04,2025-10-30 16:58:05,8,10,65,61,399,1
171E_1029_R2,171,inbound,Technical Junction,0,2025-10-29 10:56:20,2025-10-29 10:57:10,5,8,49,50,443,0
171A_1028_R1,171,outbound,Koswatta,1,2025-10-28 17:44:52,2025-10-28 17:46:03,8,13,96,71,617,1
144J_1028_R1,144,outbound,Fort,1,2025-10-28 17:56:00,2025-10-28 17:56:36,9,3,16,36,486,1
144D_1027_R1,144,outbound,Borella,1,2025-10-27 17:41:00,2025-10-27 17:42:27,15,10,55,87,563,1
144E_1029_R1,144,inbound,Fort,1,2025-10-29 09:40:45,2025-10-29 09:41:40,6,9,35,55,451,0
171J_1031_R2,171,outbound,Rajagiriya,0,2025-10-31 17:00:37,2025-10-31 17:01:38,8,9,52,61,270,1
144I_1030_R1,144,outbound,Cotta Road,0,2025-10-30 07:59:03,2025-10-30 08:00:10,7,11,91,67,612,1
103D_1025_R1,103,inbound,Fort,1,2025-10-25 06:36:01,2025-10-25 06:37:07,7,9,26,66,561,0
103H_1026_R1,103,outbound,Narahenpita,1,2025-10-26 12:24:38,2025-10-26 12:25:38,7,8,35,60,650,0
144D_1031_R2,144,outbound,Punchi Borella,0,2025-10-31 06:33:51,2025-10-31 06:34:48,15,0,50,57,536,0
103G_1031_R2,103,inbound,Borella,0,2025-10-31 20:55:14,2025-10-31 20:56:00,6,7,30,46,434,0
171H_1028_R2,171,outbound,Punchi Borella,0,2025-10-28 08:27:27,2025-10-28 08:28:17,16,2,86,50,417,1
103E_1026_R1,103,inbound,Fort,1,2025-10-26 10:47:23,2025-10-26 10:47:45,1,4,39,22,492,0
171H_1029_R2,171,inbound,Technical Junction,0,2025-10-29 08:51:10,2025-10-29 08:52:24,17,5,92,74,363,1
144B_1025_R1,144,inbound,Maradana,0,2025-10-25 17:05:50,2025-10-25 17:06:47,10,7,79,57,509,1
171D_1031_R1,171,outbound,Punchi Borella,0,2025-10-31 16:55:34,2025-10-31 16:56:42,15,5,61,68,508,1
103B_1026_R1,103,outbound,Maradana,0,2025-10-26 07:36:31,2025-10-26 07:37:39,18,4,51,68,523,1
171D_1028_R1,171,inbound,Welikada,0,2025-10-28 06:10:16,2025-10-28 06:11:24,15,2,62,68,494,0
144D_1031_R1,144,outbound,Maradana,0,2025-10-31 20:36:53,2025-10-31 20:38:01,14,3,32,68,696,0
171C_1030_R1,171,outbound,Pettah,0,2025-10-30 08:39:14,2025-10-30 08:40:07,11,4,36,53,577,1
171F_1031_R2,171,inbound,Borella,1,2025-10-31 06:24:52,2025-10-31 06:25:37,10,4,54,45,576,0
144D_1027_R1,144,outbound,Cotta Road,0,2025-10-27 17:46:44,2025-10-27 17:47:50,13,9,59,66,563,1
103E_1026_R1,103,inbound,Punchi Borella,0,2025-10-26 10:31:35,2025-10-26 10:32:07,8,2,44,32,492,0
171A_1027_R1,171,inbound,Cotta Road,0,2025-10-27 09:18:05,2025-10-27 09:18:31,2,4,47,26,524,0
103H_1028_R1,103,inbound,Pettah,0,2025-10-28 08:29:12,2025-10-28 08:30:12,10,6,78,60,490,1
171H_1027_R1,171,inbound,Rajagiriya,0,2025-10-27 06:46:33,2025-10-27 06:47:27,13,5,48,54,571,0
103E_1025_R1,103,inbound,Fort,1,2025-10-25 08:04:25,2025-10-25 08:05:30,12,10,59,65,503,1
171E_1025_R1,171,inbound,Pettah,0,2025-10-25 09:40:53,2025-10-25 09:41:23,6,1,80,30,283,0
103B_1026_R1,103,inbound,Pettah,0,2025-10-26 19:05:11,2025-10-26 19:06:08,9,6,62,57,452,0
103H_1029_R2,103,inbound,Maradana,1,2025-10-29 12:47:05,2025-10-29 12:47:38,3,7,10,33,353,0
171G_1031_R2,171,inbound,Pettah,0,2025-10-31 17:47:47,2025-10-31 17:48:51,5,10,78,64,586,1
171A_1030_R1,171,inbound,Fort,1,2025-10-30 07:20:13,2025-10-30 07:21:14,9,6,74,61,655,1
171F_1028_R1,171,outbound,Punchi Borella,0,2025-10-28 16:41:12,2025-10-28 16:41:53,10,3,65,41,455,1
103J_1029_R1,103,outbound,Pettah,0,2025-10-29 07:39:43,2025-10-29 07:41:04,22,4,49,81,357,1
171F_1030_R1,171,outbound,Rajagiriya,0,2025-10-30 16:41:35,2025-10-30 16:42:44,11,9,62,69,673,1
144D_1029_R1,144,inbound,Borella,0,2025-10-29 17:41:19,2025-10-29 17:42:18,11,2,65,59,518,1
144A_1027_R1,144,inbound,Borella,0,2025-10-27 16:16:43,2025-10-27 16:17:58,17,5,81,75,603,1
171I_1027_R1,171,inbound,Maradana,0,2025-10-27 19:03:38,2025-10-27 19:04:32,6,8,73,54,417,0
171H_1030_R1,171,outbound,Cotta Road,0,2025-10-30 16:55:44,2025-10-30 16:56:46,6,9,78,62,228,1
103F_1028_R2,103,outbound,Fort,1,2025-10-28 12:34:00,2025-10-28 12:35:01,13,3,23,61,612,0
144D_1025_R1,144,inbound,Punchi Borella,1,2025-10-25 07:57:14,2025-10-25 07:58:19,19,3,74,65,410,1
103G_1030_R2,103,inbound,Fort,1,2025-10-30 08:00:47,2025-10-30 08:01:26,5,6,38,39,507,1
171E_1031_R2,171,outbound,Punchi Borella,0,2025-10-31 09:12:51,2025-10-31 09:14:01,13,5,89,70,559,0
171D_1029_R1,171,inbound,Welikada,0,2025-10-29 16:46:57,2025-10-29 16:48:07,16,4,32,70,462,1
103F_1025_R1,103,outbound,Maradana,0,2025-10-25 11:02:56,2025-10-25 11:03:44,6,4,24,48,180,0
144B_1028_R2,144,outbound,Punchi Borella,0,2025-10-28 19:23:20,2025-10-28 19:24:12,14,4,42,52,274,0
171F_1029_R1,171,inbound,Fort,1,2025-10-29 10:26:50,2025-10-29 10:27:36,4,8,65,46,502,0
171B_1027_R2,171,outbound,Welikada,0,2025-10-27 17:38:58,2025-10-27 17:40:07,15,10,116,69,491,1
103H_1030_R1,103,outbound,Maradana,0,2025-10-30 18:16:48,2025-10-30 18:18:14,21,5,70,86,537,1
171A_1031_R1,171,outbound,Maradana,0,2025-10-31 06:51:23,2025-10-31 06:52:27,14,7,58,64,541,0
144D_1028_R2,144,outbound,Rajagiriya,1,2025-10-28 08:49:33,2025-10-28 08:50:29,12,6,83,56,480,1
103G_1025_R1,103,outbound,Pettah,0,2025-10-25 18:02:49,2025-10-25 18:03:55,15,2,27,66,233,1
144D_1026_R2,144,inbound,Punchi Borella,1,2025-10-26 07:14:14,2025-10-26 07:15:15,10,6,37,61,371,1
171B_1031_R2,171,inbound,Technical Junction,0,2025-10-31 08:32:40,2025-10-31 08:33:35,10,2,60,55,376,1
171E_1031_R2,171,inbound,Borella,1,2025-10-31 14:41:22,2025-10-31 14:42:18,10,8,62,56,586,0
171H_1028_R1,171,inbound,Cotta Road,0,2025-10-28 20:51:49,2025-10-28 20:52:29,9,2,64,40,427,0
103J_1025_R1,103,outbound,Narahenpita,1,2025-10-25 19:07:56,2025-10-25 19:08:44,9,7,71,48,429,0
103G_1029_R1,103,inbound,Narahenpita,1,2025-10-29 08:19:00,2025-10-29 08:19:31,2,3,16,31,221,1
171B_1025_R1,171,inbound,Cotta Road,0,2025-10-25 16:43:32,2025-10-25 16:44:53,21,4,99,81,345,1
103E_1026_R1,103,outbound,Pettah,0,2025-10-26 13:00:11,2025-10-26 13:00:56,8,3,28,45,557,0
171H_1025_R1,171,inbound,Pettah,0,2025-10-25 14:54:52,2025-10-25 14:55:45,8,5,80,53,565,0
103B_1030_R1,103,inbound,Punchi Borella,0,2025-10-30 19:32:09,2025-10-30 19:33:16,16,1,44,67,399,0
103D_1029_R1,103,outbound,Borella,0,2025-10-29 15:12:44,2025-10-29 15:13:10,2,4,22,26,430,0
171J_1031_R2,171,inbound,Welikada,0,2025-10-31 08:02:50,2025-10-31 08:04:04,17,2,41,74,434,1
171H_1028_R1,171,outbound,Fort,1,2025-10-28 19:32:00,2025-10-28 19:32:59,14,3,25,59,678,0
171D_1029_R2,171,outbound,Borella,1,2025-10-29 19:38:27,2025-10-29 19:39:19,4,9,33,52,530,0
171B_1031_R1,171,inbound,Rajagiriya,0,2025-10-31 17:00:10,2025-10-31 17:01:06,12,5,57,56,494,1
103D_1029_R1,103,inbound,Punchi Borella,0,2025-10-29 13:12:06,2025-10-29 13:13:11,13,4,43,65,497,0
144E_1031_R1,144,inbound,Borella,0,2025-10-31 06:37:02,2025-10-31 06:37:59,10,4,41,57,374,0
171F_1026_R1,171,outbound,Cotta Road,0,2025-10-26 19:53:31,2025-10-26 19:54:27,7,6,64,56,720,0
103D_1028_R2,103,outbound,Fort,1,2025-10-28 07:54:00,2025-10-28 07:54:49,15,2,31,49,386,1
171E_1030_R1,171,inbound,Koswatta,1,2025-10-30 07:57:00,2025-10-30 07:57:40,6,5,18,40,342,1
144H_1030_R1,144,outbound,Cotta Road,0,2025-10-30 18:16:25,2025-10-30 18:17:31,13,6,69,66,621,1
171A_1028_R1,171,inbound,Technical Junction,0,2025-10-28 07:45:02,2025-10-28 07:45:53,11,5,108,51,279,1
171B_1026_R1,171,outbound,Battaramulla,0,2025-10-26 17:10:00,2025-10-26 17:11:09,19,2,103,69,451,1
171E_1026_R1,171,outbound,Maradana,0,2025-10-26 06:47:46,2025-10-26 06:48:52,12,4,50,66,425,0
171D_1031_R1,171,inbound,Rajagiriya,0,2025-10-31 10:33:12,2025-10-31 10:34:03,11,4,41,51,445,0
103I_1025_R2,103,inbound,Narahenpita,1,2025-10-25 16:02:00,2025-10-25 16:02:52,9,5,12,52,498,1
144G_1031_R1,144,outbound,Punchi Borella,0,2025-10-31 10:39:46,2025-10-31 10:40:36,11,3,38,50,379,0
171E_1028_R2,171,inbound,Battaramulla,0,2025-10-28 17:36:40,2025-10-28 17:37:46,15,5,51,66,605,1
144I_1029_R1,144,outbound,Borella,1,2025-10-29 19:33:26,2025-10-29 19:33:50,2,3,27,24,507,0
144C_1029_R2,144,outbound,Borella,1,2025-10-29 08:09:15,2025-10-29 08:10:51,24,5,74,96,607,1
144B_1030_R2,144,inbound,Borella,0,2025-10-30 09:40:51,2025-10-30 09:41:29,3,2,24,38,329,0
103G_1030_R1,103,inbound,Fort,1,2025-10-30 08:19:49,2025-10-30 08:20:39,12,5,40,50,632,1
144F_1025_R2,144,inbound,Maradana,0,2025-10-25 17:19:35,2025-10-25 17:20:38,9,9,61,63,501,1
171D_1026_R1,171,outbound,Rajagiriya,0,2025-10-26 18:22:54,2025-10-26 18:23:41,5,5,99,47,529,1
103I_1029_R2,103,inbound,Narahenpita,1,2025-10-29 16:42:00,2025-10-29 16:42:37,7,2,38,37,613,1
171B_1030_R1,171,outbound,Fort,1,2025-10-30 06:32:00,2025-10-30 06:33:05,18,3,43,65,223,0
103D_1026_R1,103,inbound,Pettah,0,2025-10-26 10:23:53,2025-10-26 10:24:42,6,7,33,49,440,0
103E_1030_R1,103,inbound,Pettah,0,2025-10-30 06:58:03,2025-10-30 06:58:58,7,7,48,55,429,0
171B_1027_R1,171,inbound,Cotta Road,0,2025-10-27 06:51:44,2025-10-27 06:52:22,6,5,51,38,324,0
171B_1027_R1,171,inbound,Welikada,0,2025-10-27 06:42:17,2025-10-27 06:42:49,3,2,36,32,324,0
171J_1026_R1,171,outbound,Battaramulla,0,2025-10-26 10:46:56,2025-10-26 10:47:28,1,8,46,32,447,0
171H_1026_R1,171,outbound,Technical Junction,0,2025-10-26 08:58:07,2025-10-26 08:59:15,17,6,45,68,514,1
103I_1028_R1,103,outbound,Maradana,0,2025-10-28 12:27:58,2025-10-28 12:28:48,11,1,63,50,575,0
144E_1028_R2,144,outbound,Rajagiriya,1,2025-10-28 07:39:07,2025-10-28 07:39:55,2,7,42,48,376,1
171E_1027_R2,171,outbound,Fort,1,2025-10-27 12:04:00,2025-10-27 12:05:01,13,5,22,61,400,0
103D_1025_R2,103,outbound,Punchi Borella,1,2025-10-25 19:53:12,2025-10-25 19:54:19,14,5,58,67,553,0
171G_1026_R1,171,outbound,Cotta Road,0,2025-10-26 19:22:39,2025-10-26 19:23:17,5,7,53,38,447,0
103C_1027_R1,103,outbound,Pettah,0,2025-10-27 08:05:14,2025-10-27 08:06:52,28,5,42,98,180,1
103H_1025_R2,103,outbound,Pettah,0,2025-10-25 10:50:11,2025-10-25 10:51:02,11,2,26,51,588,0
171A_1025_R1,171,inbound,Koswatta,1,2025-10-25 07:39:00,2025-10-25 07:39:51,8,3,17,51,598,1
103D_1025_R1,103,inbound,Narahenpita,1,2025-10-25 06:13:00,2025-10-25 06:13:42,8,3,17,42,561,0
171E_1025_R1,171,outbound,Cotta Road,0,2025-10-25 10:42:29,2025-10-25 10:43:17,8,8,43,48,700,0
144I_1025_R1,144,inbound,Borella,0,2025-10-25 07:26:24,2025-10-25 07:27:23,16,4,71,59,441,1
103C_1029_R1,103,outbound,Maradana,0,2025-10-29 09:36:15,2025-10-29 09:36:58,6,5,17,43,287,0
144C_1027_R2,144,inbound,Rajagiriya,1,2025-10-27 07:53:00,2025-10-27 07:54:24,21,4,37,84,424,1
144E_1029_R1,144,outbound,Maradana,0,2025-10-29 06:23:08,2025-10-29 06:23:59,10,4,36,51,585,0
144I_1030_R1,144,inbound,Cotta Road,0,2025-10-30 10:19:05,2025-10-30 10:20:03,12,4,42,58,647,0
171G_1027_R1,171,inbound,Welikada,0,2025-10-27 07:24:07,2025-10-27 07:25:02,14,3,39,55,271,1
144A_1031_R1,144,inbound,Fort,1,2025-10-31 18:06:59,2025-10-31 18:07:40,8,4,56,41,591,1
171I_1029_R2,171,inbound,Borella,1,2025-10-29 18:34:46,2025-10-29 18:35:27,9,5,69,41,288,1
171F_1026_R1,171,outbound,Welikada,0,2025-10-26 20:03:06,2025-10-26 20:03:50,5,7,67,44,720,0
171E_1029_R1,171,outbound,Fort,1,2025-10-29 08:41:00,2025-10-29 08:41:46,10,3,33,46,376,1
103D_1030_R1,103,inbound,Punchi Borella,0,2025-10-30 16:47:54,2025-10-30 16:48:39,9,3,57,45,399,1
171H_1029_R2,171,inbound,Fort,1,2025-10-29 09:01:50,2025-10-29 09:02:40,9,5,91,50,363,0
171B_1025_R1,171,inbound,Battaramulla,0,2025-10-25 16:26:46,2025-10-25 16:27:37,10,2,52,51,345,1
103D_1026_R1,103,inbound,Maradana,1,2025-10-26 10:18:06,2025-10-26 10:18:52,9,2,34,46,440,0
171F_1027_R1,171,inbound,Rajagiriya,0,2025-10-27 10:04:09,2025-10-27 10:04:54,10,4,50,45,265,0
103H_1026_R1,103,outbound,Pettah,0,2025-10-26 12:10:09,2025-10-26 12:11:00,6,5,39,51,650,0
103F_1029_R1,103,inbound,Borella,0,2025-10-29 14:04:37,2025-10-29 14:05:33,12,4,45,56,523,0
171B_1026_R2,171,outbound,Rajagiriya,0,2025-10-26 12:47:07,2025-10-26 12:47:47,8,4,69,40,570,0
144C_1029_R1,144,inbound,Fort,1,2025-10-29 17:22:55,2025-10-29 17:23:55,11,9,89,60,529,1
144H_1027_R2,144,inbound,Borella,0,2025-10-27 10:02:06,2025-10-27 10:02:49,9,5,43,43,501,0
103H_1027_R1,103,inbound,Pettah,0,2025-10-27 20:17:56,2025-10-27 20:18:48,6,7,25,52,485,0
103C_1029_R1,103,outbound,Narahenpita,1,2025-10-29 09:49:32,2025-10-29 09:50:23,7,8,16,51,287,0
144D_1026_R1,144,outbound,Cotta Road,0,2025-10-26 09:25:07,2025-10-26 09:25:59,6,7,29,52,543,0
171A_1027_R1,171,inbound,Koswatta,1,2025-10-27 08:53:00,2025-10-27 08:53:37,6,3,17,37,524,1
171F_1025_R1,171,outbound,Technical Junction,0,2025-10-25 18:24:14,2025-10-25 18:25:16,13,4,37,62,569,1
171J_1028_R2,171,outbound,Punchi Borella,0,2025-10-28 17:46:53,2025-10-28 17:48:07,21,4,89,74,583,1
171G_1028_R1,171,outbound,Maradana,0,2025-10-28 10:24:26,2025-10-28 10:25:37,15,4,47,71,363,0
171E_1029_R1,171,outbound,Pettah,0,2025-10-29 08:46:14,2025-10-29 08:47:18,13,4,42,64,376,1
103E_1027_R2,103,outbound,Fort,1,2025-10-27 18:07:00,2025-10-27 18:08:04,17,5,30,64,678,1
144J_1030_R1,144,outbound,Cotta Road,0,2025-10-30 07:24:58,2025-10-30 07:26:09,14,6,65,71,376,1
171F_1028_R1,171,outbound,Technical Junction,0,2025-10-28 16:30:17,2025-10-28 16:31:10,15,0,48,53,455,1
171H_1025_R1,171,inbound,Welikada,0,2025-10-25 14:18:40,2025-10-25 14:19:30,12,1,65,50,565,0
171B_1028_R1,171,outbound,Pettah,0,2025-10-28 07:32:59,2025-10-28 07:33:47,9,5,16,48,492,1
171J_1030_R1,171,outbound,Maradana,0,2025-10-30 16:22:48,2025-10-30 16:24:01,14,4,47,73,599,1
144B_1030_R2,144,inbound,Cotta Road,0,2025-10-30 09:34:58,2025-10-30 09:35:47,7,5,23,49,329,0
171G_1031_R2,171,inbound,Battaramulla,0,2025-10-31 17:04:15,2025-10-31 17:05:15,15,4,31,60,586,1
171D_1031_R2,171,inbound,Koswatta,1,2025-10-31 20:03:00,2025-10-31 20:03:56,11,2,34,56,374,0
103B_1026_R1,103,inbound,Fort,1,2025-10-26 19:08:44,2025-10-26 19:09:18,5,3,64,34,452,0
171E_1027_R1,171,inbound,Maradana,0,2025-10-27 07:47:23,2025-10-27 07:48:35,14,8,64,72,532,1
144E_1025_R1,144,inbound,Rajagiriya,1,2025-10-25 20:15:00,2025-10-25 20:15:48,10,3,24,48,528,0
144D_1029_R1,144,outbound,Rajagiriya,1,2025-10-29 08:23:50,2025-10-29 08:24:45,11,7,62,55,457,1
103J_1027_R1,103,outbound,Narahenpita,1,2025-10-27 08:34:02,2025-10-27 08:34:57,10,4,50,55,365,1
171B_1030_R1,171,inbound,Technical Junction,0,2025-10-30 20:08:07,2025-10-30 20:08:50,6,8,59,43,546,0
144J_1026_R2,144,outbound,Maradana,0,2025-10-26 10:55:56,2025-10-26 10:56:32,7,3,23,36,468,0
144I_1026_R1,144,inbound,Cotta Road,0,2025-10-26 09:31:33,2025-10-26 09:32:28,10,4,35,55,588,0
171B_1028_R1,171,outbound,Technical Junction,0,2025-10-28 07:39:26,2025-10-28 07:40:58,23,6,33,92,492,1
103J_1027_R2,103,outbound,Fort,1,2025-10-27 06:24:00,2025-10-27 06:25:01,14,5,46,61,551,0
171E_1029_R1,171,outbound,Borella,1,2025-10-29 09:05:40,2025-10-29 09:06:49,12,7,88,69,376,0
144G_1028_R2,144,outbound,Punchi Borella,0,2025-10-28 17:07:14,2025-10-28 17:07:57,9,6,58,43,553,1
171F_1027_R2,171,outbound,Rajagiriya,0,2025-10-27 18:27:50,2025-10-27 18:29:10,14,8,92,80,680,1
103E_1025_R2,103,inbound,Maradana,1,2025-10-25 19:44:35,2025-10-25 19:45:26,10,5,42,51,395,0
171A_1031_R1,171,outbound,Borella,1,2025-10-31 06:58:12,2025-10-31 06:59:22,13,9,69,70,541,0
103B_1031_R2,103,outbound,Borella,0,2025-10-31 10:34:36,2025-10-31 10:35:27,9,5,47,51,609,0
103J_1028_R1,103,inbound,Pettah,0,2025-10-28 10:52:31,2025-10-28 10:53:12,5,7,23,41,305,0
144G_1028_R2,144,outbound,Maradana,0,2025-10-28 17:04:13,2025-10-28 17:04:54,13,0,55,41,553,1
171I_1025_R1,171,inbound,Borella,1,2025-10-25 09:40:08,2025-10-25 09:41:09,6,7,50,61,454,0
171C_1026_R1,171,outbound,Battaramulla,0,2025-10-26 08:38:19,2025-10-26 08:39:06,12,3,65,47,471,1
171B_1026_R2,171,inbound,Technical Junction,0,2025-10-26 17:12:13,2025-10-26 17:13:41,11,13,87,88,467,1
103C_1028_R2,103,outbound,Fort,1,2025-10-28 18:39:00,2025-10-28 18:40:09,19,2,37,69,247,1
171G_1030_R1,171,outbound,Technical Junction,0,2025-10-30 17:46:56,2025-10-30 17:47:46,11,2,67,50,496,1
144G_1029_R1,144,inbound,Rajagiriya,1,2025-10-29 06:04:00,2025-10-29 06:04:43,10,0,10,43,180,0
171I_1031_R1,171,outbound,Battaramulla,0,2025-10-31 07:56:41,2025-10-31 07:57:43,10,8,92,62,397,1
144H_1027_R1,144,outbound,Maradana,0,2025-10-27 12:29:48,2025-10-27 12:30:59,15,4,30,71,490,0
144D_1031_R1,144,outbound,Borella,1,2025-10-31 20:46:25,2025-10-31 20:47:14,9,6,43,49,696,0
171C_1030_R1,171,inbound,Rajagiriya,0,2025-10-30 20:45:12,2025-10-30 20:46:14,12,3,66,62,508,0
171A_1025_R1,171,inbound,Fort,1,2025-10-25 08:24:18,2025-10-25 08:25:20,13,5,114,62,598,1
171B_1030_R1,171,inbound,Rajagiriya,0,2025-10-30 19:40:34,2025-10-30 19:40:56,5,2,43,22,546,0
103J_1027_R1,103,inbound,Narahenpita,1,2025-10-27 20:35:00,2025-10-27 20:35:45,7,2,29,45,473,0
171C_1025_R2,171,outbound,Fort,1,2025-10-25 19:10:00,2025-10-25 19:11:15,15,5,27,75,686,0
171I_1026_R1,171,outbound,Rajagiriya,0,2025-10-26 09:53:56,2025-10-26 09:54:23,2,4,74,27,476,0
171H_1025_R1,171,outbound,Punchi Borella,0,2025-10-25 16:39:50,2025-10-25 16:40:48,11,2,54,58,541,1
144E_1030_R1,144,inbound,Fort,1,2025-10-30 08:47:33,2025-10-30 08:48:45,16,7,71,72,605,1
171J_1027_R1,171,inbound,Fort,1,2025-10-27 18:19:14,2025-10-27 18:19:42,4,5,116,28,388,1
144J_1028_R1,144,inbound,Maradana,0,2025-10-28 21:02:25,2025-10-28 21:03:01,7,2,63,36,515,0
171C_1029_R2,171,inbound,Battaramulla,0,2025-10-29 09:55:08,2025-10-29 09:55:44,8,3,34,36,424,0
171B_1029_R1,171,outbound,Rajagiriya,0,2025-10-29 06:46:19,2025-10-29 06:47:08,7,7,58,49,681,0
103D_1027_R1,103,inbound,Narahenpita,1,2025-10-27 17:30:00,2025-10-27 17:31:14,15,5,32,74,470,1
103H_1029_R1,103,inbound,Pettah,0,2025-10-29 08:15:55,2025-10-29 08:16:46,13,7,68,51,550,1
144H_1031_R2,144,outbound,Borella,1,2025-10-31 10:04:23,2025-10-31 10:04:56,6,3,48,33,395,0
103C_1027_R1,103,inbound,Fort,1,2025-10-27 13:10:21,2025-10-27 13:11:09,9,7,31,48,472,0
171D_1028_R2,171,outbound,Pettah,0,2025-10-28 09:18:23,2025-10-28 09:19:09,8,4,28,46,399,0
103F_1031_R1,103,outbound,Borella,0,2025-10-31 07:23:03,2025-10-31 07:24:08,9,9,61,65,485,1
144G_1027_R2,144,outbound,Borella,1,2025-10-27 19:22:50,2025-10-27 19:23:38,12,4,32,48,462,0
103C_1030_R1,103,outbound,Punchi Borella,1,2025-10-30 07:50:14,2025-10-30 07:51:17,12,6,42,63,601,1
171A_1031_R1,171,inbound,Welikada,0,2025-10-31 08:58:06,2025-10-31 08:59:19,21,5,50,73,283,1
103D_1030_R1,103,inbound,Fort,1,2025-10-30 17:00:11,2025-10-30 17:01:22,17,7,75,71,399,1
103H_1027_R1,103,inbound,Maradana,1,2025-10-27 20:15:32,2025-10-27 20:16:21,6,8,26,49,485,0
171H_1028_R1,171,outbound,Battaramulla,0,2025-10-28 20:18:30,2025-10-28 20:19:17,9,9,51,47,678,0
103B_1028_R2,103,outbound,Borella,0,2025-10-28 19:51:23,2025-10-28 19:52:17,3,13,41,54,409,0
171C_1029_R2,171,outbound,Koswatta,1,2025-10-29 07:44:28,2025-10-29 07:45:17,11,4,99,49,514,1
171G_1030_R1,171,outbound,Pettah,0,2025-10-30 17:41:49,2025-10-30 17:42:51,18,1,58,62,496,1
171C_1026_R2,171,outbound,Koswatta,1,2025-10-26 17:47:56,2025-10-26 17:48:58,12,6,68,62,335,1
103I_1029_R2,103,outbound,Narahenpita,1,2025-10-29 09:55:32,2025-10-29 09:56:36,9,7,41,64,459,0
103G_1028_R1,103,outbound,Borella,0,2025-10-28 16:49:44,2025-10-28 16:50:41,11,5,86,57,289,1
103G_1030_R1,103,inbound,Maradana,1,2025-10-30 08:10:09,2025-10-30 08:11:11,11,12,36,62,632,1
144J_1025_R1,144,outbound,Maradana,0,2025-10-25 10:26:32,2025-10-25 10:27:42,13,5,43,70,782,0
144F_1025_R1,144,inbound,Punchi Borella,1,2025-10-25 07:31:56,2025-10-25 07:33:31,24,4,83,95,666,1
103B_1030_R2,103,inbound,Punchi Borella,0,2025-10-30 06:35:55,2025-10-30 06:36:34,9,4,47,39,508,0
103I_1029_R2,103,inbound,Borella,0,2025-10-29 16:48:22,2025-10-29 16:49:33,14,6,46,71,613,1
144G_1027_R1,144,outbound,Punchi Borella,0,2025-10-27 07:41:35,2025-10-27 07:42:34,13,4,46,59,597,1
144A_1031_R2,144,inbound,Punchi Borella,1,2025-10-31 16:25:16,2025-10-31 16:26:32,14,6,64,76,450,1
144E_1025_R1,144,outbound,Punchi Borella,0,2025-10-25 07:54:39,2025-10-25 07:55:33,15,1,37,54,386,1
103H_1029_R1,103,outbound,Punchi Borella,1,2025-10-29 07:16:41,2025-10-29 07:18:16,25,7,72,95,785,1
103A_1029_R1,103,outbound,Punchi Borella,1,2025-10-29 07:48:27,2025-10-29 07:49:20,9,5,65,53,551,1
171E_1031_R1,171,outbound,Cotta Road,0,2025-10-31 17:29:33,2025-10-31 17:30:33,13,3,86,60,553,1
171C_1026_R1,171,inbound,Borella,1,2025-10-26 06:43:51,2025-10-26 06:44:58,10,6,81,67,504,0
144H_1025_R1,144,inbound,Fort,1,2025-10-25 18:26:13,2025-10-25 18:27:02,6,3,82,49,666,1
144A_1027_R1,144,outbound,Rajagiriya,1,2025-10-27 18:54:47,2025-10-27 18:55:30,5,7,46,43,545,1
144A_1030_R1,144,outbound,Rajagiriya,1,2025-10-30 12:49:58,2025-10-30 12:50:30,3,5,47,32,463,0
103E_1029_R1,103,inbound,Borella,0,2025-10-29 07:50:25,2025-10-29 07:51:19,11,3,38,54,591,1
103B_1025_R1,103,outbound,Borella,0,2025-10-25 07:43:16,2025-10-25 07:43:49,3,3,73,33,559,1
171C_1028_R1,171,outbound,Battaramulla,0,2025-10-28 07:54:45,2025-10-28 07:55:51,10,9,91,66,596,1
171F_1029_R1,171,inbound,Rajagiriya,0,2025-10-29 09:55:07,2025-10-29 09:56:19,13,5,42,72,502,0
171J_1031_R2,171,inbound,Koswatta,1,2025-10-31 07:54:00,2025-10-31 07:55:00,13,3,23,60,434,1
144G_1028_R1,144,outbound,Punchi Borella,0,2025-10-28 08:49:17,2025-10-28 08:50:16,16,5,44,59,596,1
103H_1025_R2,103,inbound,Narahenpita,1,2025-10-25 09:05:00,2025-10-25 09:05:53,10,2,33,53,442,0
144C_1027_R1,144,inbound,Rajagiriya,1,2025-10-27 18:17:00,2025-10-27 18:17:43,13,3,22,43,769,1
171A_1031_R1,171,inbound,Battaramulla,0,2025-10-31 08:52:02,2025-10-31 08:53:16,17,4,34,74,283,1
103C_1028_R1,103,outbound,Maradana,0,2025-10-28 19:51:45,2025-10-28 19:52:34,8,2,45,49,563,0
103C_1027_R1,103,inbound,Narahenpita,1,2025-10-27 12:37:00,2025-10-27 12:37:52,10,4,13,52,472,0
144B_1025_R2,144,inbound,Borella,0,2025-10-25 08:44:01,2025-10-25 08:44:54,14,2,48,53,668,1
144D_1026_R1,144,inbound,Borella,0,2025-10-26 10:42:28,2025-10-26 10:43:16,12,5,34,48,468,0
171E_1025_R1,171,inbound,Cotta Road,0,2025-10-25 09:18:14,2025-10-25 09:19:08,10,3,70,54,283,0
103I_1026_R1,103,inbound,Pettah,0,2025-10-26 06:30:19,2025-10-26 06:31:13,8,5,49,54,527,0
144B_1027_R1,144,outbound,Punchi Borella,0,2025-10-27 19:08:24,2025-10-27 19:09:19,6,6,34,55,395,0
144D_1026_R1,144,inbound,Punchi Borella,1,2025-10-26 10:45:35,2025-10-26 10:46:28,11,3,42,53,468,0
171H_1030_R1,171,outbound,Koswatta,1,2025-10-30 17:16:01,2025-10-30 17:17:14,11,7,81,73,228,1
103J_1031_R1,103,outbound,Fort,1,2025-10-31 17:46:00,2025-10-31 17:46:59,17,3,30,59,430,1
171J_1027_R2,171,inbound,Koswatta,1,2025-10-27 20:18:00,2025-10-27 20:18:26,8,2,36,26,366,0
103B_1029_R2,103,outbound,Pettah,0,2025-10-29 18:24:28,2025-10-29 18:25:30,13,4,22,62,472,1
171B_1026_R1,171,inbound,Fort,1,2025-10-26 17:15:18,2025-10-26 17:16:27,13,7,123,69,359,1
103D_1031_R2,103,outbound,Punchi Borella,1,2025-10-31 17:42:41,2025-10-31 17:43:59,17,9,70,78,658,1
144J_1031_R1,144,inbound,Rajagiriya,1,2025-10-31 10:10:00,2025-10-31 10:10:37,6,4,19,37,515,0
171C_1027_R2,171,inbound,Pettah,0,2025-10-27 21:09:53,2025-10-27 21:10:44,5,8,50,51,296,0
171B_1029_R1,171,inbound,Cotta Road,0,2025-10-29 07:45:12,2025-10-29 07:46:11,15,2,62,59,378,1
171G_1030_R1,171,inbound,Pettah,0,2025-10-30 18:07:55,2025-10-30 18:08:57,14,6,100,62,525,1
144A_1026_R1,144,outbound,Maradana,0,2025-10-26 07:07:46,2025-10-26 07:08:45,15,5,24,59,675,1
171G_1028_R1,171,outbound,Technical Junction,0,2025-10-28 10:18:13,2025-10-28 10:19:20,14,3,36,67,363,0
144I_1028_R2,144,outbound,Punchi Borella,0,2025-10-28 08:13:44,2025-10-28 08:14:36,13,3,59,52,787,1
144A_1029_R2,144,outbound,Fort,1,2025-10-29 18:15:00,2025-10-29 18:16:21,21,3,52,81,786,1
171B_1030_R1,171,outbound,Battaramulla,0,2025-10-30 07:17:05,2025-10-30 07:17:54,6,4,62,49,223,1
171I_1025_R1,171,outbound,Cotta Road,0,2025-10-25 11:03:45,2025-10-25 11:04:23,6,6,52,38,560,0
171A_1026_R1,171,inbound,Technical Junction,0,2025-10-26 15:40:38,2025-10-26 15:41:25,5,9,54,47,423,0
171G_1030_R1,171,inbound,Technical Junction,0,2025-10-30 18:05:03,2025-10-30 18:06:25,16,8,92,82,525,1
103H_1031_R1,103,outbound,Narahenpita,1,2025-10-31 10:46:46,2025-10-31 10:47:50,8,6,63,64,375,0
144I_1029_R1,144,inbound,Punchi Borella,1,2025-10-29 17:07:08,2025-10-29 17:08:16,11,10,73,68,630,1
171E_1025_R1,171,outbound,Koswatta,1,2025-10-25 10:57:38,2025-10-25 10:58:35,3,8,39,57,700,0
171B_1028_R2,171,inbound,Technical Junction,0,2025-10-28 10:48:46,2025-10-28 10:49:26,6,4,60,40,700,0
171I_1028_R1,171,inbound,Welikada,0,2025-10-28 07:39:04,2025-10-28 07:40:00,10,5,45,56,459,1
171D_1027_R1,171,outbound,Koswatta,1,2025-10-27 08:02:29,2025-10-27 08:03:35,16,9,66,66,519,1
144H_1028_R1,144,outbound,Cotta Road,0,2025-10-28 12:55:04,2025-10-28 12:55:57,9,9,26,53,349,0
171D_1026_R2,171,outbound,Punchi Borella,0,2025-10-26 06:29:00,2025-10-26 06:29:41,12,3,51,41,555,0
144E_1025_R1,144,outbound,Rajagiriya,1,2025-10-25 08:07:11,2025-10-25 08:08:14,13,1,55,63,386,1
171H_1027_R1,171,inbound,Technical Junction,0,2025-10-27 07:15:30,2025-10-27 07:16:14,4,7,62,44,571,1
144E_1031_R1,144,inbound,Cotta Road,0,2025-10-31 06:30:56,2025-10-31 06:32:07,18,3,35,71,374,0
103G_1026_R1,103,inbound,Pettah,0,2025-10-26 10:59:41,2025-10-26 11:00:28,4,9,61,47,538,0
144D_1027_R1,144,inbound,Rajagiriya,1,2025-10-27 08:16:00,2025-10-27 08:17:22,18,8,39,82,521,1
103G_1031_R1,103,inbound,Punchi Borella,0,2025-10-31 19:22:11,2025-10-31 19:22:42,6,1,56,31,445,0
171G_1026_R1,171,inbound,Battaramulla,0,2025-10-26 07:59:21,2025-10-26 08:00:14,15,5,62,53,486,1
171B_1026_R2,171,inbound,Battaramulla,0,2025-10-26 16:34:28,2025-10-26 16:35:09,10,1,38,41,467,1
103H_1031_R1,103,inbound,Fort,1,2025-10-31 07:18:50,2025-10-31 07:20:03,14,8,62,73,416,1
144B_1026_R2,144,inbound,Fort,1,2025-10-26 07:41:07,2025-10-26 07:42:03,8,7,45,56,424,1
103E_1027_R1,103,outbound,Narahenpita,1,2025-10-27 17:31:29,2025-10-27 17:32:21,7,7,77,52,425,1
103E_1025_R1,103,outbound,Narahenpita,1,2025-10-25 19:49:48,2025-10-25 19:50:47,11,8,54,59,461,0
103D_1025_R1,103,outbound,Pettah,0,2025-10-25 07:20:57,2025-10-25 07:21:38,6,4,23,41,346,1
171A_1030_R1,171,outbound,Fort,1,2025-10-30 09:07:00,2025-10-30 09:07:59,11,5,24,59,342,0
144J_1030_R1,144,outbound,Rajagiriya,1,2025-10-30 07:29:24,2025-10-30 07:30:16,6,6,65,52,376,1
171B_1026_R1,171,inbound,Battaramulla,0,2025-10-26 16:24:54,2025-10-26 16:26:26,21,6,74,92,359,1
171H_1029_R1,171,inbound,Technical Junction,0,2025-10-29 19:24:04,2025-10-29 19:24:58,6,8,62,54,331,0
144F_1029_R2,144,outbound,Rajagiriya,1,2025-10-29 20:35:06,2025-10-29 20:35:23,0,4,46,17,532,0
144A_1028_R1,144,outbound,Maradana,0,2025-10-28 17:50:25,2025-10-28 17:51:14,12,3,20,49,556,1
171I_1025_R1,171,inbound,Technical Junction,0,2025-10-25 09:56:06,2025-10-25 09:56:36,4,6,47,30,454,0
171F_1028_R1,171,outbound,Rajagiriya,0,2025-10-28 16:58:55,2025-10-28 16:59:35,6,6,76,40,455,1
171D_1027_R1,171,inbound,Koswatta,1,2025-10-27 16:27:00,2025-10-27 16:28:00,15,3,32,60,668,1
103C_1026_R1,103,inbound,Pettah,0,2025-10-26 07:30:53,2025-10-26 07:31:48,12,6,81,55,624,1
144F_1025_R1,144,outbound,Cotta Road,0,2025-10-25 08:17:21,2025-10-25 08:18:07,8,6,47,46,382,1
171I_1029_R1,171,outbound,Koswatta,1,2025-10-29 21:30:36,2025-10-29 21:31:19,6,4,73,43,530,0
144J_1026_R1,144,outbound,Fort,1,2025-10-26 14:04:00,2025-10-26 14:04:31,4,3,18,31,349,0
103J_1027_R2,103,inbound,Fort,1,2025-10-27 09:28:41,2025-10-27 09:29:25,6,3,46,44,655,0
144J_1025_R1,144,outbound,Rajagiriya,1,2025-10-25 10:49:10,2025-10-25 10:49:50,5,7,62,40,782,0
171D_1026_R2,171,inbound,Koswatta,1,2025-10-26 16:42:00,2025-10-26 16:43:13,21,4,30,73,370,1
171J_1026_R1,171,inbound,Fort,1,2025-10-26 09:42:31,2025-10-26 09:43:10,6,4,74,39,456,0
103B_1031_R1,103,inbound,Fort,1,2025-10-31 07:39:18,2025-10-31 07:40:23,12,8,68,65,587,1
171D_1029_R2,171,inbound,Cotta Road,0,2025-10-29 07:44:23,2025-10-29 07:45:24,13,5,84,61,492,1
103F_1026_R1,103,outbound,Pettah,0,2025-10-26 08:24:12,2025-10-26 08:24:59,8,4,11,47,342,1
171G_1030_R2,171,outbound,Maradana,0,2025-10-30 13:09:57,2025-10-30 13:10:50,10,4,53,53,525,0
144C_1031_R1,144,outbound,Fort,1,2025-10-31 10:15:00,2025-10-31 10:15:37,6,2,30,37,561,0
171A_1027_R1,171,inbound,Technical Junction,0,2025-10-27 09:39:23,2025-10-27 09:40:06,8,5,45,43,524,0
171G_1031_R1,171,inbound,Pettah,0,2025-10-31 16:45:22,2025-10-31 16:46:31,12,8,86,69,650,1
144J_1027_R1,144,outbound,Maradana,0,2025-10-27 09:19:29,2025-10-27 09:20:31,14,5,39,62,716,0
144G_1029_R2,144,outbound,Fort,1,2025-10-29 19:21:00,2025-10-29 19:21:37,9,0,14,37,596,0
171B_1025_R1,171,inbound,Borella,1,2025-10-25 16:47:42,2025-10-25 16:48:54,13,8,104,72,345,1
144I_1025_R2,144,inbound,Rajagiriya,1,2025-10-25 07:15:00,2025-10-25 07:15:50,10,3,42,50,444,1
171H_1025_R1,171,inbound,Rajagiriya,0,2025-10-25 14:24:06,2025-10-25 14:24:59,8,5,68,53,565,0
171C_1025_R1,171,inbound,Pettah,0,2025-10-25 08:40:54,2025-10-25 08:41:52,10,6,105,58,400,1
103I_1026_R1,103,outbound,Maradana,0,2025-10-26 14:22:55,2025-10-26 14:23:48,9,5,35,53,531,0
144E_1026_R2,144,outbound,Fort,1,2025-10-26 06:50:00,2025-10-26 06:50:44,10,3,26,44,443,0
144E_1028_R2,144,outbound,Maradana,0,2025-10-28 07:22:11,2025-10-28 07:23:28,18,4,47,77,376,1
144G_1026_R2,144,inbound,Fort,1,2025-10-26 17:12:27,2025-10-26 17:13:19,12,2,63,52,541,1
144E_1031_R1,144,inbound,Punchi Borella,1,2025-10-31 06:41:10,2025-10-31 06:41:42,0,6,35,32,374,0
171D_1031_R2,171,inbound,Cotta Road,0,2025-10-31 20:28:11,2025-10-31 20:29:37,23,5,70,86,374,0
171G_1031_R2,171,outbound,Fort,1,2025-10-31 09:45:00,2025-10-31 09:45:40,7,3,34,40,435,0
171C_1030_R1,171,inbound,Technical Junction,0,2025-10-30 21:09:21,2025-10-30 21:10:26,7,9,64,65,508,0
171H_1025_R1,171,outbound,Borella,1,2025-10-25 16:46:17,2025-10-25 16:47:51,19,8,65,94,541,1
144D_1029_R1,144,inbound,Cotta Road,0,2025-10-29 17:37:34,2025-10-29 17:38:27,12,5,56,53,518,1
144J_1025_R1,144,inbound,Maradana,0,2025-10-25 19:10:58,2025-10-25 19:11:45,6,5,47,47,405,0
103A_1030_R1,103,outbound,Pettah,0,2025-10-30 16:45:03,2025-10-30 16:45:49,12,4,23,46,180,1
144B_1026_R2,144,outbound,Borella,1,2025-10-26 08:41:37,2025-10-26 08:42:30,11,7,54,53,413,1
171I_1026_R1,171,inbound,Maradana,0,2025-10-26 19:42:27,2025-10-26 19:43:04,4,6,27,37,746,0
171B_1030_R1,171,inbound,Welikada,0,2025-10-30 19:33:30,2025-10-30 19:34:16,11,2,40,46,546,0
103J_1026_R1,103,outbound,Maradana,0,2025-10-26 07:26:35,2025-10-26 07:27:30,12,3,77,55,431,1
103G_1031_R1,103,outbound,Pettah,0,2025-10-31 07:31:23,2025-10-31 07:32:11,14,3,35,48,542,1
144E_1030_R1,144,inbound,Rajagiriya,1,2025-10-30 08:20:00,2025-10-30 08:21:11,17,3,32,71,605,1
171E_1025_R1,171,outbound,Technical Junction,0,2025-10-25 10:20:51,2025-10-25 10:21:57,14,4,38,66,700,0
144H_1029_R2,144,outbound,Rajagiriya,1,2025-10-29 07:55:16,2025-10-29 07:55:55,6,4,53,39,376,1
171G_1027_R1,171,inbound,Punchi Borella,0,2025-10-27 07:46:33,2025-10-27 07:48:00,19,5,91,87,271,1
144G_1030_R2,144,outbound,Fort,1,2025-10-30 06:48:00,2025-10-30 06:48:42,10,2,13,42,311,0
144J_1030_R1,144,inbound,Maradana,0,2025-10-30 10:25:23,2025-10-30 10:26:12,7,3,41,49,362,0
144B_1030_R1,144,outbound,Maradana,0,2025-10-30 09:16:37,2025-10-30 09:17:20,12,5,37,43,679,0
144D_1028_R1,144,outbound,Punchi Borella,0,2025-10-28 17:38:52,2025-10-28 17:39:58,15,6,54,66,496,1
171D_1028_R1,171,inbound,Rajagiriya,0,2025-10-28 06:15:01,2025-10-28 06:15:51,12,3,71,50,494,0
144B_1031_R2,144,outbound,Rajagiriya,1,2025-10-31 09:41:25,2025-10-31 09:42:25,7,9,34,60,670,0
103H_1029_R2,103,inbound,Fort,1,2025-10-29 12:56:26,2025-10-29 12:57:06,7,1,16,40,353,0
144H_1029_R1,144,inbound,Maradana,0,2025-10-29 07:52:32,2025-10-29 07:53:40,14,4,68,68,487,1
171B_1025_R1,171,outbound,Koswatta,1,2025-10-25 10:09:17,2025-10-25 10:10:20,6,11,50,63,616,0
103J_1029_R1,103,inbound,Fort,1,2025-10-29 08:19:11,2025-10-29 08:19:58,7,5,65,47,363,1
171C_1026_R1,171,outbound,Maradana,0,2025-10-26 08:10:00,2025-10-26 08:11:01,18,3,50,61,471,1
171A_1030_R1,171,inbound,Punchi Borella,0,2025-10-30 07:04:23,2025-10-30 07:05:05,8,1,67,42,655,1
103H_1028_R1,103,inbound,Borella,0,2025-10-28 08:12:17,2025-10-28 08:13:43,24,4,54,86,490,1
103B_1031_R1,103,outbound,Fort,1,2025-10-31 07:28:00,2025-10-31 07:28:37,3,5,19,37,483,1
103B_1027_R1,103,outbound,Narahenpita,1,2025-10-27 10:59:51,2025-10-27 11:00:41,5,10,41,50,400,0
144E_1030_R1,144,inbound,Maradana,0,2025-10-30 08:41:14,2025-10-30 08:42:10,9,7,62,56,605,1
103B_1029_R1,103,inbound,Narahenpita,1,2025-10-29 06:44:00,2025-10-29 06:44:47,5,4,16,47,545,0
171D_1026_R1,171,inbound,Battaramulla,0,2025-10-26 09:00:13,2025-10-26 09:01:08,11,4,29,55,356,0
144G_1027_R1,144,inbound,Maradana,0,2025-10-27 18:46:50,2025-10-27 18:47:58,13,8,40,68,618,1
103C_1027_R1,103,inbound,Punchi Borella,0,2025-10-27 12:51:19,2025-10-27 12:51:56,8,5,24,37,472,0
144F_1027_R1,144,inbound,Maradana,0,2025-10-27 09:12:12,2025-10-27 09:12:43,3,3,41,31,467,0
171G_1027_R1,171,outbound,Cotta Road,0,2025-10-27 20:26:05,2025-10-27 20:26:47,4,7,58,42,382,0
171B_1028_R1,171,outbound,Fort,1,2025-10-28 07:27:00,2025-10-28 07:27:18,5,3,12,18,492,1
103A_1026_R1,103,outbound,Maradana,0,2025-10-26 06:17:03,2025-10-26 06:17:59,10,5,39,56,331,0
171I_1028_R1,171,outbound,Borella,1,2025-10-28 12:43:53,2025-10-28 12:44:57,12,8,59,64,366,0
103E_1029_R1,103,outbound,Fort,1,2025-10-29 17:10:00,2025-10-29 17:11:15,19,5,24,75,632,1
144E_1025_R2,144,inbound,Rajagiriya,1,2025-10-25 17:14:00,2025-10-25 17:15:16,19,3,19,76,513,1
171I_1025_R1,171,outbound,Welikada,0,2025-10-25 11:14:15,2025-10-25 11:14:59,6,6,58,44,560,0
144B_1030_R2,144,inbound,Fort,1,2025-10-30 09:54:37,2025-10-30 09:55:26,9,4,23,49,329,0
144B_1028_R2,144,outbound,Fort,1,2025-10-28 19:13:00,2025-10-28 19:14:02,6,6,23,62,274,0
171H_1030_R1,171,inbound,Battaramulla,0,2025-10-30 12:50:22,2025-10-30 12:51:19,15,2,30,57,571,0
171E_1025_R2,171,inbound,Fort,1,2025-10-25 06:49:51,2025-10-25 06:50:40,7,4,44,49,508,0
171J_1028_R1,171,inbound,Fort,1,2025-10-28 18:52:23,2025-10-28 18:53:12,5,7,118,49,413,1
171A_1031_R1,171,inbound,Borella,1,2025-10-31 09:11:58,2025-10-31 09:12:52,7,10,63,54,283,0
103E_1025_R2,103,inbound,Narahenpita,1,2025-10-25 19:28:00,2025-10-25 19:29:17,15,4,26,77,395,0
103A_1028_R1,103,outbound,Punchi Borella,1,2025-10-28 08:26:27,2025-10-28 08:27:46,16,10,50,79,487,1
171C_1027_R1,171,outbound,Welikada,0,2025-10-27 17:19:39,2025-10-27 17:20:20,8,5,113,41,451,1
171J_1027_R1,171,outbound,Rajagiriya,0,2025-10-27 06:54:44,2025-10-27 06:55:17,6,2,44,33,548,0
171D_1026_R1,171,outbound,Battaramulla,0,2025-10-26 18:31:46,2025-10-26 18:32:42,13,5,108,56,529,1
144F_1030_R1,144,inbound,Punchi Borella,1,2025-10-30 06:19:20,2025-10-30 06:20:22,17,4,52,62,561,0
171B_1029_R1,171,inbound,Koswatta,1,2025-10-29 07:28:00,2025-10-29 07:28:50,10,3,14,50,378,1
171G_1026_R1,171,inbound,Technical Junction,0,2025-10-26 08:29:21,2025-10-26 08:30:14,8,7,102,53,486,1
144B_1030_R1,144,inbound,Cotta Road,0,2025-10-30 19:50:52,2025-10-30 19:51:33,10,3,39,41,457,0
171I_1027_R1,171,inbound,Punchi Borella,0,2025-10-27 19:00:30,2025-10-27 19:01:25,9,5,75,55,417,0
103G_1025_R1,103,inbound,Narahenpita,1,2025-10-25 12:35:00,2025-10-25 12:35:42,12,1,44,42,356,0
171G_1031_R2,171,outbound,Rajagiriya,0,2025-10-31 10:19:38,2025-10-31 10:20:17,5,2,46,39,435,0
144B_1030_R2,144,outbound,Cotta Road,0,2025-10-30 06:53:57,2025-10-30 06:54:39,7,4,45,42,370,0
171I_1030_R1,171,inbound,Battaramulla,0,2025-10-30 16:27:19,2025-10-30 16:28:22,14,5,44,63,361,1
171A_1026_R1,171,outbound,Borella,1,2025-10-26 07:57:29,2025-10-26 07:58:46,12,11,68,77,508,1
103I_1027_R1,103,inbound,Maradana,1,2025-10-27 09:07:46,2025-10-27 09:08:52,14,7,46,66,384,0
171D_1026_R2,171,inbound,Fort,1,2025-10-26 17:27:44,2025-10-26 17:28:32,8,9,105,48,370,1
144H_1030_R2,144,inbound,Borella,0,2025-10-30 10:48:47,2025-10-30 10:49:36,11,5,58,49,391,0
171G_1030_R1,171,outbound,Battaramulla,0,2025-10-30 18:27:14,2025-10-30 18:28:11,10,6,104,57,496,1
171I_1028_R1,171,inbound,Punchi Borella,0,2025-10-28 08:01:36,2025-10-28 08:02:43,12,12,90,67,459,1
171H_1027_R1,171,outbound,Rajagiriya,0,2025-10-27 13:25:41,2025-10-27 13:26:43,9,11,41,62,242,0
103C_1031_R1,103,inbound,Pettah,0,2025-10-31 07:54:58,2025-10-31 07:55:42,8,4,66,44,471,1
103E_1025_R1,103,inbound,Pettah,0,2025-10-25 07:58:57,2025-10-25 07:59:54,7,9,57,57,503,1
144A_1025_R2,144,inbound,Borella,0,2025-10-25 08:01:17,2025-10-25 08:02:24,19,1,58,67,350,1
171J_1025_R2,171,outbound,Punchi Borella,0,2025-10-25 08:22:32,2025-10-25 08:23:17,5,6,97,45,410,1
103G_1030_R1,103,outbound,Narahenpita,1,2025-10-30 17:38:37,2025-10-30 17:40:01,13,10,42,84,354,1
171F_1028_R1,171,outbound,Cotta Road,0,2025-10-28 16:53:14,2025-10-28 16:53:51,9,3,76,37,455,1
171C_1029_R2,171,outbound,Fort,1,2025-10-29 06:54:00,2025-10-29 06:54:34,0,4,27,34,514,0
144J_1025_R2,144,outbound,Fort,1,2025-10-25 07:19:00,2025-10-25 07:20:05,18,3,18,65,437,1
171I_1027_R1,171,outbound,Cotta Road,0,2025-10-27 07:52:34,2025-10-27 07:53:30,11,7,72,56,203,1
103J_1028_R1,103,inbound,Narahenpita,1,2025-10-28 10:32:00,2025-10-28 10:32:44,7,3,9,44,305,0
171D_1031_R2,171,outbound,Battaramulla,0,2025-10-31 11:42:30,2025-10-31 11:43:17,6,9,58,47,363,0
144C_1027_R2,144,inbound,Fort,1,2025-10-27 08:17:21,2025-10-27 08:18:18,9,6,79,57,424,1
144I_1031_R2,144,inbound,Borella,0,2025-10-31 09:11:40,2025-10-31 09:12:33,11,3,35,53,400,0
144B_1028_R1,144,outbound,Borella,1,2025-10-28 10:14:20,2025-10-28 10:15:25,14,5,46,65,437,0
103E_1027_R1,103,outbound,Maradana,0,2025-10-27 17:15:47,2025-10-27 17:16:30,10,3,54,43,425,1
144B_1031_R1,144,outbound,Borella,1,2025-10-31 09:15:25,2025-10-31 09:16:34,10,10,58,69,455,0
171J_1026_R1,171,outbound,Koswatta,1,2025-10-26 10:52:50,2025-10-26 10:53:38,4,7,43,48,447,0
171B_1025_R1,171,outbound,Pettah,0,2025-10-25 09:31:15,2025-10-25 09:32:12,10,6,35,57,616,0
103I_1026_R2,103,inbound,Narahenpita,1,2025-10-26 19:40:00,2025-10-26 19:40:45,12,3,17,45,631,0
103I_1026_R1,103,outbound,Fort,1,2025-10-26 14:13:00,2025-10-26 14:13:58,11,2,19,58,531,0
171D_1026_R1,171,inbound,Maradana,0,2025-10-26 09:30:26,2025-10-26 09:31:23,9,7,44,57,356,0
103E_1028_R1,103,outbound,Pettah,0,2025-10-28 10:43:01,2025-10-28 10:43:32,4,3,25,31,671,0
103C_1025_R2,103,outbound,Narahenpita,1,2025-10-25 17:48:32,2025-10-25 17:49:20,8,7,73,48,399,1
171J_1029_R1,171,inbound,Punchi Borella,0,2025-10-29 17:11:47,2025-10-29 17:12:58,10,10,71,71,299,1
144E_1030_R1,144,inbound,Punchi Borella,1,2025-10-30 08:35:09,2025-10-30 08:36:39,17,8,60,90,605,1
103D_1026_R2,103,inbound,Maradana,1,2025-10-26 18:42:30,2025-10-26 18:43:37,17,10,66,67,363,1
171D_1028_R1,171,outbound,Punchi Borella,0,2025-10-28 08:55:18,2025-10-28 08:56:20,10,8,78,62,456,1
103E_1031_R2,103,inbound,Borella,0,2025-10-31 07:42:32,2025-10-31 07:43:41,15,4,34,69,416,1
171G_1028_R2,171,outbound,Maradana,0,2025-10-28 08:03:06,2025-10-28 08:03:58,10,3,71,52,378,1
171D_1029_R1,171,inbound,Maradana,0,2025-10-29 17:15:09,2025-10-29 17:16:07,9,4,56,58,462,1
144C_1029_R2,144,outbound,Rajagiriya,1,2025-10-29 08:17:53,2025-10-29 08:19:12,9,11,70,79,607,1
103J_1025_R1,103,inbound,Pettah,0,2025-10-25 10:20:35,2025-10-25 10:21:16,6,6,48,41,253,0
171C_1025_R1,171,inbound,Borella,1,2025-10-25 08:20:55,2025-10-25 08:22:13,15,10,76,78,400,1
171C_1025_R2,171,outbound,Koswatta,1,2025-10-25 19:57:43,2025-10-25 19:58:50,11,9,41,67,686,0
171D_1029_R2,171,outbound,Maradana,0,2025-10-29 19:27:28,2025-10-29 19:27:47,2,2,29,19,530,0
144A_1031_R2,144,inbound,Rajagiriya,1,2025-10-31 16:12:00,2025-10-31 16:13:16,20,2,39,76,450,1
171C_1030_R1,171,outbound,Welikada,0,2025-10-30 09:15:23,2025-10-30 09:16:02,5,3,96,39,577,0
171F_1027_R1,171,inbound,Technical Junction,0,2025-10-27 10:26:43,2025-10-27 10:27:29,4,5,66,46,265,0
144B_1025_R1,144,inbound,Fort,1,2025-10-25 17:09:21,2025-10-25 17:10:17,9,9,79,56,509,1
171I_1029_R2,171,inbound,Punchi Borella,0,2025-10-29 18:40:06,2025-10-29 18:40:57,3,10,62,51,288,1
171J_1031_R1,171,outbound,Technical Junction,0,2025-10-31 12:09:42,2025-10-31 12:10:41,16,4,43,59,522,0
171C_1029_R2,171,inbound,Borella,1,2025-10-29 10:11:24,2025-10-29 10:12:34,17,5,64,70,424,0
103B_1027_R1,103,inbound,Borella,0,2025-10-27 17:16:07,2025-10-27 17:17:08,13,2,33,61,617,1
171B_1027_R2,171,outbound,Maradana,0,2025-10-27 17:13:11,2025-10-27 17:14:24,16,4,88,73,491,1
103A_1026_R2,103,outbound,Maradana,0,2025-10-26 14:09:29,2025-10-26 14:10:14,11,1,45,45,394,0
103B_1025_R1,103,outbound,Fort,1,2025-10-25 07:19:00,2025-10-25 07:20:07,13,3,39,67,559,1
171A_1027_R1,171,outbound,Welikada,0,2025-10-27 21:12:34,2025-10-27 21:13:13,6,5,49,39,502,0
171A_1027_R1,171,inbound,Punchi Borella,0,2025-10-27 09:28:52,2025-10-27 09:29:31,4,6,50,39,524,0
103B_1031_R2,103,outbound,Fort,1,2025-10-31 10:17:00,2025-10-31 10:17:40,11,1,21,40,609,0
144D_1030_R1,144,outbound,Punchi Borella,0,2025-10-30 10:29:03,2025-10-30 10:29:44,9,4,35,41,459,0
171C_1026_R2,171,outbound,Fort,1,2025-10-26 16:57:00,2025-10-26 16:57:33,1,5,10,33,335,1
171F_1030_R1,171,outbound,Koswatta,1,2025-10-30 16:53:24,2025-10-30 16:54:44,13,12,61,80,673,1
171G_1029_R1,171,outbound,Borella,1,2025-10-29 08:50:28,2025-10-29 08:51:34,12,7,65,66,548,1
171C_1030_R1,171,outbound,Battaramulla,0,2025-10-30 09:22:04,2025-10-30 09:23:02,7,8,95,58,577,0
144A_1031_R1,144,outbound,Borella,1,2025-10-31 16:30:34,2025-10-31 16:32:07,19,11,68,93,553,1
103J_1025_R1,103,inbound,Narahenpita,1,2025-10-25 10:03:00,2025-10-25 10:04:05,11,4,30,65,253,0
144B_1025_R1,144,outbound,Maradana,0,2025-10-25 06:07:37,2025-10-25 06:08:12,4,3,31,35,456,0
103D_1026_R2,103,outbound,Punchi Borella,1,2025-10-26 08:01:55,2025-10-26 08:03:13,17,8,67,78,503,1
171J_1030_R1,171,outbound,Punchi Borella,0,2025-10-30 16:27:34,2025-10-30 16:28:30,12,5,54,56,599,1
171A_1026_R1,171,inbound,Fort,1,2025-10-26 15:51:37,2025-10-26 15:52:31,6,8,56,54,423,0
171H_1029_R1,171,inbound,Fort,1,2025-10-29 19:35:59,2025-10-29 19:36:47,7,8,62,48,331,0
171A_1025_R2,171,inbound,Fort,1,2025-10-25 20:36:36,2025-10-25 20:37:35,10,7,78,59,453,0
171J_1025_R1,171,inbound,Punchi Borella,0,2025-10-25 18:13:34,2025-10-25 18:14:43,12,10,80,69,513,1
144B_1028_R2,144,outbound,Maradana,0,2025-10-28 19:19:04,2025-10-28 19:19:52,12,3,32,48,274,0
171H_1030_R1,171,outbound,Technical Junction,0,2025-10-30 16:31:09,2025-10-30 16:32:17,15,2,35,68,228,1
144C_1026_R1,144,inbound,Maradana,0,2025-10-26 09:43:07,2025-10-26 09:43:39,4,2,29,32,499,0
103C_1027_R1,103,inbound,Pettah,0,2025-10-27 13:03:30,2025-10-27 13:04:02,3,4,29,32,472,0
103B_1030_R2,103,outbound,Pettah,0,2025-10-30 12:19:59,2025-10-30 12:20:54,16,0,55,55,643,0
171J_1031_R1,171,inbound,Cotta Road,0,2025-10-31 18:00:46,2025-10-31 18:01:44,14,5,52,58,528,1
103I_1025_R1,103,inbound,Fort,1,2025-10-25 19:40:27,2025-10-25 19:41:03,3,3,37,36,701,0
103B_1029_R1,103,outbound,Punchi Borella,1,2025-10-29 17:01:35,2025-10-29 17:03:09,20,9,66,94,371,1
171D_1029_R2,171,inbound,Maradana,0,2025-10-29 07:59:00,2025-10-29 07:59:31,4,4,102,31,492,1
171F_1028_R1,171,outbound,Battaramulla,0,2025-10-28 17:08:52,2025-10-28 17:09:34,7,4,87,42,455,1
103E_1028_R1,103,inbound,Borella,0,2025-10-28 17:53:31,2025-10-28 17:54:39,14,4,34,68,611,1
171G_1028_R1,171,inbound,Punchi Borella,0,2025-10-28 19:11:48,2025-10-28 19:12:39,7,7,67,51,444,0
144J_1025_R1,144,inbound,Fort,1,2025-10-25 19:15:02,2025-10-25 19:15:46,7,3,51,44,405,0
171E_1028_R1,171,inbound,Borella,1,2025-10-28 17:24:53,2025-10-28 17:26:05,15,9,75,72,271,1
171J_1027_R2,171,inbound,Cotta Road,0,2025-10-27 20:35:00,2025-10-27 20:35:25,0,5,50,25,366,0
144B_1026_R1,144,outbound,Fort,1,2025-10-26 08:33:00,2025-10-26 08:33:49,12,3,20,49,488,1
103D_1031_R1,103,outbound,Narahenpita,1,2025-10-31 17:26:37,2025-10-31 17:27:46,14,5,58,69,577,1
103J_1026_R1,103,outbound,Fort,1,2025-10-26 07:17:00,2025-10-26 07:18:01,12,5,49,61,431,1
144A_1026_R1,144,inbound,Fort,1,2025-10-26 19:02:55,2025-10-26 19:03:56,9,10,64,61,654,0
171F_1026_R1,171,inbound,Cotta Road,0,2025-10-26 17:37:41,2025-10-26 17:38:59,21,3,76,78,256,1
171G_1031_R1,171,outbound,Cotta Road,0,2025-10-31 12:33:03,2025-10-31 12:34:08,7,8,54,65,537,0
171D_1029_R1,171,inbound,Punchi Borella,0,2025-10-29 17:12:03,2025-10-29 17:12:55,7,9,51,52,462,1
144D_1025_R2,144,outbound,Fort,1,2025-10-25 19:48:00,2025-10-25 19:48:35,9,1,29,35,390,0
171I_1028_R1,171,inbound,Fort,1,2025-10-28 08:25:24,2025-10-28 08:26:13,5,12,82,49,459,1
103G_1025_R1,103,inbound,Borella,0,2025-10-25 12:39:03,2025-10-25 12:39:54,8,4,48,51,356,0
171C_1027_R1,171,outbound,Cotta Road,0,2025-10-27 17:11:01,2025-10-27 17:12:04,9,9,112,63,451,1
171E_1031_R2,171,inbound,Cotta Road,0,2025-10-31 14:36:58,2025-10-31 14:38:03,17,5,60,65,586,0
171B_1029_R1,171,outbound,Welikada,0,2025-10-29 06:50:28,2025-10-29 06:51:02,0,10,48,34,681,0
103F_1028_R1,103,inbound,Narahenpita,1,2025-10-28 19:42:00,2025-10-28 19:42:55,12,4,17,55,240,0
144G_1027_R1,144,inbound,Fort,1,2025-10-27 18:51:30,2025-10-27 18:52:39,12,6,46,69,618,1
103F_1025_R1,103,outbound,Pettah,0,2025-10-25 10:59:30,2025-10-25 11:00:11,11,4,22,41,180,0
171J_1029_R1,171,outbound,Pettah,0,2025-10-29 16:47:37,2025-10-29 16:48:22,9,1,23,45,493,1
144G_1031_R1,144,inbound,Rajagiriya,1,2025-10-31 06:14:00,2025-10-31 06:14:53,9,4,11,53,523,0
171E_1025_R1,171,inbound,Technical Junction,0,2025-10-25 09:37:17,2025-10-25 09:37:59,3,7,75,42,283,0
144B_1026_R2,144,outbound,Fort,1,2025-10-26 08:29:00,2025-10-26 08:30:19,17,8,28,79,413,1
171D_1029_R1,171,outbound,Punchi Borella,0,2025-10-29 07:16:03,2025-10-29 07:17:00,16,2,76,57,722,1
171J_1028_R1,171,outbound,Fort,1,2025-10-28 17:37:00,2025-10-28 17:38:17,18,5,27,77,340,1
103A_1025_R1,103,outbound,Fort,1,2025-10-25 09:03:00,2025-10-25 09:03:36,9,2,40,36,468,0
103D_1031_R2,103,inbound,Fort,1,2025-10-31 07:59:03,2025-10-31 07:59:41,10,2,91,38,404,1
144C_1027_R2,144,inbound,Cotta Road,0,2025-10-27 07:57:13,2025-10-27 07:58:16,14,4,47,63,424,1
144F_1030_R2,144,outbound,Borella,1,2025-10-30 19:35:52,2025-10-30 19:36:38,10,4,41,46,450,0
144C_1026_R2,144,inbound,Punchi Borella,1,2025-10-26 10:12:00,2025-10-26 10:12:59,13,5,46,59,591,0
144D_1030_R1,144,inbound,Fort,1,2025-10-30 10:05:57,2025-10-30 10:06:46,7,5,47,49,364,0
171C_1029_R1,171,inbound,Koswatta,1,2025-10-29 16:57:00,2025-10-29 16:57:53,14,4,24,53,564,1
144D_1031_R1,144,inbound,Fort,1,2025-10-31 07:48:19,2025-10-31 07:49:26,16,4,55,67,554,1
171D_1029_R1,171,outbound,Welikada,0,2025-10-29 07:38:59,2025-10-29 07:39:55,5,9,92,56,722,1
171J_1026_R2,171,outbound,Punchi Borella,0,2025-10-26 10:11:15,2025-10-26 10:12:23,15,4,48,68,481,0
144H_1029_R1,144,outbound,Rajagiriya,1,2025-10-29 16:35:38,2025-10-29 16:36:32,8,8,89,54,369,1
144D_1028_R2,144,outbound,Cotta Road,0,2025-10-28 08:46:57,2025-10-28 08:48:03,9,10,77,66,480,1
171F_1027_R2,171,outbound,Battaramulla,0,2025-10-27 18:38:13,2025-10-27 18:39:18,9,7,98,65,680,1
171F_1030_R1,171,inbound,Maradana,0,2025-10-30 06:38:45,2025-10-30 06:39:31,3,9,56,46,499,0
171J_1026_R1,171,inbound,Welikada,0,2025-10-26 09:06:40,2025-10-26 09:07:14,5,3,63,34,456,0
144I_1031_R1,144,inbound,Punchi Borella,1,2025-10-31 08:35:29,2025-10-31 08:36:28,13,4,80,59,324,1
171H_1028_R1,171,inbound,Welikada,0,2025-10-28 20:42:58,2025-10-28 20:43:53,12,5,50,55,427,0
171I_1026_R1,171,outbound,Koswatta,1,2025-10-26 10:09:44,2025-10-26 10:10:25,7,3,77,41,476,0
144C_1029_R2,144,outbound,Maradana,0,2025-10-29 08:00:42,2025-10-29 08:01:58,18,4,52,76,607,1
144J_1030_R1,144,inbound,Cotta Road,0,2025-10-30 10:14:10,2025-10-30 10:15:14,14,3,36,64,362,0
171F_1031_R2,171,inbound,Rajagiriya,0,2025-10-31 06:16:32,2025-10-31 06:17:31,9,3,39,59,576,0
103B_1028_R1,103,inbound,Punchi Borella,0,2025-10-28 09:32:14,2025-10-28 09:32:56,11,3,53,42,483,0
144J_1025_R1,144,outbound,Cotta Road,0,2025-10-25 10:45:11,2025-10-25 10:45:46,3,5,64,35,782,0
171A_1026_R1,171,inbound,Koswatta,1,2025-10-26 14:59:00,2025-10-26 15:00:05,15,6,24,65,423,0
171I_1031_R1,171,inbound,Borella,1,2025-10-31 08:05:39,2025-10-31 08:06:36,6,7,56,57,297,1
144F_1028_R1,144,inbound,Fort,1,2025-10-28 17:44:37,2025-10-28 17:45:25,7,11,64,48,611,1
171I_1025_R1,171,outbound,Rajagiriya,0,2025-10-25 11:08:32,2025-10-25 11:09:33,13,7,58,61,560,0
144J_1030_R1,144,inbound,Punchi Borella,1,2025-10-30 10:20:06,2025-10-30 10:21:07,7,7,37,61,362,0
171D_1030_R1,171,outbound,Pettah,0,2025-10-30 18:53:48,2025-10-30 18:54:27,9,3,34,39,343,1
171E_1027_R1,171,outbound,Borella,1,2025-10-27 18:34:29,2025-10-27 18:35:23,10,3,65,54,416,1
103B_1029_R1,103,outbound,Narahenpita,1,2025-10-29 17:12:02,2025-10-29 17:13:06,11,9,69,64,371,1
171E_1031_R1,171,outbound,Fort,1,2025-10-31 16:57:00,2025-10-31 16:58:00,12,5,18,60,553,1
144F_1030_R2,144,inbound,Fort,1,2025-10-30 07:58:22,2025-10-30 07:59:03,5,7,60,41,532,1
171A_1030_R1,171,outbound,Koswatta,1,2025-10-30 09:59:33,2025-10-30 10:00:10,2,5,49,37,342,0
103J_1026_R1,103,inbound,Borella,0,2025-10-26 17:07:18,2025-10-26 17:08:20,13,3,48,62,652,1
144A_1026_R1,144,outbound,Borella,1,2025-10-26 07:18:52,2025-10-26 07:19:48,11,4,49,56,675,1
171H_1029_R1,171,outbound,Borella,1,2025-10-29 20:10:59,2025-10-29 20:11:44,4,6,53,45,532,0
144C_1028_R1,144,inbound,Cotta Road,0,2025-10-28 12:17:48,2025-10-28 12:19:00,11,8,22,72,463,0
103B_1031_R1,103,inbound,Pettah,0,2025-10-31 07:34:11,2025-10-31 07:35:06,11,5,64,55,587,1
171E_1028_R1,171,outbound,Cotta Road,0,2025-10-28 09:50:46,2025-10-28 09:51:36,5,9,39,50,456,0
171B_1031_R1,171,outbound,Punchi Borella,0,2025-10-31 21:07:58,2025-10-31 21:09:01,17,4,74,63,503,0
144C_1031_R1,144,inbound,Cotta Road,0,2025-10-31 08:50:15,2025-10-31 08:51:12,13,4,39,57,497,1
144H_1029_R2,144,outbound,Punchi Borella,0,2025-10-29 07:43:28,2025-10-29 07:44:40,19,3,45,72,376,1
144D_1031_R1,144,outbound,Rajagiriya,1,2025-10-31 20:54:08,2025-10-31 20:55:20,10,8,40,72,696,0
103A_1031_R1,103,inbound,Fort,1,2025-10-31 12:56:04,2025-10-31 12:56:50,7,6,39,46,435,0
144B_1026_R1,144,inbound,Punchi Borella,1,2025-10-26 08:56:47,2025-10-26 08:58:02,20,5,70,75,326,1
171F_1027_R1,171,inbound,Fort,1,2025-10-27 10:36:57,2025-10-27 10:38:06,7,12,64,69,265,0
171F_1027_R1,171,inbound,Cotta Road,0,2025-10-27 10:06:34,2025-10-27 10:07:35,16,2,64,61,265,0
103I_1029_R1,103,outbound,Pettah,0,2025-10-29 15:02:07,2025-10-29 15:02:48,9,3,40,41,425,0
171G_1026_R1,171,inbound,Fort,1,2025-10-26 08:37:58,2025-10-26 08:38:55,6,10,91,57,486,1
171B_1027_R1,171,outbound,Fort,1,2025-10-27 08:48:00,2025-10-27 08:49:03,16,2,33,63,383,1
171D_1031_R1,171,outbound,Cotta Road,0,2025-10-31 17:06:53,2025-10-31 17:07:41,7,6,66,48,508,1
171A_1028_R2,171,inbound,Maradana,0,2025-10-28 16:39:13,2025-10-28 16:40:09,7,7,59,56,371,1
103F_1031_R1,103,inbound,Punchi Borella,0,2025-10-31 17:15:59,2025-10-31 17:16:54,12,5,30,55,489,1
103G_1030_R1,103,outbound,Punchi Borella,1,2025-10-30 17:24:43,2025-10-30 17:25:42,8,6,40,59,354,1
171A_1025_R2,171,inbound,Welikada,0,2025-10-25 19:53:59,2025-10-25 19:54:55,15,0,50,56,453,0
144F_1030_R1,144,outbound,Fort,1,2025-10-30 17:05:00,2025-10-30 17:05:42,7,2,33,42,372,1
103F_1029_R2,103,outbound,Narahenpita,1,2025-10-29 07:17:55,2025-10-29 07:18:51,10,7,58,56,497,1
171I_1028_R1,171,inbound,Technical Junction,0,2025-10-28 08:16:11,2025-10-28 08:17:05,5,8,87,54,459,1
171D_1027_R1,171,inbound,Maradana,0,2025-10-27 17:01:59,2025-10-27 17:02:59,12,10,83,60,668,1
144D_1026_R1,144,outbound,Fort,1,2025-10-26 09:05:00,2025-10-26 09:05:56,14,5,26,56,543,0
171G_1028_R1,171,outbound,Borella,1,2025-10-28 10:34:13,2025-10-28 10:35:01,10,4,63,48,363,0
144C_1030_R2,144,inbound,Borella,0,2025-10-30 19:19:16,2025-10-30 19:20:23,16,2,47,67,532,0
171E_1025_R2,171,inbound,Welikada,0,2025-10-25 06:16:08,2025-10-25 06:16:49,8,4,35,41,508,0
171H_1028_R2,171,outbound,Cotta Road,0,2025-10-28 08:39:30,2025-10-28 08:40:17,9,6,95,47,417,1
103J_1028_R1,103,outbound,Pettah,0,2025-10-28 08:56:25,2025-10-28 08:57:22,15,2,43,57,512,1
144A_1025_R1,144,inbound,Maradana,0,2025-10-25 17:59:24,2025-10-25 18:00:25,7,9,62,61,349,1
144B_1030_R1,144,inbound,Punchi Borella,1,2025-10-30 20:00:08,2025-10-30 20:01:07,9,6,45,59,457,0
171E_1026_R1,171,outbound,Battaramulla,0,2025-10-26 07:17:27,2025-10-26 07:18:23,11,7,52,56,425,1
171E_1025_R1,171,outbound,Maradana,0,2025-10-25 10:24:18,2025-10-25 10:24:28,0,1,37,10,700,0
171J_1031_R1,171,outbound,Rajagiriya,0,2025-10-31 12:35:24,2025-10-31 12:36:24,10,7,68,60,522,0
171B_1029_R2,171,inbound,Rajagiriya,0,2025-10-29 12:57:26,2025-10-29 12:58:16,13,2,53,50,360,0
144F_1027_R1,144,outbound,Borella,1,2025-10-27 08:28:47,2025-10-27 08:30:19,20,9,39,92,322,1
171I_1026_R1,171,inbound,Welikada,0,2025-10-26 19:15:51,2025-10-26 19:16:49,11,3,24,58,746,0
171D_1030_R1,171,inbound,Rajagiriya,0,2025-10-30 10:17:24,2025-10-30 10:18:25,15,4,83,61,611,0
171C_1025_R2,171,outbound,Battaramulla,0,2025-10-25 19:51:45,2025-10-25 19:52:43,6,8,39,58,686,0
103C_1030_R1,103,inbound,Punchi Borella,0,2025-10-30 06:13:04,2025-10-30 06:13:56,8,6,41,52,390,0
171B_1025_R1,171,inbound,Welikada,0,2025-10-25 16:32:53,2025-10-25 16:33:59,18,3,67,66,345,1
103D_1031_R1,103,inbound,Punchi Borella,0,2025-10-31 17:25:03,2025-10-31 17:26:30,24,4,58,87,627,1
103C_1031_R1,103,inbound,Narahenpita,1,2025-10-31 07:36:00,2025-10-31 07:36:39,5,4,29,39,471,1
144J_1027_R1,144,outbound,Borella,1,2025-10-27 09:28:24,2025-10-27 09:29:43,17,9,49,79,716,0
144J_1028_R1,144,inbound,Rajagiriya,1,2025-10-28 20:42:00,2025-10-28 20:42:50,13,3,29,50,515,0
103A_1025_R1,103,outbound,Narahenpita,1,2025-10-25 09:21:59,2025-10-25 09:22:40,6,5,56,41,468,0
171C_1028_R1,171,inbound,Fort,1,2025-10-28 08:59:07,2025-10-28 09:00:01,6,10,80,54,402,1
171F_1030_R1,171,outbound,Welikada,0,2025-10-30 16:45:47,2025-10-30 16:46:36,6,9,59,49,673,1
171F_1026_R1,171,outbound,Rajagiriya,0,2025-10-26 19:59:14,2025-10-26 19:59:48,9,4,69,34,720,0
144G_1026_R1,144,inbound,Cotta Road,0,2025-10-26 19:13:36,2025-10-26 19:14:33,11,2,44,57,383,0
144H_1025_R2,144,inbound,Cotta Road,0,2025-10-25 10:37:28,2025-10-25 10:38:06,5,3,27,38,402,0
171D_1029_R1,171,inbound,Technical Junction,0,2025-10-29 17:17:37,2025-10-29 17:18:25,8,6,58,48,462,1
103E_1026_R1,103,inbound,Borella,0,2025-10-26 10:25:22,2025-10-26 10:26:12,6,4,38,50,492,0
144J_1031_R2,144,inbound,Borella,0,2025-10-31 07:12:30,2025-10-31 07:13:13,8,2,60,43,572,1
103B_1030_R1,103,inbound,Fort,1,2025-10-30 19:47:38,2025-10-30 19:48:47,8,9,44,69,399,0
144C_1031_R1,144,outbound,Rajagiriya,1,2025-10-31 10:36:10,2025-10-31 10:36:59,7,8,50,49,561,0
144F_1026_R2,144,outbound,Fort,1,2025-10-26 06:31:00,2025-10-26 06:31:39,7,3,38,39,381,0
144J_1030_R2,144,outbound,Fort,1,2025-10-30 10:56:00,2025-10-30 10:56:36,6,2,26,36,603,0
103F_1031_R2,103,inbound,Pettah,0,2025-10-31 19:24:34,2025-10-31 19:25:21,7,4,45,47,566,0
171E_1027_R1,171,outbound,Pettah,0,2025-10-27 18:15:09,2025-10-27 18:16:28,17,4,23,79,416,1
144F_1026_R1,144,inbound,Fort,1,2025-10-26 09:50:55,2025-10-26 09:51:34,3,7,36,39,534,0
144A_1027_R1,144,inbound,Rajagiriya,1,2025-10-27 16:06:00,2025-10-27 16:06:59,14,3,48,59,603,1
103I_1026_R1,103,inbound,Borella,0,2025-10-26 06:15:53,2025-10-26 06:16:30,8,2,38,37,527,0
144I_1026_R1,144,outbound,Fort,1,2025-10-26 20:32:00,2025-10-26 20:32:54,12,4,23,54,492,0
103C_1025_R1,103,outbound,Fort,1,2025-10-25 17:22:00,2025-10-25 17:23:02,18,1,42,62,418,1
103A_1031_R2,103,outbound,Borella,0,2025-10-31 16:46:27,2025-10-31 16:47:15,6,10,22,48,530,1
171F_1027_R1,171,inbound,Koswatta,1,2025-10-27 09:54:00,2025-10-27 09:54:39,9,3,25,39,265,0
144B_1027_R1,144,inbound,Maradana,0,2025-10-27 18:15:53,2025-10-27 18:16:53,9,9,38,60,505,1
103G_1030_R1,103,inbound,Pettah,0,2025-10-30 08:15:51,2025-10-30 08:16:44,7,10,33,53,632,1
103G_1026_R1,103,inbound,Borella,0,2025-10-26 10:41:58,2025-10-26 10:42:48,12,4,49,50,538,0
144B_1029_R1,144,inbound,Rajagiriya,1,2025-10-29 16:09:00,2025-10-29 16:09:51,12,2,41,51,550,1
171D_1026_R1,171,inbound,Fort,1,2025-10-26 09:41:38,2025-10-26 09:42:29,7,7,40,51,356,0
103D_1031_R1,103,outbound,Maradana,0,2025-10-31 17:09:13,2025-10-31 17:10:27,14,7,39,74,577,1
144E_1026_R1,144,outbound,Punchi Borella,0,2025-10-26 07:58:06,2025-10-26 07:59:15,17,3,38,69,281,1
103I_1026_R2,103,outbound,Maradana,0,2025-10-26 08:40:05,2025-10-26 08:41:30,21,5,68,85,433,1
171C_1031_R1,171,outbound,Pettah,0,2025-10-31 09:52:42,2025-10-31 09:53:20,9,5,43,38,366,0
171B_1028_R1,171,inbound,Technical Junction,0,2025-10-28 19:27:36,2025-10-28 19:28:30,8,9,59,54,728,0
171C_1031_R1,171,outbound,Punchi Borella,0,2025-10-31 10:07:47,2025-10-31 10:08:52,14,4,73,65,366,0
103F_1028_R2,103,inbound,Pettah,0,2025-10-28 17:20:52,2025-10-28 17:21:32,4,6,59,40,390,1
171C_1026_R1,171,outbound,Fort,1,2025-10-26 07:57:00,2025-10-26 07:57:46,9,4,9,46,471,1
103B_1030_R2,103,inbound,Maradana,1,2025-10-30 06:39:22,2025-10-30 06:40:03,10,3,54,41,508,0
171F_1031_R1,171,inbound,Borella,1,2025-10-31 21:05:00,2025-10-31 21:06:08,13,7,63,68,377,0
171J_1030_R2,171,outbound,Battaramulla,0,2025-10-30 19:55:53,2025-10-30 19:56:52,9,5,45,59,673,0
144F_1029_R2,144,outbound,Fort,1,2025-10-29 20:09:00,2025-10-29 20:09:30,4,3,28,30,532,0
171D_1029_R1,171,inbound,Rajagiriya,0,2025-10-29 16:52:48,2025-10-29 16:53:38,6,5,33,50,462,1
171B_1027_R1,171,inbound,Technical Junction,0,2025-10-27 07:10:58,2025-10-27 07:11:59,12,9,50,61,324,1
171D_1031_R1,171,outbound,Battaramulla,0,2025-10-31 17:21:05,2025-10-31 17:21:50,10,4,67,45,508,1
144D_1028_R2,144,outbound,Punchi Borella,0,2025-10-28 08:34:57,2025-10-28 08:35:36,5,4,56,39,480,1
144F_1030_R2,144,inbound,Punchi Borella,1,2025-10-30 07:44:45,2025-10-30 07:45:36,14,2,64,51,532,1
103E_1028_R1,103,inbound,Maradana,1,2025-10-28 18:02:35,2025-10-28 18:03:36,16,2,66,61,611,1
171E_1026_R1,171,outbound,Punchi Borella,0,2025-10-26 06:52:19,2025-10-26 06:53:11,10,6,54,52,425,0
144G_1030_R2,144,inbound,Maradana,0,2025-10-30 07:03:39,2025-10-30 07:04:50,17,6,32,71,453,1
103I_1025_R1,103,inbound,Narahenpita,1,2025-10-25 19:17:00,2025-10-25 19:17:39,9,3,22,39,701,0
103B_1031_R1,103,inbound,Punchi Borella,0,2025-10-31 07:24:50,2025-10-31 07:26:11,22,5,39,81,587,1
144H_1027_R1,144,outbound,Punchi Borella,0,2025-10-27 12:33:55,2025-10-27 12:34:18,4,2,32,23,490,0
103G_1027_R1,103,outbound,Fort,1,2025-10-27 19:57:00,2025-10-27 19:57:48,6,6,9,48,416,0
171D_1031_R2,171,inbound,Maradana,0,2025-10-31 20:44:05,2025-10-31 20:45:03,6,9,70,58,374,0
171G_1031_R1,171,inbound,Fort,1,2025-10-31 16:51:02,2025-10-31 16:51:53,8,8,86,51,650,1
144C_1030_R2,144,inbound,Punchi Borella,1,2025-10-30 19:23:06,2025-10-30 19:24:07,9,10,46,61,532,0
171F_1026_R1,171,inbound,Maradana,0,2025-10-26 17:54:12,2025-10-26 17:55:34,15,12,94,82,256,1
103B_1028_R1,103,outbound,Borella,0,2025-10-28 06:23:38,2025-10-28 06:24:13,5,5,32,35,534,0
144J_1026_R1,144,outbound,Rajagiriya,1,2025-10-26 14:26:18,2025-10-26 14:26:55,5,7,39,37,349,0
171H_1029_R2,171,inbound,Battaramulla,0,2025-10-29 08:15:00,2025-10-29 08:16:02,9,6,26,62,363,1
103H_1028_R1,103,outbound,Narahenpita,1,2025-10-28 19:07:43,2025-10-28 19:08:32,9,5,79,49,417,0
103B_1025_R2,103,inbound,Punchi Borella,0,2025-10-25 07:57:55,2025-10-25 07:58:57,20,1,39,62,593,1
171E_1030_R2,171,outbound,Technical Junction,0,2025-10-30 16:51:31,2025-10-30 16:52:51,25,1,49,80,395,1
171G_1027_R1,171,inbound,Cotta Road,0,2025-10-27 07:36:20,2025-10-27 07:37:30,20,3,62,70,271,1
103C_1030_R1,103,outbound,Fort,1,2025-10-30 07:38:00,2025-10-30 07:38:52,9,6,16,52,601,1
144G_1030_R2,144,outbound,Borella,1,2025-10-30 07:03:35,2025-10-30 07:05:11,21,10,48,96,311,1
103D_1031_R1,103,outbound,Borella,0,2025-10-31 17:21:45,2025-10-31 17:22:34,6,5,49,49,577,1
171D_1026_R1,171,outbound,Maradana,0,2025-10-26 18:02:01,2025-10-26 18:02:53,8,3,62,52,529,1
171C_1031_R1,171,inbound,Rajagiriya,0,2025-10-31 17:35:35,2025-10-31 17:37:03,22,3,62,88,315,1
144A_1028_R1,144,inbound,Cotta Road,0,2025-10-28 12:05:35,2025-10-28 12:06:32,13,4,37,57,615,0
171B_1029_R2,171,inbound,Pettah,0,2025-10-29 13:28:42,2025-10-29 13:29:45,9,8,69,63,360,0
171G_1031_R1,171,outbound,Punchi Borella,0,2025-10-31 12:25:11,2025-10-31 12:25:50,10,3,50,39,537,0
103J_1027_R1,103,outbound,Pettah,0,2025-10-27 08:14:17,2025-10-27 08:15:09,13,4,24,52,365,1
103A_1026_R1,103,inbound,Borella,0,2025-10-26 06:31:52,2025-10-26 06:32:49,8,3,38,57,663,0
144I_1031_R1,144,outbound,Fort,1,2025-10-31 20:02:00,2025-10-31 20:02:56,17,6,25,56,455,0
144A_1029_R1,144,inbound,Borella,0,2025-10-29 16:13:13,2025-10-29 16:13:27,2,0,35,14,540,1
103A_1026_R1,103,outbound,Fort,1,2025-10-26 06:05:00,2025-10-26 06:05:47,11,3,27,47,331,0
103F_1029_R1,103,inbound,Fort,1,2025-10-29 14:25:59,2025-10-29 14:26:58,8,9,43,59,523,0
171B_1031_R2,171,inbound,Rajagiriya,0,2025-10-31 08:07:27,2025-10-31 08:08:18,12,3,38,51,376,1
144F_1031_R1,144,outbound,Cotta Road,0,2025-10-31 06:58:15,2025-10-31 06:59:33,10,12,40,78,604,0
144B_1028_R1,144,inbound,Punchi Borella,1,2025-10-28 11:09:07,2025-10-28 11:09:43,8,4,60,36,408,0
171H_1031_R1,171,inbound,Battaramulla,0,2025-10-31 10:30:18,2025-10-31 10:31:28,17,6,52,70,620,0
171C_1031_R2,171,inbound,Welikada,0,2025-10-31 08:37:39,2025-10-31 08:38:46,18,4,56,67,276,1
171G_1031_R1,171,outbound,Fort,1,2025-10-31 12:06:00,2025-10-31 12:06:36,7,3,7,36,537,0
144A_1026_R1,144,outbound,Fort,1,2025-10-26 07:02:00,2025-10-26 07:02:47,14,0,14,47,675,1
171J_1029_R1,171,inbound,Maradana,0,2025-10-29 17:16:11,2025-10-29 17:17:26,11,13,69,75,299,1
103I_1028_R1,103,outbound,Pettah,0,2025-10-28 12:21:02,2025-10-28 12:21:54,10,3,53,52,575,0
103B_1029_R1,103,inbound,Pettah,0,2025-10-29 07:04:23,2025-10-29 07:05:11,5,7,24,48,545,1
144F_1029_R2,144,outbound,Borella,1,2025-10-29 20:24:52,2025-10-29 20:25:56,13,4,49,64,532,0
171C_1030_R1,171,outbound,Cotta Road,0,2025-10-30 09:03:24,2025-10-30 09:04:04,5,4,87,40,577,0
103G_1030_R2,103,inbound,Punchi Borella,0,2025-10-30 07:39:50,2025-10-30 07:40:43,9,6,24,53,507,1
103D_1026_R1,103,outbound,Maradana,0,2025-10-26 12:12:54,2025-10-26 12:13:56,14,5,38,62,557,0
171F_1031_R1,171,inbound,Technical Junction,0,2025-10-31 21:21:32,2025-10-31 21:22:08,4,8,60,36,377,0
171B_1031_R2,171,inbound,Maradana,0,2025-10-31 08:27:52,2025-10-31 08:28:35,6,7,52,43,376,1
171B_1031_R1,171,outbound,Battaramulla,0,2025-10-31 21:32:07,2025-10-31 21:33:07,7,8,77,60,503,0
103A_1025_R2,103,inbound,Punchi Borella,0,2025-10-25 16:13:49,2025-10-25 16:14:45,17,3,27,56,431,1
103G_1026_R1,103,outbound,Punchi Borella,1,2025-10-26 17:42:45,2025-10-26 17:44:09,19,5,85,84,559,1
144B_1026_R1,144,inbound,Fort,1,2025-10-26 09:05:41,2025-10-26 09:06:18,7,4,73,37,326,0
103F_1031_R1,103,inbound,Borella,0,2025-10-31 17:11:11,2025-10-31 17:12:27,15,8,23,76,489,1
171F_1027_R1,171,outbound,Borella,1,2025-10-27 10:55:08,2025-10-27 10:56:16,13,6,43,68,443,0
103D_1030_R1,103,outbound,Fort,1,2025-10-30 18:52:00,2025-10-30 18:53:12,17,6,31,72,393,1
144B_1031_R1,144,outbound,Rajagiriya,1,2025-10-31 09:23:38,2025-10-31 09:24:35,11,4,59,57,455,0
144F_1031_R1,144,inbound,Punchi Borella,1,2025-10-31 08:09:36,2025-10-31 08:10:23,6,2,48,47,549,1
171E_1031_R2,171,inbound,Fort,1,2025-10-31 15:02:29,2025-10-31 15:03:41,12,8,69,72,586,0
103E_1027_R1,103,inbound,Punchi Borella,0,2025-10-27 10:51:24,2025-10-27 10:52:18,14,3,40,54,565,0
144E_1029_R1,144,outbound,Cotta Road,0,2025-10-29 06:40:17,2025-10-29 06:41:10,6,9,45,53,585,0
171C_1031_R2,171,inbound,Punchi Borella,0,2025-10-31 08:56:43,2025-10-31 08:57:33,7,5,95,50,276,1
103C_1030_R1,103,outbound,Narahenpita,1,2025-10-30 07:56:57,2025-10-30 07:57:58,10,7,57,61,601,1
171J_1028_R2,171,outbound,Maradana,0,2025-10-28 17:41:09,2025-10-28 17:42:27,21,6,72,78,583,1
144J_1031_R1,144,inbound,Cotta Road,0,2025-10-31 10:13:30,2025-10-31 10:14:08,6,4,21,38,515,0
171D_1029_R2,171,outbound,Rajagiriya,0,2025-10-29 19:46:26,2025-10-29 19:47:12,8,4,38,46,530,0
103B_1028_R2,103,outbound,Narahenpita,1,2025-10-28 19:55:33,2025-10-28 19:56:21,5,6,40,48,409,0
144C_1030_R1,144,outbound,Rajagiriya,1,2025-10-30 10:45:26,2025-10-30 10:46:11,7,4,58,45,480,0
171F_1027_R1,171,outbound,Maradana,0,2025-10-27 10:45:35,2025-10-27 10:46:31,11,5,26,56,443,0
171I_1031_R1,171,inbound,Cotta Road,0,2025-10-31 07:58:55,2025-10-31 08:00:00,14,4,57,65,297,1
103D_1029_R1,103,inbound,Pettah,0,2025-10-29 13:24:32,2025-10-29 13:25:22,5,7,32,50,497,0
103A_1028_R1,103,outbound,Fort,1,2025-10-28 08:09:00,2025-10-28 08:09:48,10,3,33,48,487,1
103J_1026_R1,103,inbound,Fort,1,2025-10-26 17:27:56,2025-10-26 17:28:16,0,2,40,20,652,1
171G_1030_R1,171,inbound,Koswatta,1,2025-10-30 17:23:00,2025-10-30 17:23:53,11,5,39,53,525,1
171I_1025_R2,171,outbound,Punchi Borella,0,2025-10-25 12:43:10,2025-10-25 12:44:06,7,4,26,56,196,0
103F_1030_R1,103,outbound,Narahenpita,1,2025-10-30 14:45:08,2025-10-30 14:46:00,6,5,37,52,758,0
103G_1027_R2,103,outbound,Narahenpita,1,2025-10-27 20:17:55,2025-10-27 20:18:55,10,6,21,60,529,0
103I_1030_R1,103,outbound,Punchi Borella,1,2025-10-30 10:37:37,2025-10-30 10:38:43,13,6,57,66,382,0
171D_1025_R1,171,outbound,Fort,1,2025-10-25 08:33:00,2025-10-25 08:34:16,20,5,44,76,536,1
103F_1030_R1,103,outbound,Punchi Borella,1,2025-10-30 14:35:40,2025-10-30 14:37:01,13,10,37,81,758,0
144A_1026_R1,144,outbound,Cotta Road,0,2025-10-26 07:23:31,2025-10-26 07:24:25,10,7,52,54,675,1
171A_1026_R1,171,outbound,Cotta Road,0,2025-10-26 08:00:16,2025-10-26 08:00:59,9,5,72,43,508,1
171D_1027_R2,171,inbound,Welikada,0,2025-10-27 10:31:24,2025-10-27 10:31:53,3,3,47,29,438,0
171C_1026_R1,171,inbound,Technical Junction,0,2025-10-26 06:58:40,2025-10-26 06:59:22,7,5,88,42,504,0
103G_1025_R1,103,outbound,Narahenpita,1,2025-10-25 18:26:06,2025-10-25 18:26:57,10,5,39,51,233,1
171B_1026_R1,171,inbound,Koswatta,1,2025-10-26 16:19:00,2025-10-26 16:20:37,31,4,59,97,359,1
144F_1027_R1,144,inbound,Borella,0,2025-10-27 09:03:04,2025-10-27 09:03:52,10,4,34,48,467,0
171I_1025_R1,171,outbound,Pettah,0,2025-10-25 10:39:12,2025-10-25 10:40:11,11,3,27,59,560,0
103H_1031_R1,103,inbound,Punchi Borella,0,2025-10-31 07:04:18,2025-10-31 07:05:30,19,5,50,72,416,1
144A_1030_R1,144,outbound,Cotta Road,0,2025-10-30 12:44:20,2025-10-30 12:45:01,3,5,49,41,463,0
171E_1030_R2,171,outbound,Pettah,0,2025-10-30 16:47:35,2025-10-30 16:48:56,21,5,25,81,395,1
144D_1028_R1,144,inbound,Borella,0,2025-10-28 10:45:06,2025-10-28 10:46:08,13,2,40,62,571,0
171D_1028_R2,171,outbound,Welikada,0,2025-10-28 09:52:19,2025-10-28 09:53:09,8,7,51,50,399,0
144C_1027_R2,144,outbound,Cotta Road,0,2025-10-27 08:40:26,2025-10-27 08:41:42,12,9,71,76,584,1
103I_1030_R1,103,outbound,Pettah,0,2025-10-30 10:25:48,2025-10-30 10:27:03,17,4,46,75,382,0
103H_1028_R2,103,outbound,Maradana,0,2025-10-28 18:28:56,2025-10-28 18:29:51,12,4,56,55,462,1
144B_1028_R1,144,outbound,Maradana,0,2025-10-28 10:04:21,2025-10-28 10:05:05,9,2,32,44,437,0
144E_1029_R1,144,outbound,Rajagiriya,1,2025-10-29 06:44:17,2025-10-29 06:45:06,3,7,41,49,585,0
171A_1028_R2,171,inbound,Pettah,0,2025-10-28 16:45:45,2025-10-28 16:46:31,8,7,61,46,371,1
171J_1025_R1,171,outbound,Pettah,0,2025-10-25 10:15:35,2025-10-25 10:16:46,19,3,30,71,180,0
103F_1031_R1,103,outbound,Maradana,0,2025-10-31 07:13:54,2025-10-31 07:14:34,11,2,55,40,485,1
103G_1031_R1,103,outbound,Maradana,0,2025-10-31 07:37:09,2025-10-31 07:38:16,18,5,48,67,542,1
144C_1030_R1,144,inbound,Cotta Road,0,2025-10-30 13:04:40,2025-10-30 13:05:39,14,5,36,59,436,0
144F_1028_R1,144,outbound,Borella,1,2025-10-28 17:13:44,2025-10-28 17:14:55,18,7,64,71,553,1
103I_1025_R1,103,outbound,Maradana,0,2025-10-25 19:20:17,2025-10-25 19:21:12,10,5,46,55,467,0
144E_1031_R2,144,outbound,Fort,1,2025-10-31 12:43:00,2025-10-31 12:43:45,4,4,16,45,662,0
171E_1031_R1,171,outbound,Rajagiriya,0,2025-10-31 17:34:34,2025-10-31 17:35:36,14,4,96,62,553,1
171H_1027_R1,171,inbound,Borella,1,2025-10-27 06:57:22,2025-10-27 06:58:41,15,8,65,79,571,0
144J_1030_R1,144,inbound,Rajagiriya,1,2025-10-30 10:10:00,2025-10-30 10:10:39,4,1,25,39,362,0
171H_1029_R1,171,outbound,Punchi Borella,0,2025-10-29 20:07:41,2025-10-29 20:08:20,8,3,55,39,532,0
171J_1027_R1,171,outbound,Pettah,0,2025-10-27 06:20:46,2025-10-27 06:21:40,11,5,16,54,548,0
171G_1031_R2,171,outbound,Welikada,0,2025-10-31 10:24:44,2025-10-31 10:25:34,2,9,39,50,435,0
144F_1026_R1,144,inbound,Maradana,0,2025-10-26 09:45:18,2025-10-26 09:46:02,4,8,40,44,534,0
144A_1028_R2,144,outbound,Cotta Road,0,2025-10-28 20:13:55,2025-10-28 20:14:25,1,7,47,30,492,0
103B_1027_R1,103,inbound,Maradana,1,2025-10-27 17:30:56,2025-10-27 17:31:28,4,7,42,32,617,1
144C_1026_R1,144,outbound,Maradana,0,2025-10-26 09:33:06,2025-10-26 09:33:46,8,1,25,40,420,0
171B_1029_R1,171,outbound,Punchi Borella,0,2025-10-29 06:32:44,2025-10-29 06:33:24,5,5,51,40,681,0
103E_1031_R2,103,inbound,Narahenpita,1,2025-10-31 07:35:00,2025-10-31 07:36:03,14,6,23,63,416,1
144B_1026_R2,144,outbound,Maradana,0,2025-10-26 08:32:47,2025-10-26 08:33:47,20,2,46,60,413,1
144G_1026_R1,144,outbound,Rajagiriya,1,2025-10-26 10:14:54,2025-10-26 10:15:31,4,4,46,37,590,0
171G_1025_R1,171,inbound,Welikada,0,2025-10-25 17:58:36,2025-10-25 18:00:13,25,5,70,97,292,1
171G_1031_R1,171,inbound,Borella,1,2025-10-31 16:24:57,2025-10-31 16:25:48,12,3,85,51,650,1
171G_1027_R1,171,inbound,Maradana,0,2025-10-27 07:53:01,2025-10-27 07:54:10,15,5,101,69,271,1
144A_1026_R1,144,inbound,Punchi Borella,1,2025-10-26 18:51:42,2025-10-26 18:52:41,13,4,61,59,654,1
144G_1031_R1,144,inbound,Maradana,0,2025-10-31 06:32:38,2025-10-31 06:33:35,9,8,36,57,523,0
103E_1028_R1,103,outbound,Borella,0,2025-10-28 10:56:22,2025-10-28 10:57:21,9,13,31,59,671,0
171F_1028_R1,171,outbound,Maradana,0,2025-10-28 16:35:43,2025-10-28 16:36:35,13,3,58,52,455,1
144C_1029_R2,144,outbound,Fort,1,2025-10-29 07:55:00,2025-10-29 07:55:58,13,3,38,58,607,1
171H_1026_R1,171,outbound,Borella,1,2025-10-26 09:12:20,2025-10-26 09:13:04,13,1,75,44,514,0
103H_1025_R2,103,inbound,Pettah,0,2025-10-25 09:23:58,2025-10-25 09:25:02,9,9,64,64,442,0
171B_1026_R2,171,outbound,Cotta Road,0,2025-10-26 12:42:17,2025-10-26 12:43:00,2,11,65,43,570,0
171J_1027_R2,171,inbound,Maradana,0,2025-10-27 20:45:57,2025-10-27 20:46:38,7,3,68,41,366,0
144C_1027_R2,144,outbound,Rajagiriya,1,2025-10-27 08:45:25,2025-10-27 08:45:57,3,3,71,32,584,1
171E_1030_R1,171,inbound,Pettah,0,2025-10-30 08:49:13,2025-10-30 08:50:18,13,8,63,65,342,1
171G_1029_R2,171,outbound,Fort,1,2025-10-29 08:18:00,2025-10-29 08:18:37,11,3,26,37,715,1
144A_1029_R2,144,outbound,Rajagiriya,1,2025-10-29 18:35:43,2025-10-29 18:36:27,6,7,84,44,786,1
171C_1029_R1,171,inbound,Pettah,0,2025-10-29 17:35:35,2025-10-29 17:36:32,9,8,94,57,564,1
103G_1027_R2,103,outbound,Fort,1,2025-10-27 19:53:00,2025-10-27 19:53:44,5,5,15,44,529,0
103B_1030_R1,103,outbound,Borella,0,2025-10-30 07:25:14,2025-10-30 07:26:00,7,6,64,46,344,1
144J_1027_R1,144,inbound,Maradana,0,2025-10-27 16:33:10,2025-10-27 16:34:27,23,2,70,77,359,1
171H_1029_R1,171,outbound,Welikada,0,2025-10-29 20:24:27,2025-10-29 20:25:19,6,7,47,52,532,0
144F_1030_R2,144,outbound,Rajagiriya,1,2025-10-30 19:45:57,2025-10-30 19:46:42,4,6,39,45,450,0
103J_1030_R1,103,outbound,Punchi Borella,1,2025-10-30 16:19:41,2025-10-30 16:20:57,14,7,72,76,314,1
144H_1026_R2,144,outbound,Fort,1,2025-10-26 07:15:00,2025-10-26 07:16:36,25,4,50,96,436,1
144B_1029_R2,144,outbound,Cotta Road,0,2025-10-29 16:57:34,2025-10-29 16:58:19,7,4,40,45,442,1
171C_1027_R2,171,inbound,Fort,1,2025-10-27 21:14:22,2025-10-27 21:15:36,11,10,51,74,296,0
171F_1027_R1,171,outbound,Punchi Borella,0,2025-10-27 10:49:05,2025-10-27 10:50:02,13,3,36,57,443,0
103G_1031_R2,103,inbound,Fort,1,2025-10-31 21:14:47,2025-10-31 21:15:46,8,7,52,59,434,0
103E_1030_R2,103,outbound,Maradana,0,2025-10-30 16:49:24,2025-10-30 16:50:44,19,6,56,80,587,1
171C_1026_R2,171,outbound,Cotta Road,0,2025-10-26 17:27:06,2025-10-26 17:28:07,6,11,58,61,335,1
171C_1031_R1,171,inbound,Koswatta,1,2025-10-31 17:23:00,2025-10-31 17:23:46,11,2,18,46,315,1
144H_1027_R2,144,inbound,Punchi Borella,1,2025-10-27 10:07:34,2025-10-27 10:08:34,7,10,40,60,501,0
144G_1029_R1,144,inbound,Fort,1,2025-10-29 06:26:11,2025-10-29 06:26:53,5,7,28,42,180,0
103B_1025_R2,103,inbound,Narahenpita,1,2025-10-25 07:49:00,2025-10-25 07:49:37,4,5,4,37,593,1
144G_1027_R2,144,inbound,Cotta Road,0,2025-10-27 07:48:53,2025-10-27 07:49:39,6,5,41,46,382,1
171G_1027_R1,171,inbound,Battaramulla,0,2025-10-27 07:18:39,2025-10-27 07:19:51,17,5,28,72,271,1
171I_1031_R1,171,inbound,Battaramulla,0,2025-10-31 07:46:08,2025-10-31 07:46:50,8,2,48,42,297,1
103D_1028_R2,103,inbound,Maradana,1,2025-10-28 20:08:32,2025-10-28 20:09:25,9,8,43,53,577,0
171A_1025_R1,171,inbound,Pettah,0,2025-10-25 08:20:24,2025-10-25 08:21:32,16,1,106,68,598,1
171G_1025_R1,171,outbound,Punchi Borella,0,2025-10-25 06:59:44,2025-10-25 07:00:33,8,4,40,49,519,0
144C_1030_R1,144,inbound,Rajagiriya,1,2025-10-30 12:58:00,2025-10-30 12:58:57,15,2,27,57,436,0
144A_1029_R1,144,outbound,Fort,1,2025-10-29 08:04:00,2025-10-29 08:05:13,19,4,21,73,587,1
103G_1030_R1,103,outbound,Fort,1,2025-10-30 17:06:00,2025-10-30 17:07:04,14,3,21,64,354,1
103B_1027_R2,103,outbound,Pettah,0,2025-10-27 06:39:48,2025-10-27 06:40:27,7,2,28,39,511,0
144H_1031_R1,144,outbound,Rajagiriya,1,2025-10-31 08:46:12,2025-10-31 08:47:37,14,10,55,85,425,1
144B_1027_R2,144,inbound,Maradana,0,2025-10-27 14:38:33,2025-10-27 14:39:25,8,5,38,52,504,0
171E_1027_R1,171,inbound,Borella,1,2025-10-27 07:34:17,2025-10-27 07:35:44,18,11,52,87,532,1
171A_1030_R1,171,inbound,Cotta Road,0,2025-10-30 06:53:15,2025-10-30 06:54:00,5,5,60,45,655,0
144F_1029_R1,144,outbound,Cotta Road,0,2025-10-29 06:26:11,2025-10-29 06:27:00,9,3,49,49,338,0
171G_1031_R1,171,outbound,Technical Junction,0,2025-10-31 12:16:37,2025-10-31 12:17:47,17,4,31,70,537,0
103A_1027_R1,103,inbound,Narahenpita,1,2025-10-27 19:40:00,2025-10-27 19:40:30,6,2,27,30,396,0
171C_1030_R2,171,inbound,Pettah,0,2025-10-30 15:22:23,2025-10-30 15:23:05,6,7,60,42,490,0
171C_1031_R2,171,inbound,Battaramulla,0,2025-10-31 08:30:00,2025-10-31 08:31:32,26,2,42,92,276,1
103D_1027_R1,103,inbound,Borella,0,2025-10-27 17:37:28,2025-10-27 17:37:54,5,3,34,26,470,1
103I_1026_R2,103,inbound,Maradana,1,2025-10-26 19:51:32,2025-10-26 19:52:40,10,7,36,68,631,0
103B_1028_R2,103,inbound,Pettah,0,2025-10-28 16:52:10,2025-10-28 16:53:30,9,12,64,80,571,1
144D_1030_R1,144,inbound,Cotta Road,0,2025-10-30 09:47:19,2025-10-30 09:48:08,11,2,30,49,364,0
171J_1029_R1,171,outbound,Welikada,0,2025-10-29 17:21:21,2025-10-29 17:21:58,3,8,68,37,493,1
103H_1029_R1,103,inbound,Fort,1,2025-10-29 08:20:52,2025-10-29 08:21:54,13,9,72,62,550,1
171J_1025_R1,171,outbound,Fort,1,2025-10-25 10:12:00,2025-10-25 10:13:02,14,2,14,62,180,0
144B_1030_R2,144,outbound,Fort,1,2025-10-30 06:31:00,2025-10-30 06:31:39,6,4,22,39,370,0
144A_1025_R1,144,inbound,Cotta Road,0,2025-10-25 17:47:13,2025-10-25 17:47:54,12,2,62,41,349,1
144E_1026_R1,144,inbound,Borella,0,2025-10-26 19:55:43,2025-10-26 19:56:45,14,4,41,62,421,0
144H_1029_R1,144,inbound,Borella,0,2025-10-29 07:37:25,2025-10-29 07:38:40,19,5,49,75,487,1
144C_1031_R2,144,outbound,Cotta Road,0,2025-10-31 08:54:45,2025-10-31 08:55:44,10,9,80,59,535,1
103E_1030_R1,103,inbound,Narahenpita,1,2025-10-30 06:37:00,2025-10-30 06:37:58,10,5,23,58,429,0
103B_1027_R1,103,inbound,Pettah,0,2025-10-27 17:35:36,2025-10-27 17:36:37,7,11,38,61,617,1
144A_1025_R1,144,outbound,Cotta Road,0,2025-10-25 18:17:04,2025-10-25 18:18:26,13,11,67,82,515,1
103G_1027_R1,103,outbound,Borella,0,2025-10-27 20:18:17,2025-10-27 20:19:25,12,9,31,68,416,0
171G_1031_R1,171,inbound,Rajagiriya,0,2025-10-31 16:14:06,2025-10-31 16:15:09,16,4,62,63,650,1
144J_1026_R2,144,outbound,Cotta Road,0,2025-10-26 11:08:46,2025-10-26 11:09:33,8,7,34,47,468,0
103D_1029_R1,103,outbound,Pettah,0,2025-10-29 14:55:46,2025-10-29 14:56:44,9,5,13,58,430,0
144H_1029_R2,144,inbound,Maradana,0,2025-10-29 19:26:18,2025-10-29 19:27:14,4,6,34,56,404,0
171E_1030_R1,171,inbound,Borella,1,2025-10-30 08:29:16,2025-10-30 08:30:24,13,7,58,68,342,1
144F_1026_R2,144,outbound,Maradana,0,2025-10-26 06:34:23,2025-10-26 06:35:26,13,3,48,63,381,0
103D_1027_R1,103,outbound,Narahenpita,1,2025-10-27 08:58:44,2025-10-27 09:00:04,13,9,91,80,571,1
171J_1025_R1,171,outbound,Cotta Road,0,2025-10-25 10:42:14,2025-10-25 10:42:57,4,6,40,43,180,0
171E_1025_R1,171,inbound,Koswatta,1,2025-10-25 08:57:00,2025-10-25 08:58:41,27,2,39,101,283,1
103B_1031_R1,103,outbound,Punchi Borella,1,2025-10-31 07:40:42,2025-10-31 07:41:33,9,7,35,51,483,1
103I_1025_R2,103,inbound,Fort,1,2025-10-25 16:26:19,2025-10-25 16:27:15,8,7,89,56,498,1
171F_1027_R2,171,outbound,Maradana,0,2025-10-27 18:09:34,2025-10-27 18:10:44,19,3,64,70,680,1
144B_1026_R2,144,inbound,Rajagiriya,1,2025-10-26 07:13:00,2025-10-26 07:14:26,23,2,23,86,424,1
171F_1029_R1,171,outbound,Technical Junction,0,2025-10-29 16:19:07,2025-10-29 16:19:32,4,2,27,25,566,1
144D_1031_R1,144,inbound,Rajagiriya,1,2025-10-31 07:27:00,2025-10-31 07:27:33,10,0,10,33,554,1
144J_1031_R1,144,inbound,Punchi Borella,1,2025-10-31 10:24:22,2025-10-31 10:25:32,13,7,33,70,515,0
103I_1027_R1,103,inbound,Borella,0,2025-10-27 08:55:24,2025-10-27 08:56:26,19,2,30,62,384,1
171G_1029_R1,171,outbound,Pettah,0,2025-10-29 08:26:19,2025-10-29 08:27:26,19,3,29,67,548,1
171F_1025_R1,171,outbound,Borella,1,2025-10-25 18:34:52,2025-10-25 18:35:47,13,7,55,55,569,1
171G_1025_R1,171,outbound,Pettah,0,2025-10-25 06:45:09,2025-10-25 06:46:16,13,3,17,67,519,0
171E_1027_R1,171,outbound,Rajagiriya,0,2025-10-27 18:40:57,2025-10-27 18:41:58,15,4,73,61,416,1
171H_1028_R1,171,outbound,Koswatta,1,2025-10-28 20:23:42,2025-10-28 20:24:43,5,12,44,61,678,0
144F_1030_R2,144,outbound,Cotta Road,0,2025-10-30 19:40:09,2025-10-30 19:41:12,9,9,41,63,450,0
171H_1025_R1,171,outbound,Welikada,0,2025-10-25 17:00:58,2025-10-25 17:02:06,7,9,54,68,541,1
171B_1029_R2,171,inbound,Punchi Borella,0,2025-10-29 13:13:59,2025-10-29 13:14:31,4,4,75,32,360,0
144D_1027_R2,144,inbound,Fort,1,2025-10-27 18:43:39,2025-10-27 18:44:43,8,12,57,64,353,1
171B_1027_R1,171,outbound,Welikada,0,2025-10-27 09:23:55,2025-10-27 09:24:40,6,5,63,45,383,0
171E_1027_R1,171,outbound,Battaramulla,0,2025-10-27 18:53:13,2025-10-27 18:54:11,10,6,73,58,416,1
171B_1029_R2,171,inbound,Cotta Road,0,2025-10-29 13:02:30,2025-10-29 13:03:41,19,2,70,71,360,0
171A_1028_R1,171,outbound,Pettah,0,2025-10-28 16:59:54,2025-10-28 17:01:16,21,4,53,82,617,1
171G_1028_R2,171,outbound,Battaramulla,0,2025-10-28 08:31:27,2025-10-28 08:32:16,8,6,81,49,378,1
171H_1029_R2,171,inbound,Welikada,0,2025-10-29 08:20:20,2025-10-29 08:21:04,10,4,32,44,363,1
171F_1029_R1,171,inbound,Koswatta,1,2025-10-29 09:37:00,2025-10-29 09:37:50,13,5,23,50,502,0
144C_1028_R2,144,outbound,Cotta Road,0,2025-10-28 17:44:24,2025-10-28 17:45:25,6,7,62,61,344,1
103G_1028_R1,103,outbound,Narahenpita,1,2025-10-28 16:54:27,2025-10-28 16:55:42,15,10,91,75,289,1
103F_1025_R1,103,inbound,Borella,0,2025-10-25 15:03:23,2025-10-25 15:04:08,9,3,29,45,777,0
171G_1025_R1,171,outbound,Cotta Road,0,2025-10-25 07:12:55,2025-10-25 07:13:41,8,5,56,46,519,1
144A_1025_R1,144,inbound,Borella,0,2025-10-25 17:49:24,2025-10-25 17:50:03,6,4,64,39,349,1
103J_1030_R2,103,outbound,Punchi Borella,1,2025-10-30 16:44:56,2025-10-30 16:45:35,5,3,41,39,634,1
171B_1026_R1,171,outbound,Fort,1,2025-10-26 16:28:00,2025-10-26 16:29:10,18,3,44,70,451,1
171H_1030_R1,171,inbound,Cotta Road,0,2025-10-30 13:01:22,2025-10-30 13:02:15,11,6,40,53,571,0
103H_1025_R1,103,inbound,Maradana,1,2025-10-25 09:27:20,2025-10-25 09:28:36,12,9,51,76,524,0
171B_1026_R2,171,inbound,Fort,1,2025-10-26 17:23:14,2025-10-26 17:24:32,15,7,99,78,467,1
171G_1030_R2,171,outbound,Borella,1,2025-10-30 13:22:17,2025-10-30 13:23:13,13,7,63,56,525,0
103A_1025_R2,103,inbound,Pettah,0,2025-10-25 16:22:04,2025-10-25 16:22:54,10,7,41,50,431,1
171C_1031_R1,171,outbound,Koswatta,1,2025-10-31 10:32:01,2025-10-31 10:32:57,7,8,76,56,366,0
144G_1028_R1,144,inbound,Rajagiriya,1,2025-10-28 09:57:00,2025-10-28 09:57:40,8,3,22,40,404,0
144J_1030_R1,144,inbound,Borella,0,2025-10-30 10:17:49,2025-10-30 10:18:36,6,5,37,47,362,0
103J_1026_R1,103,inbound,Punchi Borella,0,2025-10-26 17:12:50,2025-10-26 17:13:16,1,3,46,26,652,1
103D_1027_R1,103,inbound,Fort,1,2025-10-27 17:57:00,2025-10-27 17:58:02,7,11,49,62,470,1
144I_1030_R1,144,inbound,Fort,1,2025-10-30 10:39:34,2025-10-30 10:40:29,9,5,53,55,647,0
144B_1025_R1,144,outbound,Borella,1,2025-10-25 06:20:25,2025-10-25 06:21:26,11,10,36,61,456,0
171D_1031_R1,171,inbound,Cotta Road,0,2025-10-31 10:37:37,2025-10-31 10:38:50,16,6,51,73,445,0
171A_1025_R2,171,inbound,Punchi Borella,0,2025-10-25 20:17:23,2025-10-25 20:18:34,6,9,73,71,453,0
144C_1028_R1,144,inbound,Maradana,0,2025-10-28 12:32:01,2025-10-28 12:32:24,0,8,28,23,463,0
171I_1030_R1,171,inbound,Borella,1,2025-10-30 16:48:13,2025-10-30 16:49:40,19,8,87,87,361,1
144A_1027_R1,144,outbound,Maradana,0,2025-10-27 18:37:59,2025-10-27 18:38:53,14,2,31,54,545,1
103G_1029_R1,103,inbound,Borella,0,2025-10-29 08:22:16,2025-10-29 08:23:12,15,1,30,56,221,1
144B_1029_R1,144,outbound,Borella,1,2025-10-29 19:19:41,2025-10-29 19:20:32,6,8,44,51,694,0
103H_1030_R2,103,inbound,Fort,1,2025-10-30 20:07:49,2025-10-30 20:08:21,6,4,49,32,759,0
171E_1029_R2,171,inbound,Pettah,0,2025-10-29 11:03:07,2025-10-29 11:03:37,3,3,49,30,443,0
103B_1029_R1,103,inbound,Fort,1,2025-10-29 07:09:25,2025-10-29 07:10:31,10,6,28,66,545,1
144B_1028_R2,144,inbound,Borella,0,2025-10-28 12:38:07,2025-10-28 12:39:00,7,7,29,53,575,0
171D_1027_R1,171,outbound,Pettah,0,2025-10-27 07:19:36,2025-10-27 07:20:17,6,3,27,41,519,1
103A_1027_R1,103,inbound,Borella,0,2025-10-27 19:44:45,2025-10-27 19:45:33,10,5,32,48,396,0
103J_1029_R1,103,inbound,Punchi Borella,0,2025-10-29 08:02:51,2025-10-29 08:04:15,22,2,42,84,363,1
103A_1031_R2,103,outbound,Fort,1,2025-10-31 16:29:00,2025-10-31 16:30:07,15,6,18,67,530,1
144I_1030_R1,144,inbound,Punchi Borella,1,2025-10-30 10:29:27,2025-10-30 10:30:22,9,8,47,55,647,0
171I_1031_R1,171,outbound,Fort,1,2025-10-31 07:09:00,2025-10-31 07:10:01,17,3,30,61,397,1
103A_1029_R1,103,outbound,Narahenpita,1,2025-10-29 07:57:27,2025-10-29 07:58:15,10,8,73,48,551,1
171E_1029_R1,171,inbound,Pettah,0,2025-10-29 08:22:56,2025-10-29 08:23:58,8,11,84,62,444,1
144G_1025_R1,144,inbound,Rajagiriya,1,2025-10-25 20:28:00,2025-10-25 20:28:49,9,3,28,49,266,0
171D_1026_R1,171,inbound,Pettah,0,2025-10-26 09:39:17,2025-10-26 09:39:48,3,6,40,31,356,0
144G_1031_R1,144,outbound,Maradana,0,2025-10-31 10:34:44,2025-10-31 10:35:26,10,3,30,42,379,0
103F_1028_R1,103,inbound,Maradana,1,2025-10-28 19:55:36,2025-10-28 19:56:59,18,6,47,83,240,0
144D_1030_R2,144,outbound,Fort,1,2025-10-30 18:55:00,2025-10-30 18:56:12,17,4,40,72,345,1
144J_1031_R2,144,inbound,Fort,1,2025-10-31 07:23:07,2025-10-31 07:23:54,6,8,75,47,572,1
144H_1027_R1,144,inbound,Punchi Borella,1,2025-10-27 18:42:12,2025-10-27 18:43:27,14,6,49,75,280,1
171J_1030_R2,171,outbound,Borella,1,2025-10-30 19:34:30,2025-10-30 19:35:35,14,6,35,65,673,0
144D_1025_R1,144,outbound,Borella,1,2025-10-25 14:40:44,2025-10-25 14:41:44,7,9,49,60,507,0
144D_1028_R2,144,inbound,Maradana,0,2025-10-28 08:32:04,2025-10-28 08:32:50,9,5,44,46,362,1
171F_1030_R1,171,inbound,Borella,1,2025-10-30 06:28:54,2025-10-30 06:29:47,8,9,63,53,499,0
144G_1027_R1,144,inbound,Punchi Borella,1,2025-10-27 18:43:00,2025-10-27 18:43:43,4,7,35,43,618,1
144G_1027_R1,144,outbound,Borella,1,2025-10-27 07:48:07,2025-10-27 07:49:30,18,7,57,83,597,1
171I_1029_R1,171,inbound,Borella,1,2025-10-29 18:18:55,2025-10-29 18:20:07,20,4,132,72,490,1
171I_1027_R1,171,inbound,Welikada,0,2025-10-27 18:38:15,2025-10-27 18:38:49,4,2,57,34,417,1
144J_1029_R2,144,outbound,Fort,1,2025-10-29 17:13:00,2025-10-29 17:14:03,17,4,23,63,658,1
171I_1030_R1,171,inbound,Fort,1,2025-10-30 17:08:39,2025-10-30 17:09:38,12,7,100,59,361,1
171G_1031_R1,171,outbound,Welikada,0,2025-10-31 12:39:43,2025-10-31 12:40:36,8,8,52,53,537,0
171E_1031_R1,171,outbound,Koswatta,1,2025-10-31 17:48:52,2025-10-31 17:49:35,11,0,111,43,553,1
171H_1028_R2,171,outbound,Maradana,0,2025-10-28 08:23:12,2025-10-28 08:24:19,18,4,72,67,417,1
144B_1026_R2,144,inbound,Punchi Borella,1,2025-10-26 07:30:50,2025-10-26 07:31:51,11,7,48,61,424,1
171A_1029_R1,171,outbound,Borella,1,2025-10-29 18:36:18,2025-10-29 18:37:52,21,10,120,94,440,1
144I_1030_R1,144,outbound,Borella,1,2025-10-30 07:54:27,2025-10-30 07:55:27,14,4,95,60,612,1
171H_1030_R1,171,inbound,Technical Junction,0,2025-10-30 13:21:18,2025-10-30 13:22:09,6,3,53,51,571,0
144J_1028_R1,144,inbound,Fort,1,2025-10-28 21:04:35,2025-10-28 21:05:28,7,8,62,53,515,0
171J_1031_R2,171,inbound,Maradana,0,2025-10-31 08:28:41,2025-10-31 08:29:15,1,6,74,34,434,1
171J_1031_R2,171,outbound,Welikada,0,2025-10-31 17:04:39,2025-10-31 17:05:40,9,5,56,61,270,1
103H_1029_R2,103,outbound,Pettah,0,2025-10-29 17:15:46,2025-10-29 17:16:41,11,5,37,55,348,1
144H_1027_R1,144,outbound,Fort,1,2025-10-27 12:25:00,2025-10-27 12:25:48,12,4,19,48,490,0
103B_1031_R2,103,outbound,Pettah,0,2025-10-31 10:21:41,2025-10-31 10:22:40,13,5,29,59,609,0
144E_1025_R1,144,outbound,Maradana,0,2025-10-25 07:48:15,2025-10-25 07:49:16,13,6,23,61,386,1
144F_1026_R1,144,outbound,Fort,1,2025-10-26 17:32:00,2025-10-26 17:32:59,14,5,32,59,382,1
103E_1026_R1,103,inbound,Pettah,0,2025-10-26 10:40:15,2025-10-26 10:40:53,2,9,42,38,492,0
171J_1028_R1,171,inbound,Cotta Road,0,2025-10-28 18:20:05,2025-10-28 18:21:27,20,3,78,82,413,1
144H_1025_R1,144,outbound,Fort,1,2025-10-25 19:11:00,2025-10-25 19:12:05,14,4,20,65,510,0
171E_1031_R1,171,outbound,Battaramulla,0,2025-10-31 17:43:01,2025-10-31 17:43:56,7,9,100,55,553,1
103D_1028_R1,103,outbound,Punchi Borella,1,2025-10-28 21:07:04,2025-10-28 21:07:40,5,4,50,36,428,0
171J_1029_R1,171,outbound,Technical Junction,0,2025-10-29 16:50:21,2025-10-29 16:51:21,10,5,28,60,493,1
171F_1025_R1,171,inbound,Koswatta,1,2025-10-25 07:57:00,2025-10-25 07:58:24,22,5,43,84,565,1
171F_1026_R1,171,outbound,Borella,1,2025-10-26 19:48:35,2025-10-26 19:49:40,17,4,63,65,720,0
144B_1031_R1,144,inbound,Borella,0,2025-10-31 10:56:28,2025-10-31 10:56:58,7,1,48,30,589,0
103C_1030_R1,103,outbound,Maradana,0,2025-10-30 07:46:48,2025-10-30 07:47:56,15,5,36,68,601,1
144F_1030_R2,144,outbound,Maradana,0,2025-10-30 19:27:00,2025-10-30 19:27:44,11,3,27,44,450,0
103C_1025_R1,103,outbound,Pettah,0,2025-10-25 17:27:06,2025-10-25 17:28:30,20,4,58,84,418,1
103C_1029_R2,103,outbound,Maradana,0,2025-10-29 07:51:42,2025-10-29 07:52:25,10,3,51,43,831,1
144G_1025_R1,144,outbound,Punchi Borella,0,2025-10-25 08:27:44,2025-10-25 08:28:45,17,2,45,61,459,1
103H_1029_R2,103,outbound,Borella,0,2025-10-29 17:30:16,2025-10-29 17:30:56,0,9,66,40,348,1
171G_1025_R1,171,inbound,Maradana,0,2025-10-25 18:24:39,2025-10-25 18:25:40,10,11,112,61,292,1
103I_1030_R1,103,outbound,Borella,0,2025-10-30 10:44:06,2025-10-30 10:44:50,4,9,52,44,382,0
103J_1030_R1,103,inbound,Maradana,1,2025-10-30 09:32:13,2025-10-30 09:33:16,11,6,30,63,308,0
103E_1031_R1,103,outbound,Maradana,0,2025-10-31 06:59:34,2025-10-31 07:00:29,15,1,37,55,436,0
103G_1026_R1,103,inbound,Narahenpita,1,2025-10-26 10:39:00,2025-10-26 10:39:45,11,2,41,45,538,0
144J_1031_R1,144,outbound,Fort,1,2025-10-31 16:58:00,2025-10-31 16:58:40,12,0,12,40,562,1
171D_1030_R1,171,outbound,Cotta Road,0,2025-10-30 19:20:04,2025-10-30 19:20:48,7,6,73,44,343,0
144E_1030_R2,144,inbound,Maradana,0,2025-10-30 17:21:34,2025-10-30 17:22:34,8,7,63,60,577,1
144F_1028_R2,144,inbound,Borella,0,2025-10-28 07:51:06,2025-10-28 07:52:08,16,4,56,62,493,1
144H_1027_R1,144,inbound,Maradana,0,2025-10-27 18:47:25,2025-10-27 18:48:22,6,9,46,57,280,1
144E_1025_R1,144,inbound,Cotta Road,0,2025-10-25 20:19:22,2025-10-25 20:20:11,11,5,30,49,528,0
103E_1029_R2,103,inbound,Borella,0,2025-10-29 09:28:48,2025-10-29 09:29:42,11,3,23,54,482,0
144D_1025_R2,144,outbound,Rajagiriya,1,2025-10-25 20:10:51,2025-10-25 20:11:32,7,4,45,41,390,0
144B_1027_R1,144,inbound,Punchi Borella,1,2025-10-27 18:12:09,2025-10-27 18:13:26,15,12,38,77,505,1
144E_1026_R1,144,outbound,Rajagiriya,1,2025-10-26 08:12:19,2025-10-26 08:13:15,9,6,53,56,281,1
171G_1029_R1,171,inbound,Fort,1,2025-10-29 09:10:14,2025-10-29 09:10:54,9,1,76,40,466,0
103C_1026_R1,103,outbound,Fort,1,2025-10-26 08:14:00,2025-10-26 08:14:52,13,3,26,52,331,1
103B_1028_R1,103,outbound,Maradana,0,2025-10-28 06:16:34,2025-10-28 06:17:21,11,5,37,47,534,0
144G_1025_R2,144,inbound,Cotta Road,0,2025-10-25 07:02:13,2025-10-25 07:03:11,14,4,43,58,549,1
171A_1029_R1,171,outbound,Koswatta,1,2025-10-29 19:03:42,2025-10-29 19:04:23,5,4,124,41,440,0
171C_1028_R1,171,outbound,Borella,1,2025-10-28 07:34:49,2025-10-28 07:36:19,22,8,94,90,596,1
144E_1027_R1,144,inbound,Punchi Borella,1,2025-10-27 09:12:41,2025-10-27 09:13:11,5,5,50,30,397,0
171C_1030_R2,171,inbound,Welikada,0,2025-10-30 14:50:18,2025-10-30 14:51:11,11,4,44,53,490,0
171A_1026_R1,171,outbound,Punchi Borella,0,2025-10-26 07:51:31,2025-10-26 07:52:23,15,3,67,52,508,1
144B_1031_R2,144,outbound,Punchi Borella,0,2025-10-31 09:29:00,2025-10-31 09:29:40,4,5,32,40,670,0
171B_1029_R2,171,inbound,Battaramulla,0,2025-10-29 12:46:18,2025-10-29 12:47:06,12,2,32,48,360,0
144A_1027_R2,144,outbound,Borella,1,2025-10-27 06:17:17,2025-10-27 06:18:18,10,11,42,61,437,0
171I_1028_R1,171,inbound,Battaramulla,0,2025-10-28 07:34:05,2025-10-28 07:35:12,22,2,40,67,459,1
144E_1025_R2,144,inbound,Maradana,0,2025-10-25 17:34:20,2025-10-25 17:35:08,5,8,38,48,513,1
171A_1026_R1,171,outbound,Rajagiriya,0,2025-10-26 08:04:30,2025-10-26 08:05:06,7,5,74,36,508,1
171E_1030_R2,171,outbound,Rajagiriya,0,2025-10-30 17:16:44,2025-10-30 17:17:52,7,10,93,68,395,1
171B_1027_R2,171,outbound,Borella,1,2025-10-27 17:23:19,2025-10-27 17:24:18,11,5,101,59,491,1
171J_1031_R2,171,inbound,Borella,1,2025-10-31 08:17:01,2025-10-31 08:17:57,11,5,74,56,434,1
144G_1029_R2,144,outbound,Punchi Borella,0,2025-10-29 19:29:37,2025-10-29 19:30:43,15,5,29,66,596,0
171D_1027_R1,171,inbound,Rajagiriya,0,2025-10-27 16:42:20,2025-10-27 16:43:24,18,3,70,64,668,1
103C_1028_R1,103,outbound,Pettah,0,2025-10-28 19:48:24,2025-10-28 19:49:07,5,4,39,43,563,0
103I_1030_R1,103,inbound,Punchi Borella,0,2025-10-30 17:22:24,2025-10-30 17:23:08,8,4,40,44,657,1
103A_1028_R1,103,inbound,Fort,1,2025-10-28 20:20:36,2025-10-28 20:21:21,6,6,55,45,474,0
171F_1025_R1,171,inbound,Borella,1,2025-10-25 08:18:41,2025-10-25 08:19:55,14,6,85,74,565,1
171A_1027_R1,171,outbound,Cotta Road,0,2025-10-27 21:02:19,2025-10-27 21:03:17,7,6,52,58,502,0
144I_1028_R1,144,outbound,Punchi Borella,0,2025-10-28 06:28:28,2025-10-28 06:28:51,6,1,21,23,488,0
144F_1030_R1,144,outbound,Punchi Borella,0,2025-10-30 17:14:08,2025-10-30 17:15:28,19,5,65,80,372,1
103C_1028_R2,103,outbound,Pettah,0,2025-10-28 18:46:03,2025-10-28 18:46:48,8,4,41,45,247,1
103D_1025_R1,103,outbound,Narahenpita,1,2025-10-25 07:43:12,2025-10-25 07:44:15,9,8,24,63,346,1
103B_1025_R1,103,inbound,Narahenpita,1,2025-10-25 08:50:00,2025-10-25 08:50:38,9,3,21,38,671,1
144G_1030_R1,144,inbound,Cotta Road,0,2025-10-30 08:41:18,2025-10-30 08:42:20,13,4,16,62,471,1
171A_1031_R1,171,inbound,Technical Junction,0,2025-10-31 09:28:13,2025-10-31 09:28:55,5,5,69,42,283,0
171G_1030_R1,171,inbound,Fort,1,2025-10-30 18:13:58,2025-10-30 18:14:32,5,5,100,34,525,1
171C_1028_R1,171,outbound,Fort,1,2025-10-28 07:10:00,2025-10-28 07:11:16,20,4,30,76,596,1
171A_1025_R2,171,inbound,Cotta Road,0,2025-10-25 20:06:43,2025-10-25 20:07:35,9,3,65,52,453,0
144B_1031_R2,144,inbound,Fort,1,2025-10-31 07:47:11,2025-10-31 07:47:56,9,5,45,45,460,1
171J_1025_R1,171,inbound,Fort,1,2025-10-25 18:34:01,2025-10-25 18:34:58,4,11,88,57,513,1
103D_1026_R1,103,inbound,Punchi Borella,0,2025-10-26 10:12:16,2025-10-26 10:13:15,10,4,27,59,440,0
103J_1031_R1,103,outbound,Pettah,0,2025-10-31 17:50:33,2025-10-31 17:51:36,16,3,43,63,430,1
103E_1027_R1,103,outbound,Borella,0,2025-10-27 17:25:31,2025-10-27 17:26:19,11,0,77,48,425,1
144B_1025_R1,144,inbound,Cotta Road,0,2025-10-25 16:48:31,2025-10-25 16:49:21,10,4,39,50,509,1
103C_1028_R1,103,inbound,Maradana,1,2025-10-28 10:34:48,2025-10-28 10:35:52,13,5,32,64,604,0
103D_1026_R1,103,outbound,Narahenpita,1,2025-10-26 12:28:56,2025-10-26 12:29:35,5,5,43,39,557,0
171H_1025_R1,171,inbound,Punchi Borella,0,2025-10-25 14:39:04,2025-10-25 14:39:59,7,6,80,55,565,0
144H_1026_R1,144,inbound,Fort,1,2025-10-26 19:09:20,2025-10-26 19:10:09,9,7,46,49,459,0
144E_1030_R1,144,outbound,Cotta Road,0,2025-10-30 10:35:11,2025-10-30 10:35:53,4,7,54,42,626,0
171D_1031_R1,171,inbound,Koswatta,1,2025-10-31 10:16:00,2025-10-31 10:16:46,11,2,22,46,445,0
103C_1025_R1,103,inbound,Borella,0,2025-10-25 18:59:17,2025-10-25 19:00:24,12,6,28,67,616,1
144I_1030_R1,144,outbound,Fort,1,2025-10-30 07:38:00,2025-10-30 07:38:56,15,4,43,56,612,1
171J_1031_R2,171,outbound,Borella,1,2025-10-31 16:53:37,2025-10-31 16:54:42,15,3,62,65,270,1
171C_1030_R1,171,inbound,Maradana,0,2025-10-30 21:07:11,2025-10-30 21:07:51,5,8,66,40,508,0
103D_1027_R1,103,outbound,Maradana,0,2025-10-27 08:41:33,2025-10-27 08:42:26,14,2,83,53,571,1
144F_1030_R1,144,outbound,Maradana,0,2025-10-30 17:07:56,2025-10-30 17:09:16,22,4,51,80,372,1
171G_1029_R1,171,inbound,Rajagiriya,0,2025-10-29 08:36:28,2025-10-29 08:37:44,17,4,58,76,466,1
144F_1025_R1,144,inbound,Maradana,0,2025-10-25 07:36:33,2025-10-25 07:37:32,12,5,90,59,666,1
171F_1026_R1,171,outbound,Technical Junction,0,2025-10-26 19:29:00,2025-10-26 19:29:56,16,2,33,56,720,0
171C_1028_R1,171,inbound,Punchi Borella,0,2025-10-28 08:34:43,2025-10-28 08:35:58,15,9,74,75,402,1
103G_1030_R1,103,outbound,Borella,0,2025-10-30 17:32:27,2025-10-30 17:33:13,4,5,39,46,354,1
144E_1026_R1,144,outbound,Borella,1,2025-10-26 08:04:17,2025-10-26 08:05:49,18,7,49,92,281,1
103F_1029_R1,103,inbound,Narahenpita,1,2025-10-29 14:01:00,2025-10-29 14:02:01,13,3,37,61,523,0
171E_1031_R1,171,inbound,Welikada,0,2025-10-31 18:07:38,2025-10-31 18:08:46,11,8,31,68,667,1
171D_1029_R1,171,outbound,Koswatta,1,2025-10-29 07:49:56,2025-10-29 07:51:17,12,9,93,81,722,1
171F_1030_R1,171,outbound,Punchi Borella,0,2025-10-30 16:27:32,2025-10-30 16:28:47,15,8,54,75,673,1
103I_1030_R2,103,inbound,Borella,0,2025-10-30 09:56:32,2025-10-30 09:57:16,9,3,40,44,539,0
144G_1028_R1,144,outbound,Rajagiriya,1,2025-10-28 09:03:03,2025-10-28 09:04:07,6,11,35,64,596,0
103G_1027_R2,103,inbound,Borella,0,2025-10-27 18:02:47,2025-10-27 18:04:06,22,3,59,79,364,1
144F_1027_R1,144,outbound,Punchi Borella,0,2025-10-27 08:23:20,2025-10-27 08:24:16,14,4,28,56,322,1
103E_1028_R1,103,inbound,Punchi Borella,0,2025-10-28 17:59:19,2025-10-28 18:00:35,21,3,52,76,611,1
103G_1026_R1,103,inbound,Punchi Borella,0,2025-10-26 10:46:19,2025-10-26 10:47:17,14,4,59,58,538,0
171D_1031_R2,171,inbound,Welikada,0,2025-10-31 20:15:51,2025-10-31 20:16:37,8,2,45,46,374,0
144H_1026_R2,144,outbound,Borella,1,2025-10-26 07:32:56,2025-10-26 07:34:00,10,10,66,64,436,1
103I_1028_R1,103,outbound,Punchi Borella,1,2025-10-28 12:33:01,2025-10-28 12:33:25,7,4,66,24,575,0
171E_1026_R1,171,inbound,Koswatta,1,2025-10-26 06:49:00,2025-10-26 06:49:51,10,4,22,51,430,0
171J_1027_R2,171,outbound,Borella,1,2025-10-27 16:50:45,2025-10-27 16:51:31,10,5,82,46,337,1
103D_1025_R1,103,outbound,Punchi Borella,1,2025-10-25 07:31:15,2025-10-25 07:32:04,7,9,23,49,346,1
171D_1025_R1,171,outbound,Punchi Borella,0,2025-10-25 08:50:51,2025-10-25 08:52:04,18,7,80,73,536,1
103J_1026_R2,103,outbound,Pettah,0,2025-10-26 10:21:26,2025-10-26 10:22:14,10,1,32,48,443,0
171E_1028_R1,171,inbound,Maradana,0,2025-10-28 17:36:25,2025-10-28 17:37:31,11,8,75,66,271,1
103E_1027_R2,103,outbound,Borella,0,2025-10-27 18:27:59,2025-10-27 18:29:00,8,7,62,61,678,1
171G_1026_R2,171,inbound,Punchi Borella,0,2025-10-26 15:08:40,2025-10-26 15:09:26,6,7,57,46,503,0
144C_1031_R1,144,inbound,Borella,0,2025-10-31 08:54:46,2025-10-31 08:56:09,22,5,56,83,497,1
171I_1025_R2,171,outbound,Technical Junction,0,2025-10-25 12:35:20,2025-10-25 12:35:54,4,5,14,34,196,0
144H_1031_R1,144,inbound,Maradana,0,2025-10-31 17:40:28,2025-10-31 17:41:10,5,7,82,42,482,1
171D_1028_R1,171,inbound,Punchi Borella,0,2025-10-28 06:29:55,2025-10-28 06:30:59,9,8,86,64,494,0
171D_1031_R2,171,inbound,Fort,1,2025-10-31 20:58:47,2025-10-31 20:59:39,4,7,75,52,374,0
103G_1031_R2,103,inbound,Punchi Borella,0,2025-10-31 20:59:43,2025-10-31 21:00:35,11,3,38,52,434,0
144G_1026_R1,144,outbound,Cotta Road,0,2025-10-26 10:09:33,2025-10-26 10:10:22,7,7,46,49,590,0
171E_1026_R1,171,inbound,Battaramulla,0,2025-10-26 06:52:35,2025-10-26 06:53:35,13,7,28,60,430,0
103H_1026_R1,103,inbound,Maradana,1,2025-10-26 09:44:45,2025-10-26 09:45:54,15,9,38,69,517,0
171H_1030_R1,171,outbound,Fort,1,2025-10-30 16:22:00,2025-10-30 16:23:09,16,7,21,69,228,1
171B_1026_R1,171,outbound,Punchi Borella,0,2025-10-26 16:43:31,2025-10-26 16:44:47,14,5,88,76,451,1
103H_1025_R2,103,inbound,Fort,1,2025-10-25 09:26:32,2025-10-25 09:27:34,11,6,69,62,442,0
171C_1030_R2,171,inbound,Rajagiriya,0,2025-10-30 14:52:41,2025-10-30 14:53:41,12,4,52,60,490,0
144G_1026_R2,144,inbound,Cotta Road,0,2025-10-26 16:51:15,2025-10-26 16:52:26,15,8,34,71,541,1
144J_1026_R1,144,inbound,Maradana,0,2025-10-26 09:08:56,2025-10-26 09:09:42,7,6,57,46,520,0
144F_1025_R2,144,outbound,Borella,1,2025-10-25 18:00:37,2025-10-25 18:01:27,11,5,42,50,487,1
144I_1029_R1,144,outbound,Punchi Borella,0,2025-10-29 19:31:23,2025-10-29 19:31:56,3,4,28,33,507,0
171E_1030_R2,171,outbound,Maradana,0,2025-10-30 16:57:05,2025-10-30 16:58:24,21,0,70,79,395,1
103I_1030_R1,103,inbound,Fort,1,2025-10-30 17:35:46,2025-10-30 17:36:43,11,3,69,57,657,1
144D_1030_R2,144,outbound,Maradana,0,2025-10-30 19:02:08,2025-10-30 19:03:15,16,4,52,67,345,0
103J_1027_R2,103,outbound,Pettah,0,2025-10-27 06:28:54,2025-10-27 06:29:49,13,5,54,55,551,0
103A_1028_R1,103,outbound,Borella,0,2025-10-28 08:31:11,2025-10-28 08:31:38,7,2,55,27,487,1
144A_1030_R2,144,outbound,Fort,1,2025-10-30 06:58:00,2025-10-30 06:58:52,7,5,19,52,500,0
171G_1026_R2,171,inbound,Rajagiriya,0,2025-10-26 14:54:09,2025-10-26 14:55:07,15,1,54,58,503,0
171A_1025_R1,171,outbound,Pettah,0,2025-10-25 07:23:04,2025-10-25 07:23:57,13,5,62,53,466,1
144A_1025_R1,144,outbound,Punchi Borella,0,2025-10-25 18:01:18,2025-10-25 18:02:15,14,4,56,57,515,1
171E_1027_R2,171,outbound,Pettah,0,2025-10-27 12:06:31,2025-10-27 12:07:08,11,2,31,37,400,0
171E_1031_R1,171,inbound,Rajagiriya,0,2025-10-31 18:11:47,2025-10-31 18:12:19,5,5,31,32,667,1
171C_1025_R1,171,outbound,Rajagiriya,0,2025-10-25 09:26:19,2025-10-25 09:27:02,4,6,57,43,423,0
144C_1025_R1,144,outbound,Maradana,0,2025-10-25 19:22:46,2025-10-25 19:23:59,17,6,25,73,608,0
144H_1026_R1,144,inbound,Rajagiriya,1,2025-10-26 18:47:00,2025-10-26 18:47:58,13,5,17,58,459,1
171C_1029_R1,171,inbound,Cotta Road,0,2025-10-29 17:15:19,2025-10-29 17:16:22,17,2,91,63,564,1
171A_1028_R2,171,inbound,Koswatta,1,2025-10-28 16:05:00,2025-10-28 16:06:02,13,5,14,62,371,1
103I_1030_R1,103,inbound,Narahenpita,1,2025-10-30 17:14:00,2025-10-30 17:15:06,10,5,26,66,657,1
144H_1025_R1,144,outbound,Rajagiriya,1,2025-10-25 19:32:14,2025-10-25 19:33:25,9,7,20,71,510,0
171D_1030_R1,171,inbound,Pettah,0,2025-10-30 10:46:50,2025-10-30 10:47:38,7,7,93,48,611,0
103A_1030_R1,103,inbound,Pettah,0,2025-10-30 09:51:45,2025-10-30 09:52:31,3,9,26,46,455,0
103E_1025_R2,103,outbound,Fort,1,2025-10-25 07:06:00,2025-10-25 07:07:03,15,5,43,63,501,1
171D_1029_R1,171,inbound,Fort,1,2025-10-29 17:25:35,2025-10-29 17:26:57,14,7,68,82,462,1
144E_1026_R1,144,inbound,Fort,1,2025-10-26 20:08:47,2025-10-26 20:09:32,4,9,34,45,421,0
171D_1031_R2,171,outbound,Koswatta,1,2025-10-31 11:47:39,2025-10-31 11:48:30,8,6,60,51,363,0
171F_1025_R1,171,inbound,Pettah,0,2025-10-25 08:32:57,2025-10-25 08:34:02,7,10,79,65,565,1
171J_1027_R1,171,outbound,Technical Junction,0,2025-10-27 06:26:21,2025-10-27 06:27:13,9,6,19,52,548,0
171J_1027_R2,171,outbound,Battaramulla,0,2025-10-27 17:07:16,2025-10-27 17:08:25,4,9,86,69,337,1
103B_1029_R2,103,outbound,Fort,1,2025-10-29 18:18:00,2025-10-29 18:19:03,11,5,13,63,472,1
144I_1031_R1,144,outbound,Cotta Road,0,2025-10-31 20:20:25,2025-10-31 20:21:39,10,10,42,74,455,0
103I_1028_R1,103,outbound,Fort,1,2025-10-28 12:15:00,2025-10-28 12:16:02,13,4,46,62,575,0
144H_1025_R1,144,inbound,Rajagiriya,1,2025-10-25 17:58:00,2025-10-25 17:58:49,9,3,27,49,666,1
144F_1028_R2,144,inbound,Punchi Borella,1,2025-10-28 07:56:51,2025-10-28 07:58:22,20,8,68,91,493,1
171I_1025_R1,171,inbound,Cotta Road,0,2025-10-25 09:35:03,2025-10-25 09:35:28,6,0,51,25,454,0
171E_1031_R1,171,outbound,Welikada,0,2025-10-31 17:37:11,2025-10-31 17:38:14,11,5,102,63,553,1
144A_1029_R1,144,outbound,Maradana,0,2025-10-29 08:08:08,2025-10-29 08:09:24,22,4,39,76,587,1
103F_1025_R1,103,inbound,Punchi Borella,0,2025-10-25 15:09:04,2025-10-25 15:10:18,17,6,40,74,777,0
171B_1027_R2,171,outbound,Technical Junction,0,2025-10-27 17:04:19,2025-10-27 17:05:58,27,3,76,99,491,1
171I_1029_R1,171,inbound,Pettah,0,2025-10-29 18:37:00,2025-10-29 18:37:54,9,5,139,54,490,1
103J_1025_R1,103,inbound,Borella,0,2025-10-25 10:06:42,2025-10-25 10:07:42,15,4,41,60,253,0
171H_1031_R1,171,inbound,Rajagiriya,0,2025-10-31 10:44:47,2025-10-31 10:45:49,13,3,69,62,620,0
144F_1025_R2,144,outbound,Fort,1,2025-10-25 17:45:00,2025-10-25 17:46:05,23,2,23,65,487,1
171G_1029_R2,171,outbound,Maradana,0,2025-10-29 08:35:04,2025-10-29 08:36:03,8,5,47,59,715,1
144I_1025_R1,144,outbound,Punchi Borella,0,2025-10-25 09:05:20,2025-10-25 09:06:15,9,5,36,55,248,0
171C_1029_R2,171,inbound,Rajagiriya,0,2025-10-29 10:04:23,2025-10-29 10:04:57,4,3,49,34,424,0
144F_1025_R2,144,outbound,Punchi Borella,0,2025-10-25 17:55:30,2025-10-25 17:56:30,13,4,36,60,487,1
144H_1026_R1,144,inbound,Borella,0,2025-10-26 18:57:20,2025-10-26 18:58:04,10,6,38,44,459,1
171J_1030_R1,171,inbound,Borella,1,2025-10-30 10:45:50,2025-10-30 10:46:47,11,3,63,57,228,0
171D_1031_R2,171,inbound,Rajagiriya,0,2025-10-31 20:22:25,2025-10-31 20:23:30,12,5,52,65,374,0
171J_1030_R2,171,outbound,Welikada,0,2025-10-30 19:48:58,2025-10-30 19:49:30,4,6,41,32,673,0
103C_1029_R1,103,inbound,Maradana,1,2025-10-29 11:13:19,2025-10-29 11:14:21,14,9,30,62,594,0
144B_1028_R1,144,inbound,Borella,0,2025-10-28 11:02:10,2025-10-28 11:02:58,11,2,56,48,408,0
103G_1027_R1,103,outbound,Pettah,0,2025-10-27 20:03:07,2025-10-27 20:03:58,12,2,19,51,416,0
103D_1031_R2,103,inbound,Pettah,0,2025-10-31 07:53:54,2025-10-31 07:54:39,7,9,83,45,404,1
171I_1027_R1,171,outbound,Maradana,0,2025-10-27 07:39:06,2025-10-27 07:39:35,4,2,52,29,203,1
103D_1025_R2,103,outbound,Pettah,0,2025-10-25 19:44:30,2025-10-25 19:45:18,15,2,45,48,553,0
171F_1031_R2,171,inbound,Technical Junction,0,2025-10-31 06:40:02,2025-10-31 06:41:00,7,7,44,58,576,0
171D_1031_R1,171,outbound,Koswatta,1,2025-10-31 17:27:43,2025-10-31 17:28:54,7,15,59,71,508,1
103F_1027_R1,103,inbound,Borella,0,2025-10-27 17:26:36,2025-10-27 17:27:27,11,4,17,51,566,1
171G_1025_R1,171,inbound,Pettah,0,2025-10-25 18:34:22,2025-10-25 18:35:28,8,13,112,66,292,1
103D_1029_R1,103,inbound,Maradana,1,2025-10-29 13:19:01,2025-10-29 13:19:49,1,10,34,48,497,0
144C_1029_R1,144,outbound,Borella,1,2025-10-29 11:04:42,2025-10-29 11:06:00,15,10,47,78,578,0
103H_1027_R1,103,inbound,Punchi Borella,0,2025-10-27 20:13:07,2025-10-27 20:14:02,12,4,28,55,485,0
171D_1029_R2,171,outbound,Cotta Road,0,2025-10-29 19:43:34,2025-10-29 19:44:20,7,6,34,46,530,0
144C_1027_R1,144,inbound,Fort,1,2025-10-27 18:45:29,2025-10-27 18:46:40,12,7,70,71,769,1
144B_1027_R1,144,outbound,Fort,1,2025-10-27 19:01:00,2025-10-27 19:01:39,7,2,20,39,395,0
171C_1027_R2,171,inbound,Punchi Borella,0,2025-10-27 20:56:33,2025-10-27 20:56:51,3,3,47,18,296,0
144J_1030_R1,144,outbound,Punchi Borella,0,2025-10-30 07:14:25,2025-10-30 07:15:21,15,3,51,56,376,1
171H_1028_R1,171,outbound,Borella,1,2025-10-28 19:57:24,2025-10-28 19:58:16,9,4,54,52,678,0
171I_1029_R1,171,outbound,Rajagiriya,0,2025-10-29 21:14:10,2025-10-29 21:15:11,8,9,73,61,530,0
171J_1030_R1,171,outbound,Pettah,0,2025-10-30 16:11:30,2025-10-30 16:12:26,11,7,26,56,599,1
144F_1031_R2,144,outbound,Borella,1,2025-10-31 18:07:07,2025-10-31 18:08:31,13,13,70,84,356,1
103H_1029_R2,103,outbound,Punchi Borella,1,2025-10-29 17:26:10,2025-10-29 17:27:40,25,6,75,90,348,1
171F_1031_R2,171,inbound,Cotta Road,0,2025-10-31 06:19:22,2025-10-31 06:20:24,12,3,48,62,576,0
103A_1030_R1,103,inbound,Narahenpita,1,2025-10-30 09:35:00,2025-10-30 09:35:58,13,5,18,58,455,0
171F_1028_R1,171,inbound,Koswatta,1,2025-10-28 10:46:00,2025-10-28 10:47:03,13,5,32,63,337,0
103I_1025_R1,103,outbound,Borella,0,2025-10-25 19:25:25,2025-10-25 19:26:13,5,7,37,48,467,0
103G_1027_R1,103,inbound,Narahenpita,1,2025-10-27 12:15:00,2025-10-27 12:15:32,10,1,24,32,330,0
144G_1029_R2,144,outbound,Maradana,0,2025-10-29 19:24:01,2025-10-29 19:24:40,8,3,19,39,596,0
103B_1028_R1,103,outbound,Narahenpita,1,2025-10-28 06:27:47,2025-10-28 06:28:42,5,10,27,55,534,0
144G_1026_R1,144,outbound,Maradana,0,2025-10-26 09:55:14,2025-10-26 09:56:00,9,3,37,46,590,0
144D_1029_R1,144,outbound,Fort,1,2025-10-29 07:57:00,2025-10-29 07:57:45,9,5,37,45,457,1
171E_1030_R1,171,outbound,Welikada,0,2025-10-30 17:57:46,2025-10-30 17:58:40,7,8,71,54,414,1
171F_1027_R2,171,outbound,Fort,1,2025-10-27 17:54:00,2025-10-27 17:54:50,9,2,24,50,680,1
171C_1027_R1,171,inbound,Pettah,0,2025-10-27 08:12:29,2025-10-27 08:13:49,13,9,73,80,540,1
171F_1031_R2,171,inbound,Maradana,0,2025-10-31 06:35:54,2025-10-31 06:36:52,6,10,44,58,576,0
171E_1028_R2,171,inbound,Koswatta,1,2025-10-28 17:30:00,2025-10-28 17:31:10,18,4,41,70,605,1
103G_1031_R1,103,inbound,Pettah,0,2025-10-31 19:31:14,2025-10-31 19:32:10,7,9,61,56,445,0
103H_1025_R1,103,outbound,Fort,1,2025-10-25 06:35:00,2025-10-25 06:36:01,15,4,28,61,639,0
171B_1031_R2,171,inbound,Fort,1,2025-10-31 08:43:01,2025-10-31 08:43:52,9,9,60,51,376,1
171F_1031_R1,171,inbound,Fort,1,2025-10-31 21:28:52,2025-10-31 21:29:45,6,6,58,53,377,0
144F_1025_R1,144,outbound,Maradana,0,2025-10-25 08:04:02,2025-10-25 08:04:51,8,8,32,49,382,1
103C_1028_R1,103,outbound,Borella,0,2025-10-28 19:59:51,2025-10-28 20:00:29,1,7,48,38,563,0
103D_1025_R2,103,outbound,Narahenpita,1,2025-10-25 20:05:09,2025-10-25 20:06:14,10,5,67,65,553,0
144F_1025_R2,144,inbound,Punchi Borella,1,2025-10-25 17:14:28,2025-10-25 17:15:36,10,10,61,68,501,1
144A_1028_R2,144,outbound,Borella,1,2025-10-28 20:10:33,2025-10-28 20:11:55,16,7,53,82,492,0
103C_1026_R1,103,inbound,Punchi Borella,0,2025-10-26 07:20:54,2025-10-26 07:21:46,12,3,60,52,624,1
171G_1031_R2,171,inbound,Cotta Road,0,2025-10-31 17:19:06,2025-10-31 17:20:22,17,4,70,76,586,1
144E_1025_R2,144,inbound,Borella,0,2025-10-25 17:25:18,2025-10-25 17:26:13,11,4,34,55,513,1
103I_1027_R1,103,outbound,Punchi Borella,1,2025-10-27 20:14:20,2025-10-27 20:15:23,10,8,51,63,400,0
171G_1028_R1,171,outbound,Cotta Road,0,2025-10-28 10:38:18,2025-10-28 10:39:06,8,5,66,48,363,0
144I_1027_R1,144,outbound,Rajagiriya,1,2025-10-27 07:21:05,2025-10-27 07:22:28,16,8,68,83,539,1
144F_1026_R1,144,inbound,Rajagiriya,1,2025-10-26 09:25:00,2025-10-26 09:25:37,8,3,22,37,534,0
171A_1028_R1,171,inbound,Fort,1,2025-10-28 07:54:39,2025-10-28 07:55:26,10,4,119,47,279,1
171D_1026_R2,171,outbound,Borella,1,2025-10-26 06:33:34,2025-10-26 06:34:20,10,5,56,46,555,0
144C_1030_R2,144,inbound,Cotta Road,0,2025-10-30 19:14:46,2025-10-30 19:15:59,15,6,33,73,532,0
171J_1031_R1,171,outbound,Battaramulla,0,2025-10-31 12:48:58,2025-10-31 12:49:43,3,7,62,45,522,0
103D_1026_R2,103,outbound,Narahenpita,1,2025-10-26 08:13:17,2025-10-26 08:14:38,18,8,80,81,503,1
103A_1031_R1,103,outbound,Borella,0,2025-10-31 17:46:23,2025-10-31 17:47:30,11,8,55,67,741,1
171H_1026_R1,171,outbound,Welikada,0,2025-10-26 09:32:11,2025-10-26 09:32:58,6,8,70,47,514,0
171D_1026_R2,171,outbound,Welikada,0,2025-10-26 06:50:11,2025-10-26 06:50:53,2,8,55,42,555,0
144E_1025_R2,144,inbound,Punchi Borella,1,2025-10-25 17:28:27,2025-10-25 17:29:32,13,6,41,65,513,1
144F_1029_R1,144,outbound,Borella,1,2025-10-29 06:19:39,2025-10-29 06:21:01,15,5,43,82,338,0
144F_1026_R2,144,outbound,Cotta Road,0,2025-10-26 06:48:57,2025-10-26 06:49:58,8,8,63,61,381,0
171I_1027_R1,171,outbound,Technical Junction,0,2025-10-27 07:35:12,2025-10-27 07:35:56,7,4,50,44,203,1
144J_1028_R1,144,inbound,Punchi Borella,1,2025-10-28 20:57:56,2025-10-28 20:59:02,12,8,58,66,515,0
171J_1028_R2,171,outbound,Rajagiriya,0,2025-10-28 18:01:29,2025-10-28 18:02:42,12,11,89,73,583,1
171I_1030_R2,171,inbound,Maradana,0,2025-10-30 07:53:53,2025-10-30 07:54:36,5,7,73,43,637,1
171C_1026_R1,171,outbound,Koswatta,1,2025-10-26 08:42:33,2025-10-26 08:43:36,8,12,61,63,471,1
171D_1029_R2,171,outbound,Punchi Borella,0,2025-10-29 19:33:53,2025-10-29 19:34:44,12,3,38,51,530,0
171D_1028_R1,171,outbound,Borella,1,2025-10-28 09:00:48,2025-10-28 09:01:47,8,8,78,59,456,0
103H_1026_R1,103,inbound,Fort,1,2025-10-26 09:54:54,2025-10-26 09:55:38,9,5,43,44,517,0
144B_1028_R2,144,outbound,Borella,1,2025-10-28 19:29:15,2025-10-28 19:30:14,9,8,43,59,274,0
171C_1030_R1,171,inbound,Borella,1,2025-10-30 20:57:17,2025-10-30 20:58:12,8,11,72,55,508,0
171H_1025_R1,171,inbound,Borella,1,2025-10-25 14:33:46,2025-10-25 14:34:33,12,3,79,47,565,0
144A_1030_R1,144,outbound,Maradana,0,2025-10-30 12:28:48,2025-10-30 12:29:39,15,2,41,51,463,0
171B_1030_R1,171,inbound,Cotta Road,0,2025-10-30 19:45:16,2025-10-30 19:46:07,9,4,48,51,546,0
103H_1029_R2,103,outbound,Narahenpita,1,2025-10-29 17:35:57,2025-10-29 17:37:11,12,10,68,74,348,1
171G_1031_R2,171,inbound,Maradana,0,2025-10-31 17:36:08,2025-10-31 17:37:13,8,10,85,65,586,1
144C_1029_R1,144,inbound,Punchi Borella,1,2025-10-29 17:13:24,2025-10-29 17:14:53,26,4,79,89,529,1
103J_1029_R1,103,inbound,Borella,0,2025-10-29 07:57:56,2025-10-29 07:58:53,11,5,22,57,363,1
103F_1025_R1,103,outbound,Fort,1,2025-10-25 10:55:00,2025-10-25 10:55:54,12,1,15,54,180,0
171D_1027_R1,171,outbound,Fort,1,2025-10-27 07:14:00,2025-10-27 07:15:13,14,4,24,73,519,1
171C_1029_R1,171,outbound,Fort,1,2025-10-29 07:33:00,2025-10-29 07:34:10,17,3,17,70,596,1
171D_1030_R1,171,inbound,Koswatta,1,2025-10-30 10:04:00,2025-10-30 10:04:40,12,2,45,40,611,0
144C_1030_R1,144,outbound,Fort,1,2025-10-30 10:21:00,2025-10-30 10:21:53,10,4,28,53,480,0
171B_1031_R1,171,inbound,Cotta Road,0,2025-10-31 17:07:03,2025-10-31 17:08:27,23,6,74,84,494,1
171F_1031_R1,171,outbound,Maradana,0,2025-10-31 18:00:10,2025-10-31 18:01:27,19,6,61,77,478,1
144G_1030_R1,144,outbound,Punchi Borella,0,2025-10-30 19:29:43,2025-10-30 19:30:10,5,1,49,27,569,0
144D_1030_R1,144,inbound,Borella,0,2025-10-30 09:51:33,2025-10-30 09:52:08,4,3,31,35,364,0
171C_1029_R2,171,inbound,Fort,1,2025-10-29 10:34:45,2025-10-29 10:35:51,8,9,74,66,424,0
171C_1027_R1,171,inbound,Koswatta,1,2025-10-27 07:32:00,2025-10-27 07:32:48,11,2,11,48,540,1
144E_1031_R1,144,inbound,Fort,1,2025-10-31 06:50:41,2025-10-31 06:51:20,4,3,35,39,374,0
171C_1028_R1,171,outbound,Welikada,0,2025-10-28 07:51:56,2025-10-28 07:52:45,6,6,90,49,596,1
171E_1031_R2,171,inbound,Rajagiriya,0,2025-10-31 14:31:08,2025-10-31 14:31:38,7,1,48,30,586,0
171H_1028_R2,171,outbound,Koswatta,1,2025-10-28 08:56:31,2025-10-28 08:57:20,10,6,100,49,417,1
144G_1030_R2,144,outbound,Punchi Borella,0,2025-10-30 06:57:58,2025-10-30 06:59:04,16,1,37,66,311,0
171D_1025_R1,171,outbound,Battaramulla,0,2025-10-25 09:19:17,2025-10-25 09:20:05,3,7,110,48,536,0
144F_1026_R2,144,inbound,Punchi Borella,1,2025-10-26 08:03:15,2025-10-26 08:05:03,31,4,65,108,598,1
103C_1027_R1,103,outbound,Narahenpita,1,2025-10-27 08:28:00,2025-10-27 08:28:47,8,4,68,47,180,1
171D_1031_R2,171,inbound,Pettah,0,2025-10-31 20:53:46,2025-10-31 20:54:42,10,7,78,56,374,0
171I_1026_R1,171,outbound,Cotta Road,0,2025-10-26 09:49:36,2025-10-26 09:50:15,4,6,76,39,476,0
171B_1030_R1,171,outbound,Koswatta,1,2025-10-30 07:21:31,2025-10-30 07:22:43,11,9,64,72,223,1
171D_1025_R1,171,outbound,Maradana,0,2025-10-25 08:46:19,2025-10-25 08:47:16,13,3,69,57,536,1
171B_1027_R1,171,inbound,Fort,1,2025-10-27 07:20:00,2025-10-27 07:21:20,11,12,46,80,324,1
103J_1025_R2,103,inbound,Fort,1,2025-10-25 08:20:51,2025-10-25 08:21:26,3,7,83,35,261,1
144A_1025_R1,144,inbound,Rajagiriya,1,2025-10-25 17:41:00,2025-10-25 17:42:12,17,4,52,72,349,1
144J_1027_R1,144,inbound,Cotta Road,0,2025-10-27 16:15:49,2025-10-27 16:16:25,11,2,29,36,359,1
171C_1027_R1,171,outbound,Koswatta,1,2025-10-27 17:26:50,2025-10-27 17:27:40,7,9,113,50,451,1
103E_1026_R1,103,inbound,Maradana,1,2025-10-26 10:36:42,2025-10-26 10:37:53,13,8,49,71,492,0
171H_1026_R1,171,inbound,Borella,1,2025-10-26 11:00:39,2025-10-26 11:01:48,15,8,57,69,588,0
171A_1028_R1,171,inbound,Battaramulla,0,2025-10-28 07:03:38,2025-10-28 07:05:02,23,2,48,84,279,1
103E_1025_R2,103,inbound,Punchi Borella,0,2025-10-25 19:40:36,2025-10-25 19:41:34,12,4,37,58,395,0
171J_1028_R2,171,outbound,Welikada,0,2025-10-28 18:05:01,2025-10-28 18:06:10,8,12,85,69,583,1
144G_1026_R2,144,inbound,Maradana,0,2025-10-26 17:06:22,2025-10-26 17:06:58,4,4,53,36,541,1
103J_1031_R2,103,outbound,Narahenpita,1,2025-10-31 20:29:00,2025-10-31 20:29:48,5,6,42,48,302,0
144J_1025_R2,144,outbound,Maradana,0,2025-10-25 07:23:54,2025-10-25 07:24:47,8,7,19,53,437,1
144D_1027_R2,144,inbound,Punchi Borella,1,2025-10-27 18:30:01,2025-10-27 18:31:29,17,9,58,88,353,1
144B_1029_R2,144,outbound,Borella,1,2025-10-29 16:54:30,2025-10-29 16:55:12,3,5,37,42,442,1
144C_1031_R2,144,inbound,Rajagiriya,1,2025-10-31 17:41:00,2025-10-31 17:41:50,10,5,27,50,360,1
144A_1027_R1,144,inbound,Maradana,0,2025-10-27 16:28:01,2025-10-27 16:29:05,9,10,102,64,603,1
171H_1027_R1,171,outbound,Maradana,0,2025-10-27 13:06:55,2025-10-27 13:07:38,7,2,33,43,242,0
103H_1026_R1,103,inbound,Borella,0,2025-10-26 09:38:24,2025-10-26 09:39:28,12,4,31,64,517,0
171C_1027_R1,171,inbound,Rajagiriya,0,2025-10-27 07:44:19,2025-10-27 07:45:26,14,6,49,67,540,1
171G_1026_R1,171,inbound,Borella,1,2025-10-26 08:14:34,2025-10-26 08:15:57,21,6,111,83,486,1
103A_1025_R1,103,outbound,Pettah,0,2025-10-25 09:06:11,2025-10-25 09:07:03,9,2,47,52,468,0
103D_1031_R2,103,inbound,Borella,0,2025-10-31 07:36:35,2025-10-31 07:37:33,17,4,56,58,404,1
171A_1027_R1,171,inbound,Borella,1,2025-10-27 09:22:00,2025-10-27 09:23:14,13,8,52,74,524,0
171F_1029_R1,171,inbound,Cotta Road,0,2025-10-29 09:59:49,2025-10-29 10:00:36,6,5,43,47,502,0
171A_1030_R1,171,inbound,Rajagiriya,0,2025-10-30 06:47:53,2025-10-30 06:48:41,9,3,60,48,655,0
171I_1028_R1,171,inbound,Pettah,0,2025-10-28 08:19:52,2025-10-28 08:20:56,12,10,89,64,459,1
171J_1027_R2,171,inbound,Fort,1,2025-10-27 21:02:48,2025-10-27 21:03:39,6,5,74,51,366,0
103H_1025_R1,103,inbound,Fort,1,2025-10-25 09:36:26,2025-10-25 09:37:25,6,9,49,59,524,0
103A_1027_R1,103,outbound,Borella,0,2025-10-27 16:45:18,2025-10-27 16:46:31,11,12,37,73,609,1
144I_1025_R2,144,inbound,Maradana,0,2025-10-25 07:33:50,2025-10-25 07:34:54,13,7,80,64,444,1
171G_1029_R1,171,inbound,Pettah,0,2025-10-29 09:05:44,2025-10-29 09:06:25,5,5,68,41,466,0
103H_1027_R1,103,inbound,Fort,1,2025-10-27 20:23:21,2025-10-27 20:23:57,7,5,27,36,485,0
103I_1027_R1,103,inbound,Punchi Borella,0,2025-10-27 09:00:54,2025-10-27 09:01:44,11,2,39,50,384,0
103B_1031_R2,103,inbound,Pettah,0,2025-10-31 10:10:35,2025-10-31 10:11:18,5,4,32,43,647,0
103H_1029_R1,103,outbound,Narahenpita,1,2025-10-29 07:26:11,2025-10-29 07:27:01,4,9,68,50,785,1
171I_1029_R1,171,inbound,Technical Junction,0,2025-10-29 18:30:10,2025-10-29 18:31:06,6,10,135,56,490,1
171I_1031_R1,171,inbound,Technical Junction,0,2025-10-31 08:18:21,2025-10-31 08:19:26,12,7,62,65,297,1
171J_1028_R1,171,inbound,Pettah,0,2025-10-28 18:47:19,2025-10-28 18:48:46,15,8,120,87,413,1
171C_1030_R1,171,inbound,Pettah,0,2025-10-30 21:15:04,2025-10-30 21:16:01,7,9,62,57,508,0
171A_1025_R1,171,outbound,Rajagiriya,0,2025-10-25 07:50:10,2025-10-25 07:51:11,13,5,100,61,466,1
171B_1025_R1,171,outbound,Rajagiriya,0,2025-10-25 10:00:15,2025-10-25 10:00:58,7,7,56,43,616,0
144H_1027_R2,144,inbound,Cotta Road,0,2025-10-27 09:56:51,2025-10-27 09:58:03,19,2,39,72,501,0
103J_1028_R1,103,inbound,Borella,0,2025-10-28 10:38:34,2025-10-28 10:39:25,10,5,14,51,305,0
103B_1030_R2,103,inbound,Narahenpita,1,2025-10-30 06:29:00,2025-10-30 06:30:19,20,4,31,79,508,0
171E_1030_R1,171,outbound,Borella,1,2025-10-30 17:40:55,2025-10-30 17:42:01,7,13,75,66,414,1
171D_1026_R1,171,outbound,Koswatta,1,2025-10-26 18:37:03,2025-10-26 18:37:56,11,7,112,53,529,1
171H_1028_R1,171,outbound,Welikada,0,2025-10-28 20:13:51,2025-10-28 20:15:03,9,12,51,72,678,0
103J_1027_R2,103,outbound,Borella,0,2025-10-27 06:44:26,2025-10-27 06:45:23,2,10,50,57,551,0
144C_1029_R2,144,outbound,Cotta Road,0,2025-10-29 08:15:22,2025-10-29 08:16:23,9,11,72,61,607,1
171G_1026_R1,171,inbound,Maradana,0,2025-10-26 08:25:40,2025-10-26 08:26:53,4,16,101,73,486,1
144E_1030_R1,144,outbound,Borella,1,2025-10-30 10:29:22,2025-10-30 10:30:48,21,10,57,86,626,0
144I_1031_R1,144,outbound,Borella,1,2025-10-31 20:15:47,2025-10-31 20:17:01,11,10,42,74,455,0
171D_1031_R1,171,outbound,Borella,1,2025-10-31 17:03:11,2025-10-31 17:04:02,9,5,65,51,508,1
171F_1026_R1,171,inbound,Rajagiriya,0,2025-10-26 17:34:45,2025-10-26 17:35:44,11,4,58,59,256,1
103E_1031_R1,103,outbound,Punchi Borella,1,2025-10-31 07:05:30,2025-10-31 07:06:20,9,2,44,50,436,1
171C_1026_R1,171,outbound,Borella,1,2025-10-26 08:19:33,2025-10-26 08:20:28,6,8,53,55,471,1
144J_1027_R1,144,inbound,Punchi Borella,1,2025-10-27 16:26:48,2025-10-27 16:27:46,12,4,49,58,359,1
171C_1027_R2,171,inbound,Welikada,0,2025-10-27 20:38:54,2025-10-27 20:39:46,10,6,21,52,296,0
103D_1025_R1,103,outbound,Borella,0,2025-10-25 07:38:25,2025-10-25 07:39:20,8,8,23,55,346,1
171B_1026_R1,171,inbound,Borella,1,2025-10-26 16:50:12,2025-10-26 16:51:03,12,3,115,51,359,1
171E_1025_R1,171,outbound,Welikada,0,2025-10-25 10:49:57,2025-10-25 10:50:33,6,4,44,36,700,0
144A_1028_R2,144,outbound,Punchi Borella,0,2025-10-28 20:08:07,2025-10-28 20:09:03,14,3,44,56,492,0
171I_1026_R1,171,outbound,Pettah,0,2025-10-26 09:24:10,2025-10-26 09:24:31,3,0,43,21,476,0
171A_1025_R2,171,inbound,Rajagiriya,0,2025-10-25 19:59:19,2025-10-25 20:00:31,15,6,59,72,453,0
171D_1025_R1,171,outbound,Koswatta,1,2025-10-25 09:21:50,2025-10-25 09:22:22,4,4,110,32,536,0
171B_1026_R2,171,inbound,Punchi Borella,0,2025-10-26 17:02:34,2025-10-26 17:03:53,12,9,92,79,467,1
103I_1028_R1,103,inbound,Pettah,0,2025-10-28 06:53:24,2025-10-28 06:54:11,5,7,57,47,504,0
144D_1025_R2,144,inbound,Punchi Borella,1,2025-10-25 07:26:52,2025-10-25 07:28:14,21,6,78,82,348,1
171A_1028_R1,171,outbound,Technical Junction,0,2025-10-28 17:03:20,2025-10-28 17:04:16,14,2,65,56,617,1
144J_1031_R2,144,inbound,Rajagiriya,1,2025-10-31 07:03:00,2025-10-31 07:03:59,11,3,28,59,572,1
171G_1031_R2,171,outbound,Punchi Borella,0,2025-10-31 10:02:53,2025-10-31 10:03:44,7,3,49,51,435,0
103B_1030_R2,103,outbound,Borella,0,2025-10-30 12:33:13,2025-10-30 12:34:07,7,8,73,54,643,0
144I_1031_R2,144,inbound,Cotta Road,0,2025-10-31 09:06:54,2025-10-31 09:07:34,7,3,27,40,400,0
171E_1028_R2,171,inbound,Rajagiriya,0,2025-10-28 17:45:01,2025-10-28 17:45:56,12,4,80,55,605,1
171D_1031_R1,171,outbound,Pettah,0,2025-10-31 16:40:15,2025-10-31 16:41:08,13,5,26,53,508,1
171A_1028_R1,171,inbound,Borella,1,2025-10-28 07:26:22,2025-10-28 07:27:40,18,6,83,78,279,1
171A_1025_R1,171,outbound,Battaramulla,0,2025-10-25 07:58:13,2025-10-25 07:59:11,10,8,106,58,466,1
144F_1030_R1,144,outbound,Borella,1,2025-10-30 17:19:59,2025-10-30 17:21:26,16,8,73,87,372,1
144G_1030_R2,144,outbound,Rajagiriya,1,2025-10-30 07:14:47,2025-10-30 07:15:17,3,4,50,30,311,1
103A_1027_R1,103,inbound,Maradana,1,2025-10-27 19:55:08,2025-10-27 19:56:06,9,7,44,58,396,0
103J_1030_R1,103,inbound,Pettah,0,2025-10-30 09:38:15,2025-10-30 09:38:56,8,2,36,41,308,0
144J_1026_R1,144,outbound,Borella,1,2025-10-26 14:18:12,2025-10-26 14:19:06,12,2,38,54,349,0
171C_1030_R1,171,inbound,Battaramulla,0,2025-10-30 20:33:50,2025-10-30 20:35:09,17,4,53,79,508,0
103E_1028_R2,103,inbound,Fort,1,2025-10-28 08:21:38,2025-10-28 08:22:42,11,8,34,64,464,1
171C_1029_R2,171,outbound,Technical Junction,0,2025-10-29 07:05:22,2025-10-29 07:06:26,16,5,44,64,514,1
171D_1029_R2,171,outbound,Welikada,0,2025-10-29 19:50:38,2025-10-29 19:51:25,5,8,35,47,530,0
171C_1030_R1,171,inbound,Punchi Borella,0,2025-10-30 21:03:49,2025-10-30 21:04:37,4,7,69,48,508,0
103E_1026_R1,103,inbound,Narahenpita,1,2025-10-26 10:21:00,2025-10-26 10:21:46,12,3,36,46,492,0
171E_1028_R1,171,inbound,Rajagiriya,0,2025-10-28 17:11:30,2025-10-28 17:13:08,26,7,59,98,271,1
171C_1025_R1,171,inbound,Fort,1,2025-10-25 08:46:15,2025-10-25 08:47:04,8,8,105,49,400,1
171B_1026_R2,171,outbound,Pettah,0,2025-10-26 12:14:39,2025-10-26 12:15:34,13,4,47,55,570,0
144H_1027_R2,144,inbound,Fort,1,2025-10-27 10:18:07,2025-10-27 10:19:01,7,6,43,54,501,0
144H_1029_R1,144,outbound,Borella,1,2025-10-29 16:27:48,2025-10-29 16:29:12,21,6,86,84,369,1
171E_1030_R1,171,outbound,Technical Junction,0,2025-10-30 17:27:02,2025-10-30 17:27:55,11,3,70,53,414,1
144J_1031_R1,144,inbound,Fort,1,2025-10-31 10:31:36,2025-10-31 10:32:15,5,2,43,39,515,0
171D_1030_R1,171,inbound,Battaramulla,0,2025-10-30 10:07:20,2025-10-30 10:08:21,19,2,62,61,611,0
171J_1031_R2,171,outbound,Maradana,0,2025-10-31 16:42:47,2025-10-31 16:43:52,14,3,37,65,270,1
144J_1031_R2,144,inbound,Maradana,0,2025-10-31 07:20:47,2025-10-31 07:21:37,7,8,77,50,572,1
171F_1030_R1,171,outbound,Technical Junction,0,2025-10-30 16:17:18,2025-10-30 16:18:02,5,5,35,44,673,1
103E_1029_R2,103,inbound,Narahenpita,1,2025-10-29 09:25:00,2025-10-29 09:25:44,6,5,15,44,482,0
144D_1025_R2,144,inbound,Rajagiriya,1,2025-10-25 07:13:00,2025-10-25 07:14:28,24,5,39,88,348,1
171I_1027_R1,171,outbound,Punchi Borella,0,2025-10-27 07:42:11,2025-10-27 07:43:10,12,2,62,59,203,1
144F_1028_R2,144,inbound,Maradana,0,2025-10-28 08:00:30,2025-10-28 08:01:17,6,5,69,47,493,1
171I_1030_R1,171,outbound,Borella,1,2025-10-30 09:05:59,2025-10-30 09:07:20,13,12,60,81,284,0
103E_1027_R2,103,outbound,Narahenpita,1,2025-10-27 18:32:09,2025-10-27 18:33:22,19,3,78,73,678,1
144C_1031_R1,144,outbound,Borella,1,2025-10-31 10:27:47,2025-10-31 10:28:49,13,6,52,62,561,0
144A_1027_R2,144,outbound,Punchi Borella,0,2025-10-27 06:12:33,2025-10-27 06:13:14,13,2,43,41,437,0
144E_1027_R1,144,inbound,Maradana,0,2025-10-27 09:18:26,2025-10-27 09:19:35,8,10,48,69,397,0
103G_1026_R1,103,inbound,Fort,1,2025-10-26 11:05:17,2025-10-26 11:06:07,7,7,61,50,538,0
144A_1030_R2,144,outbound,Maradana,0,2025-10-30 07:01:30,2025-10-30 07:02:42,19,4,34,72,500,1
103F_1026_R1,103,inbound,Maradana,1,2025-10-26 18:29:30,2025-10-26 18:30:59,24,7,78,89,245,1
171G_1027_R1,171,outbound,Fort,1,2025-10-27 19:58:00,2025-10-27 19:59:06,16,3,27,66,382,0
103A_1027_R1,103,outbound,Pettah,0,2025-10-27 16:29:55,2025-10-27 16:30:31,7,2,16,36,609,1
103A_1025_R2,103,inbound,Borella,0,2025-10-25 16:09:15,2025-10-25 16:10:16,8,6,13,61,431,1
103D_1031_R2,103,inbound,Narahenpita,1,2025-10-31 07:31:00,2025-10-31 07:32:22,22,3,43,82,404,1
171I_1027_R1,171,outbound,Battaramulla,0,2025-10-27 08:06:22,2025-10-27 08:07:29,15,6,85,67,203,1
103D_1030_R1,103,outbound,Punchi Borella,1,2025-10-30 19:06:09,2025-10-30 19:06:49,12,1,74,40,393,0
103D_1028_R2,103,inbound,Borella,0,2025-10-28 19:56:37,2025-10-28 19:57:21,10,2,34,44,577,0
171E_1031_R2,171,inbound,Welikada,0,2025-10-31 14:26:19,2025-10-31 14:27:08,10,2,42,49,586,0
171D_1025_R1,171,outbound,Technical Junction,0,2025-10-25 08:40:09,2025-10-25 08:41:00,10,6,59,51,536,1
171J_1025_R1,171,outbound,Rajagiriya,0,2025-10-25 10:46:56,2025-10-25 10:48:04,7,11,36,68,180,0
103F_1027_R1,103,outbound,Fort,1,2025-10-27 14:53:00,2025-10-27 14:53:51,10,4,23,51,290,0
171A_1027_R1,171,outbound,Fort,1,2025-10-27 20:30:00,2025-10-27 20:30:45,12,1,14,45,502,0
171H_1030_R1,171,inbound,Fort,1,2025-10-30 13:29:42,2025-10-30 13:30:22,5,4,53,40,571,0
171B_1026_R2,171,inbound,Koswatta,1,2025-10-26 16:27:00,2025-10-26 16:27:53,13,4,29,53,467,1
103D_1030_R2,103,inbound,Punchi Borella,0,2025-10-30 19:00:30,2025-10-30 19:01:11,7,6,43,41,487,0
171A_1029_R1,171,outbound,Battaramulla,0,2025-10-29 18:59:19,2025-10-29 19:00:19,7,11,123,60,440,1
144D_1027_R1,144,inbound,Fort,1,2025-10-27 08:45:28,2025-10-27 08:46:24,9,7,78,56,521,1
103I_1028_R1,103,inbound,Borella,0,2025-10-28 06:38:47,2025-10-28 06:39:39,12,3,40,52,504,0
171G_1029_R2,171,outbound,Welikada,0,2025-10-29 09:03:08,2025-10-29 09:04:03,8,7,73,55,715,0
144H_1027_R1,144,outbound,Cotta Road,0,2025-10-27 12:46:02,2025-10-27 12:46:26,1,1,34,24,490,0
171J_1030_R2,171,outbound,Rajagiriya,0,2025-10-30 19:43:48,2025-10-30 19:44:48,9,7,43,60,673,0
103A_1029_R1,103,inbound,Fort,1,2025-10-29 16:58:21,2025-10-29 16:59:19,12,7,56,58,539,1
171H_1025_R1,171,outbound,Cotta Road,0,2025-10-25 16:52:19,2025-10-25 16:53:18,4,12,57,59,541,1
144J_1031_R1,144,outbound,Borella,1,2025-10-31 17:11:13,2025-10-31 17:12:25,16,9,35,72,562,1
144B_1028_R2,144,outbound,Cotta Road,0,2025-10-28 19:33:12,2025-10-28 19:33:57,5,8,40,45,274,0
171H_1025_R1,171,outbound,Pettah,0,2025-10-25 16:23:06,2025-10-25 16:24:26,17,5,27,80,541,1
171C_1026_R2,171,outbound,Maradana,0,2025-10-26 17:12:40,2025-10-26 17:14:14,25,3,53,94,335,1
171F_1025_R1,171,inbound,Technical Junction,0,2025-10-25 08:28:03,2025-10-25 08:28:39,5,7,82,36,565,1
144G_1027_R2,144,outbound,Cotta Road,0,2025-10-27 19:29:25,2025-10-27 19:30:02,3,4,31,37,462,0
103I_1025_R1,103,outbound,Narahenpita,1,2025-10-25 19:31:24,2025-10-25 19:32:01,3,7,33,37,467,0
144I_1029_R1,144,inbound,Cotta Road,0,2025-10-29 16:56:20,2025-10-29 16:57:21,15,4,51,61,630,1
171I_1031_R1,171,outbound,Maradana,0,2025-10-31 07:25:16,2025-10-31 07:26:31,18,4,56,75,397,1
171C_1028_R1,171,inbound,Battaramulla,0,2025-10-28 08:08:35,2025-10-28 08:09:04,2,6,18,29,402,1
171E_1030_R2,171,outbound,Fort,1,2025-10-30 16:43:00,2025-10-30 16:43:36,9,3,9,36,395,1
144E_1025_R1,144,inbound,Maradana,0,2025-10-25 20:36:52,2025-10-25 20:37:57,7,9,40,65,528,0
144G_1028_R1,144,outbound,Borella,1,2025-10-28 08:54:39,2025-10-28 08:55:50,8,12,40,71,596,1
144J_1031_R1,144,outbound,Rajagiriya,1,2025-10-31 17:20:44,2025-10-31 17:21:38,8,5,35,54,562,1
171H_1025_R1,171,outbound,Rajagiriya,0,2025-10-25 16:58:35,2025-10-25 16:59:16,7,8,56,41,541,1
103B_1026_R2,103,inbound,Maradana,1,2025-10-26 10:53:08,2025-10-26 10:54:29,17,7,54,81,506,0
171B_1026_R2,171,inbound,Welikada,0,2025-10-26 16:40:53,2025-10-26 16:42:12,20,4,54,79,467,1
171C_1025_R2,171,outbound,Rajagiriya,0,2025-10-25 19:42:21,2025-10-25 19:43:22,6,9,40,61,686,0
103G_1031_R1,103,outbound,Punchi Borella,1,2025-10-31 07:43:45,2025-10-31 07:45:09,19,4,63,84,542,1
171B_1026_R1,171,outbound,Borella,1,2025-10-26 16:49:44,2025-10-26 16:50:56,11,9,90,72,451,1
171B_1029_R1,171,inbound,Welikada,0,2025-10-29 07:35:36,2025-10-29 07:36:33,15,4,32,57,378,1
171D_1025_R1,171,inbound,Fort,1,2025-10-25 10:56:43,2025-10-25 10:57:37,11,8,55,54,586,0
171D_1025_R1,171,inbound,Pettah,0,2025-10-25 10:52:49,2025-10-25 10:53:45,6,16,52,56,586,0
144H_1030_R1,144,outbound,Rajagiriya,1,2025-10-30 18:19:53,2025-10-30 18:20:56,10,8,71,63,621,1
171J_1027_R1,171,outbound,Koswatta,1,2025-10-27 07:10:50,2025-10-27 07:11:26,8,4,48,36,548,1
171D_1029_R2,171,inbound,Pettah,0,2025-10-29 08:05:51,2025-10-29 08:06:47,9,7,101,56,492,1
103A_1030_R1,103,inbound,Fort,1,2025-10-30 09:57:14,2025-10-30 09:58:06,9,6,29,52,455,0
171J_1026_R1,171,outbound,Fort,1,2025-10-26 10:00:00,2025-10-26 10:00:48,9,4,21,48,447,0
144F_1026_R2,144,inbound,Borella,0,2025-10-26 07:58:23,2025-10-26 07:59:34,14,6,38,71,598,1
171I_1030_R2,171,inbound,Koswatta,1,2025-10-30 07:20:00,2025-10-30 07:21:07,15,4,35,67,637,1
171G_1027_R2,171,inbound,Welikada,0,2025-10-27 08:12:40,2025-10-27 08:13:37,11,3,43,57,450,1
171J_1027_R1,171,inbound,Rajagiriya,0,2025-10-27 17:48:06,2025-10-27 17:49:03,14,6,77,57,388,1
144G_1028_R2,144,inbound,Borella,0,2025-10-28 10:50:41,2025-10-28 10:51:04,7,2,36,23,508,0
171C_1026_R1,171,outbound,Cotta Road,0,2025-10-26 08:23:44,2025-10-26 08:24:25,6,7,52,41,471,1
171I_1029_R1,171,inbound,Maradana,0,2025-10-29 18:25:34,2025-10-29 18:26:43,11,10,139,69,490,1
171D_1026_R2,171,outbound,Technical Junction,0,2025-10-26 06:19:28,2025-10-26 06:20:18,9,3,42,50,555,0
171F_1027_R2,171,outbound,Technical Junction,0,2025-10-27 18:05:49,2025-10-27 18:06:48,17,2,48,59,680,1
144B_1031_R1,144,inbound,Fort,1,2025-10-31 11:08:13,2025-10-31 11:08:49,6,2,53,36,589,0
171F_1028_R1,171,inbound,Pettah,0,2025-10-28 11:28:48,2025-10-28 11:29:44,9,6,58,56,337,0
103D_1026_R2,103,inbound,Pettah,0,2025-10-26 18:47:18,2025-10-26 18:48:21,12,5,73,63,363,1
171B_1026_R1,171,outbound,Pettah,0,2025-10-26 16:31:40,2025-10-26 16:32:26,8,3,49,46,451,1
171H_1027_R1,171,outbound,Koswatta,1,2025-10-27 13:37:54,2025-10-27 13:38:48,9,9,50,54,242,0
171E_1027_R2,171,outbound,Welikada,0,2025-10-27 12:35:23,2025-10-27 12:36:34,7,15,55,71,400,0
171J_1027_R2,171,inbound,Borella,1,2025-10-27 20:38:07,2025-10-27 20:38:59,13,2,61,52,366,0
171G_1031_R2,171,outbound,Technical Junction,0,2025-10-31 09:52:57,2025-10-31 09:53:50,9,5,44,53,435,0
103E_1028_R2,103,inbound,Narahenpita,1,2025-10-28 07:56:00,2025-10-28 07:56:46,6,6,19,46,464,1
103G_1031_R1,103,inbound,Borella,0,2025-10-31 19:16:32,2025-10-31 19:17:15,9,3,51,43,445,0
103A_1026_R1,103,outbound,Narahenpita,1,2025-10-26 06:29:15,2025-10-26 06:29:44,7,3,48,29,331,0
103D_1030_R2,103,inbound,Borella,0,2025-10-30 18:53:19,2025-10-30 18:54:24,14,5,42,65,487,1
171C_1029_R1,171,outbound,Technical Junction,0,2025-10-29 07:45:02,2025-10-29 07:46:25,16,6,46,83,596,1
103H_1028_R1,103,outbound,Borella,0,2025-10-28 19:04:02,2025-10-28 19:05:09,8,7,75,67,417,0
144E_1028_R1,144,inbound,Cotta Road,0,2025-10-28 16:35:36,2025-10-28 16:36:45,14,4,36,69,568,1
144A_1029_R1,144,inbound,Punchi Borella,1,2025-10-29 16:16:13,2025-10-29 16:18:00,31,6,60,107,540,1
171D_1025_R1,171,inbound,Battaramulla,0,2025-10-25 10:13:17,2025-10-25 10:14:10,11,2,38,53,586,0
171F_1031_R1,171,outbound,Battaramulla,0,2025-10-31 18:35:34,2025-10-31 18:36:30,12,7,106,56,478,1
171H_1030_R1,171,inbound,Punchi Borella,0,2025-10-30 13:11:20,2025-10-30 13:11:56,5,6,47,36,571,0
103E_1025_R2,103,outbound,Maradana,0,2025-10-25 07:17:06,2025-10-25 07:18:46,30,3,82,100,501,1
171J_1028_R2,171,outbound,Cotta Road,0,2025-10-28 17:59:00,2025-10-28 17:59:44,9,7,88,44,583,1
171D_1028_R1,171,inbound,Cotta Road,0,2025-10-28 06:19:15,2025-10-28 06:20:13,12,4,79,58,494,0
144E_1031_R1,144,inbound,Rajagiriya,1,2025-10-31 06:26:00,2025-10-31 06:26:48,11,2,20,48,374,0
171B_1025_R1,171,inbound,Technical Junction,0,2025-10-25 17:05:30,2025-10-25 17:06:27,6,8,102,57,345,1
103E_1030_R1,103,outbound,Pettah,0,2025-10-30 18:14:22,2025-10-30 18:15:13,12,4,19,51,271,1
103D_1030_R1,103,outbound,Pettah,0,2025-10-30 18:57:39,2025-10-30 18:59:05,24,3,52,86,393,1
171B_1026_R2,171,inbound,Rajagiriya,0,2025-10-26 16:48:09,2025-10-26 16:49:02,12,4,62,53,467,1
171B_1025_R1,171,inbound,Koswatta,1,2025-10-25 16:20:00,2025-10-25 16:21:13,22,2,44,73,345,1
171J_1027_R1,171,outbound,Fort,1,2025-10-27 06:16:00,2025-10-27 06:16:47,9,4,10,47,548,0
144J_1025_R1,144,inbound,Punchi Borella,1,2025-10-25 19:07:24,2025-10-25 19:08:14,3,8,46,50,405,0
144H_1031_R1,144,outbound,Maradana,0,2025-10-31 08:20:46,2025-10-31 08:21:41,11,3,34,55,425,1
144C_1027_R2,144,outbound,Fort,1,2025-10-27 08:17:00,2025-10-27 08:18:33,21,3,34,93,584,1
103A_1031_R2,103,outbound,Pettah,0,2025-10-31 16:33:15,2025-10-31 16:34:10,13,4,27,55,530,1
171E_1025_R1,171,outbound,Punchi Borella,0,2025-10-25 10:32:07,2025-10-25 10:32:38,4,3,38,31,700,0
144H_1026_R2,144,outbound,Cotta Road,0,2025-10-26 07:38:22,2025-10-26 07:38:50,3,2,67,28,436,1
144J_1025_R2,144,outbound,Rajagiriya,1,2025-10-25 07:41:50,2025-10-25 07:42:53,15,6,43,63,437,1
144H_1029_R1,144,inbound,Cotta Road,0,2025-10-29 07:31:12,2025-10-29 07:32:23,15,6,35,71,487,1
171D_1029_R1,171,outbound,Pettah,0,2025-10-29 07:03:32,2025-10-29 07:04:46,19,4,39,74,722,1
144G_1027_R2,144,inbound,Rajagiriya,1,2025-10-27 07:45:00,2025-10-27 07:46:19,22,4,40,79,382,1
103D_1029_R2,103,inbound,Maradana,1,2025-10-29 07:59:31,2025-10-29 08:00:46,19,3,64,75,466,1
171F_1026_R1,171,outbound,Pettah,0,2025-10-26 19:23:36,2025-10-26 19:24:17,8,3,19,41,720,0
144D_1029_R1,144,inbound,Fort,1,2025-10-29 17:56:11,2025-10-29 17:56:58,7,3,84,47,518,1
144F_1025_R2,144,inbound,Cotta Road,0,2025-10-25 17:02:33,2025-10-25 17:03:22,12,2,56,49,501,1
171G_1030_R1,171,outbound,Koswatta,1,2025-10-30 18:31:29,2025-10-30 18:32:45,15,8,111,76,496,1
103A_1025_R1,103,outbound,Maradana,0,2025-10-25 09:10:40,2025-10-25 09:11:48,11,6,52,68,468,0
171E_1025_R2,171,inbound,Pettah,0,2025-10-25 06:44:50,2025-10-25 06:45:28,4,6,41,38,508,0
171B_1027_R1,171,inbound,Borella,1,2025-10-27 06:56:35,2025-10-27 06:57:50,10,8,53,75,324,0
171F_1029_R1,171,inbound,Borella,1,2025-10-29 10:04:45,2025-10-29 10:05:39,17,3,57,54,502,0
171F_1031_R2,171,inbound,Punchi Borella,0,2025-10-31 06:29:13,2025-10-31 06:29:58,4,10,48,45,576,0
171C_1030_R2,171,inbound,Fort,1,2025-10-30 15:27:51,2025-10-30 15:28:23,6,3,63,32,490,0
144G_1029_R1,144,outbound,Fort,1,2025-10-29 07:04:00,2025-10-29 07:05:12,22,5,41,72,424,1
171I_1026_R1,171,inbound,Pettah,0,2025-10-26 19:51:33,2025-10-26 19:52:33,9,6,26,60,746,0
171G_1026_R1,171,inbound,Punchi Borella,0,2025-10-26 08:22:36,2025-10-26 08:23:46,12,10,113,70,486,1
171E_1030_R1,171,outbound,Rajagiriya,0,2025-10-30 17:51:49,2025-10-30 17:52:40,4,10,72,51,414,1
171H_1027_R1,171,inbound,Fort,1,2025-10-27 07:29:50,2025-10-27 07:30:47,6,9,62,57,571,1
103C_1027_R1,103,outbound,Borella,0,2025-10-27 08:23:44,2025-10-27 08:24:54,10,6,64,70,180,1
171I_1025_R1,171,outbound,Battaramulla,0,2025-10-25 11:18:22,2025-10-25 11:19:05,9,3,64,43,560,0
144I_1025_R2,144,inbound,Borella,0,2025-10-25 07:26:26,2025-10-25 07:27:21,13,3,65,55,444,1
103G_1027_R1,103,outbound,Narahenpita,1,2025-10-27 20:23:57,2025-10-27 20:25:06,9,9,31,69,416,0
171J_1026_R2,171,outbound,Rajagiriya,0,2025-10-26 10:25:29,2025-10-26 10:26:19,8,7,63,50,481,0
171I_1030_R1,171,inbound,Rajagiriya,0,2025-10-30 16:35:24,2025-10-30 16:36:49,20,5,61,85,361,1
144G_1026_R1,144,inbound,Rajagiriya,1,2025-10-26 19:07:00,2025-10-26 19:07:47,11,3,35,47,383,0
103D_1028_R1,103,outbound,Maradana,0,2025-10-28 21:01:39,2025-10-28 21:02:49,16,3,49,70,428,0
171B_1028_R1,171,outbound,Battaramulla,0,2025-10-28 08:11:59,2025-10-28 08:13:04,7,13,59,65,492,1
171G_1026_R1,171,outbound,Koswatta,1,2025-10-26 19:44:02,2025-10-26 19:44:48,7,6,55,46,447,0
144B_1030_R1,144,outbound,Borella,1,2025-10-30 09:25:40,2025-10-30 09:26:39,7,11,38,59,679,0
171F_1030_R1,171,outbound,Battaramulla,0,2025-10-30 16:49:04,2025-10-30 16:49:49,5,4,60,45,673,1
171J_1031_R2,171,outbound,Pettah,0,2025-10-31 16:32:30,2025-10-31 16:33:36,14,4,32,66,270,1
171H_1030_R1,171,outbound,Welikada,0,2025-10-30 17:04:47,2025-10-30 17:05:57,7,11,73,70,228,1
171J_1025_R2,171,outbound,Fort,1,2025-10-25 07:58:00,2025-10-25 07:58:57,13,1,57,57,410,1
103C_1031_R1,103,outbound,Maradana,0,2025-10-31 14:33:01,2025-10-31 14:33:56,11,4,27,55,489,0
103B_1028_R2,103,inbound,Maradana,1,2025-10-28 16:47:19,2025-10-28 16:48:47,15,12,67,88,571,1
103F_1027_R2,103,outbound,Fort,1,2025-10-27 07:58:00,2025-10-27 07:59:14,18,5,36,74,575,1
144H_1031_R1,144,outbound,Borella,1,2025-10-31 08:31:46,2025-10-31 08:33:03,15,10,44,77,425,1
171G_1031_R1,171,inbound,Technical Junction,0,2025-10-31 16:40:42,2025-10-31 16:41:36,11,5,82,54,650,1
171B_1028_R1,171,inbound,Punchi Borella,0,2025-10-28 19:19:51,2025-10-28 19:20:40,7,5,66,49,728,0
144H_1026_R1,144,outbound,Cotta Road,0,2025-10-26 19:07:58,2025-10-26 19:08:59,9,7,44,61,604,0
103D_1026_R2,103,inbound,Fort,1,2025-10-26 18:51:31,2025-10-26 18:52:12,7,6,74,41,363,1
171A_1030_R1,171,inbound,Maradana,0,2025-10-30 07:07:59,2025-10-30 07:08:46,7,4,70,47,655,1
144H_1027_R1,144,inbound,Borella,0,2025-10-27 18:36:56,2025-10-27 18:37:23,6,1,41,27,280,1
144H_1025_R2,144,inbound,Maradana,0,2025-10-25 10:49:16,2025-10-25 10:49:52,3,4,45,36,402,0
103D_1030_R2,103,inbound,Maradana,1,2025-10-30 19:04:24,2025-10-30 19:05:15,8,7,44,51,487,0
103J_1026_R1,103,outbound,Borella,0,2025-10-26 07:37:54,2025-10-26 07:38:48,14,5,97,54,431,1
103C_1028_R1,103,outbound,Narahenpita,1,2025-10-28 20:01:59,2025-10-28 20:02:36,6,5,49,37,563,0
144J_1026_R2,144,outbound,Borella,1,2025-10-26 11:04:53,2025-10-26 11:05:36,7,7,33,43,468,0
144C_1030_R1,144,outbound,Maradana,0,2025-10-30 10:26:19,2025-10-30 10:27:13,11,5,34,54,480,0
171D_1027_R1,171,outbound,Punchi Borella,0,2025-10-27 07:31:50,2025-10-27 07:32:42,13,1,58,52,519,1
144I_1025_R1,144,outbound,Maradana,0,2025-10-25 09:02:16,2025-10-25 09:02:54,6,3,32,38,248,0
171H_1027_R1,171,inbound,Punchi Borella,0,2025-10-27 07:04:29,2025-10-27 07:05:22,6,8,63,53,571,1
171H_1030_R1,171,inbound,Welikada,0,2025-10-30 12:54:29,2025-10-30 12:55:05,3,5,28,36,571,0
144F_1026_R2,144,outbound,Rajagiriya,1,2025-10-26 06:53:10,2025-10-26 06:53:51,5,4,64,41,381,0
171J_1026_R1,171,inbound,Borella,1,2025-10-26 09:19:45,2025-10-26 09:21:10,12,13,72,85,456,0
171J_1030_R1,171,outbound,Borella,1,2025-10-30 16:31:52,2025-10-30 16:32:52,9,10,53,60,599,1
171C_1031_R1,171,inbound,Maradana,0,2025-10-31 17:57:59,2025-10-31 17:58:46,13,4,81,47,315,1
103I_1029_R1,103,inbound,Pettah,0,2025-10-29 08:14:22,2025-10-29 08:15:14,9,9,32,52,577,1
171H_1027_R1,171,outbound,Borella,1,2025-10-27 13:19:24,2025-10-27 13:20:38,15,6,45,74,242,0
171E_1031_R1,171,inbound,Punchi Borella,0,2025-10-31 18:28:24,2025-10-31 18:29:26,7,10,29,62,667,1
144C_1026_R2,144,inbound,Maradana,0,2025-10-26 10:17:40,2025-10-26 10:18:30,6,8,44,50,591,0
103A_1028_R1,103,inbound,Pettah,0,2025-10-28 20:17:36,2025-10-28 20:18:29,10,5,55,53,474,0
103G_1031_R1,103,outbound,Fort,1,2025-10-31 07:27:00,2025-10-31 07:27:58,14,3,24,58,542,1
103C_1025_R1,103,inbound,Fort,1,2025-10-25 19:17:00,2025-10-25 19:17:53,5,8,36,53,616,0
171F_1025_R1,171,outbound,Fort,1,2025-10-25 18:12:00,2025-10-25 18:13:08,18,4,19,68,569,1
144D_1026_R1,144,inbound,Rajagiriya,1,2025-10-26 10:35:00,2025-10-26 10:35:58,10,4,20,58,468,0
103G_1029_R1,103,inbound,Punchi Borella,0,2025-10-29 08:26:59,2025-10-29 08:28:21,21,4,47,82,221,1
144C_1027_R1,144,outbound,Cotta Road,0,2025-10-27 16:32:04,2025-10-27 16:32:48,8,6,35,44,481,1
103A_1026_R2,103,outbound,Pettah,0,2025-10-26 14:06:51,2025-10-26 14:07:32,9,2,35,41,394,0
103F_1030_R1,103,outbound,Pettah,0,2025-10-30 14:23:26,2025-10-30 14:24:26,10,7,25,60,758,0
171H_1025_R1,171,outbound,Battaramulla,0,2025-10-25 17:07:50,2025-10-25 17:08:30,5,4,55,40,541,1
171A_1028_R2,171,inbound,Rajagiriya,0,2025-10-28 16:19:56,2025-10-28 16:20:59,11,6,44,63,371,1
171J_1026_R1,171,inbound,Technical Junction,0,2025-10-26 09:34:34,2025-10-26 09:35:33,8,7,69,59,456,0
171I_1028_R1,171,outbound,Pettah,0,2025-10-28 12:21:29,2025-10-28 12:22:16,9,2,24,47,366,0
171E_1031_R2,171,outbound,Rajagiriya,0,2025-10-31 09:29:02,2025-10-31 09:29:52,6,6,95,50,559,0
171G_1026_R1,171,outbound,Welikada,0,2025-10-26 19:35:31,2025-10-26 19:36:27,11,7,57,56,447,0
171B_1027_R1,171,inbound,Battaramulla,0,2025-10-27 06:38:16,2025-10-27 06:39:36,17,3,35,80,324,0
103I_1029_R1,103,inbound,Narahenpita,1,2025-10-29 07:52:00,2025-10-29 07:52:40,11,0,11,40,577,1
144I_1026_R1,144,inbound,Fort,1,2025-10-26 09:43:27,2025-10-26 09:43:59,5,6,36,32,588,0
144F_1031_R1,144,inbound,Maradana,0,2025-10-31 08:14:29,2025-10-31 08:15:38,11,9,50,69,549,1
144D_1031_R1,144,inbound,Cotta Road,0,2025-10-31 07:30:26,2025-10-31 07:31:45,26,4,32,79,554,1
144G_1030_R1,144,inbound,Borella,0,2025-10-30 08:47:09,2025-10-30 08:48:29,13,6,23,80,471,1
144J_1028_R2,144,outbound,Rajagiriya,1,2025-10-28 09:54:18,2025-10-28 09:55:04,6,5,54,46,427,0
144I_1028_R1,144,inbound,Maradana,0,2025-10-28 19:17:03,2025-10-28 19:17:40,3,5,63,37,493,0
171H_1029_R1,171,outbound,Rajagiriya,0,2025-10-29 20:21:52,2025-10-29 20:22:42,3,12,48,50,532,0
171H_1028_R1,171,inbound,Battaramulla,0,2025-10-28 20:40:19,2025-10-28 20:41:18,14,5,43,59,427,0
171C_1027_R1,171,outbound,Borella,1,2025-10-27 17:07:01,2025-10-27 17:08:34,28,3,112,93,451,1
103C_1030_R2,103,inbound,Narahenpita,1,2025-10-30 20:28:00,2025-10-30 20:28:53,10,4,23,53,580,0
171C_1026_R1,171,outbound,Technical Junction,0,2025-10-26 08:04:12,2025-10-26 08:05:21,18,4,35,69,471,1
171H_1029_R1,171,outbound,Cotta Road,0,2025-10-29 20:15:12,2025-10-29 20:15:48,7,3,57,36,532,0
144C_1031_R2,144,outbound,Fort,1,2025-10-31 08:35:00,2025-10-31 08:36:06,17,2,34,66,535,1
144C_1025_R1,144,outbound,Borella,1,2025-10-25 19:32:10,2025-10-25 19:32:59,15,5,47,49,608,0
103H_1025_R2,103,inbound,Maradana,1,2025-10-25 09:20:13,2025-10-25 09:21:14,11,7,64,61,442,0
103J_1030_R1,103,outbound,Borella,0,2025-10-30 16:24:17,2025-10-30 16:25:07,5,5,72,50,314,1
103J_1025_R1,103,outbound,Pettah,0,2025-10-25 18:45:42,2025-10-25 18:46:54,18,3,55,72,429,1
103C_1030_R1,103,inbound,Maradana,1,2025-10-30 06:16:58,2025-10-30 06:17:37,7,7,41,39,390,0
103I_1031_R1,103,inbound,Punchi Borella,0,2025-10-31 18:10:53,2025-10-31 18:11:44,17,3,53,51,434,1
171D_1031_R2,171,outbound,Fort,1,2025-10-31 10:59:00,2025-10-31 11:00:07,16,3,25,67,363,0
144J_1030_R1,144,outbound,Maradana,0,2025-10-30 07:09:10,2025-10-30 07:10:37,21,4,39,87,376,1
103A_1025_R1,103,inbound,Maradana,1,2025-10-25 19:39:51,2025-10-25 19:40:43,10,3,41,52,682,0
171A_1028_R2,171,inbound,Fort,1,2025-10-28 16:49:41,2025-10-28 16:50:49,12,10,63,68,371,1
171H_1028_R1,171,outbound,Technical Junction,0,2025-10-28 19:39:14,2025-10-28 19:40:07,11,3,31,53,678,0
144B_1031_R1,144,outbound,Punchi Borella,0,2025-10-31 09:07:25,2025-10-31 09:08:13,6,5,58,48,455,0
144J_1027_R2,144,inbound,Fort,1,2025-10-27 16:30:28,2025-10-27 16:31:51,16,9,54,83,555,1
171J_1025_R1,171,inbound,Rajagiriya,0,2025-10-25 18:02:12,2025-10-25 18:03:14,12,7,55,62,513,1
103E_1027_R2,103,outbound,Punchi Borella,1,2025-10-27 18:21:49,2025-10-27 18:23:02,21,6,61,73,678,1
103E_1028_R1,103,inbound,Pettah,0,2025-10-28 18:07:16,2025-10-28 18:08:18,9,7,68,62,611,1
144H_1026_R1,144,outbound,Fort,1,2025-10-26 18:49:00,2025-10-26 18:50:05,16,3,16,65,604,1
171A_1026_R1,171,outbound,Pettah,0,2025-10-26 07:36:45,2025-10-26 07:38:10,24,4,41,85,508,1
144B_1031_R2,144,inbound,Punchi Borella,1,2025-10-31 07:37:49,2025-10-31 07:39:15,20,9,40,86,460,1
171H_1031_R1,171,inbound,Maradana,0,2025-10-31 11:06:50,2025-10-31 11:07:31,2,7,87,41,620,0
103C_1026_R1,103,inbound,Narahenpita,1,2025-10-26 07:11:00,2025-10-26 07:12:32,23,7,39,92,624,1
144B_1030_R2,144,outbound,Maradana,0,2025-10-30 06:36:52,2025-10-30 06:37:41,10,4,28,49,370,0
144A_1025_R2,144,inbound,Maradana,0,2025-10-25 08:10:57,2025-10-25 08:11:44,7,6,66,47,350,1
103J_1027_R1,103,outbound,Maradana,0,2025-10-27 08:17:17,2025-10-27 08:18:30,19,3,40,73,365,1
144B_1027_R2,144,inbound,Punchi Borella,1,2025-10-27 14:33:11,2025-10-27 14:34:09,8,9,35,58,504,0
171B_1026_R2,171,outbound,Welikada,0,2025-10-26 12:51:41,2025-10-26 12:52:29,6,7,68,48,570,0
103H_1028_R2,103,outbound,Fort,1,2025-10-28 18:16:00,2025-10-28 18:16:52,12,3,34,52,462,1
171I_1030_R2,171,inbound,Punchi Borella,0,2025-10-30 07:49:12,2025-10-30 07:50:11,10,11,75,59,637,1
103I_1029_R2,103,outbound,Maradana,0,2025-10-29 09:43:25,2025-10-29 09:44:09,14,1,37,44,459,0
144I_1027_R1,144,outbound,Punchi Borella,0,2025-10-27 07:04:37,2025-10-27 07:06:21,31,2,53,104,539,1
171G_1027_R2,171,inbound,Rajagiriya,0,2025-10-27 08:18:06,2025-10-27 08:19:00,14,2,55,54,450,1
171A_1027_R1,171,inbound,Welikada,0,2025-10-27 09:05:06,2025-10-27 09:05:59,12,1,47,53,524,0
144C_1025_R1,144,outbound,Fort,1,2025-10-25 19:18:00,2025-10-25 19:18:53,12,3,14,53,608,0
144E_1027_R1,144,outbound,Borella,1,2025-10-27 16:35:33,2025-10-27 16:37:14,18,13,84,101,546,1
103D_1030_R2,103,inbound,Fort,1,2025-10-30 19:14:53,2025-10-30 19:15:48,8,8,39,55,487,0
103C_1031_R1,103,inbound,Punchi Borella,0,2025-10-31 07:47:37,2025-10-31 07:48:44,17,4,53,67,471,1
171J_1029_R1,171,inbound,Fort,1,2025-10-29 17:26:18,2025-10-29 17:27:00,6,3,79,42,299,1
171F_1025_R1,171,inbound,Cotta Road,0,2025-10-25 08:12:49,2025-10-25 08:14:21,22,5,77,92,565,1
171F_1030_R1,171,inbound,Punchi Borella,0,2025-10-30 06:34:43,2025-10-30 06:35:42,8,9,62,59,499,0
171E_1026_R1,171,inbound,Maradana,0,2025-10-26 07:20:45,2025-10-26 07:21:37,10,4,81,52,430,1
144B_1028_R2,144,inbound,Cotta Road,0,2025-10-28 12:31:58,2025-10-28 12:32:37,13,1,29,39,575,0
171F_1031_R2,171,inbound,Battaramulla,0,2025-10-31 06:05:23,2025-10-31 06:06:05,8,3,27,42,576,0
171B_1030_R1,171,outbound,Punchi Borella,0,2025-10-30 06:52:54,2025-10-30 06:53:44,7,3,71,50,223,0
144B_1029_R2,144,outbound,Punchi Borella,0,2025-10-29 16:47:09,2025-10-29 16:48:12,13,4,39,63,442,1
171H_1025_R1,171,inbound,Technical Junction,0,2025-10-25 14:48:36,2025-10-25 14:49:11,5,8,77,35,565,0
171E_1027_R1,171,inbound,Pettah,0,2025-10-27 07:56:43,2025-10-27 07:57:23,5,7,62,40,532,1
144E_1031_R2,144,outbound,Cotta Road,0,2025-10-31 13:04:10,2025-10-31 13:05:04,9,10,48,54,662,0
171D_1028_R1,171,outbound,Welikada,0,2025-10-28 09:12:49,2025-10-28 09:13:45,7,6,80,56,456,0
144D_1028_R1,144,inbound,Fort,1,2025-10-28 11:02:48,2025-10-28 11:04:00,7,12,35,72,571,0
171J_1025_R1,171,outbound,Koswatta,1,2025-10-25 10:59:31,2025-10-25 11:00:19,9,5,38,48,180,0
144J_1028_R2,144,outbound,Borella,1,2025-10-28 09:40:01,2025-10-28 09:40:54,9,4,52,53,427,0
144F_1031_R1,144,outbound,Punchi Borella,0,2025-10-31 06:51:03,2025-10-31 06:52:07,10,6,34,64,604,0
171I_1030_R1,171,outbound,Koswatta,1,2025-10-30 09:32:17,2025-10-30 09:33:09,6,11,57,52,284,0
103A_1026_R1,103,inbound,Maradana,1,2025-10-26 06:43:08,2025-10-26 06:44:04,12,3,53,56,663,0
171H_1030_R1,171,outbound,Battaramulla,0,2025-10-30 17:09:51,2025-10-30 17:10:37,7,3,77,46,228,1
171E_1031_R1,171,inbound,Borella,1,2025-10-31 18:21:26,2025-10-31 18:22:22,4,13,32,56,667,1
103I_1030_R2,103,inbound,Fort,1,2025-10-30 10:15:51,2025-10-30 10:16:41,8,6,49,50,539,0
144J_1025_R2,144,outbound,Cotta Road,0,2025-10-25 07:39:35,2025-10-25 07:40:20,7,5,34,45,437,1
171C_1025_R1,171,outbound,Cotta Road,0,2025-10-25 09:23:59,2025-10-25 09:24:49,9,7,59,50,423,0
171F_1030_R1,171,inbound,Koswatta,1,2025-10-30 06:07:00,2025-10-30 06:08:07,19,4,28,67,499,0
144I_1031_R2,144,inbound,Punchi Borella,1,2025-10-31 09:14:09,2025-10-31 09:15:09,8,9,34,60,400,0
171I_1026_R1,171,inbound,Technical Junction,0,2025-10-26 19:47:29,2025-10-26 19:48:09,4,8,23,40,746,0
171G_1028_R1,171,inbound,Fort,1,2025-10-28 19:34:40,2025-10-28 19:35:32,9,8,72,52,444,0
171C_1026_R2,171,outbound,Rajagiriya,0,2025-10-26 17:35:23,2025-10-26 17:36:06,6,5,59,43,335,1
144J_1031_R2,144,inbound,Punchi Borella,1,2025-10-31 07:16:55,2025-10-31 07:18:04,21,3,78,69,572,1
144H_1030_R2,144,inbound,Punchi Borella,1,2025-10-30 10:53:32,2025-10-30 10:54:42,13,9,62,70,391,0
103I_1029_R1,103,inbound,Maradana,1,2025-10-29 08:08:25,2025-10-29 08:09:25,9,10,32,60,577,1
171J_1028_R1,171,inbound,Rajagiriya,0,2025-10-28 18:13:43,2025-10-28 18:14:53,21,3,61,70,413,1
144I_1026_R2,144,outbound,Fort,1,2025-10-26 14:41:00,2025-10-26 14:41:59,9,5,13,59,396,0
171D_1025_R1,171,inbound,Rajagiriya,0,2025-10-25 10:23:16,2025-10-25 10:23:34,4,1,50,18,586,0
144F_1029_R1,144,inbound,Punchi Borella,1,2025-10-29 19:22:04,2025-10-29 19:22:49,10,2,39,45,385,0
171H_1029_R1,171,inbound,Maradana,0,2025-10-29 19:19:53,2025-10-29 19:20:46,8,9,64,53,331,0
103G_1029_R1,103,outbound,Fort,1,2025-10-29 19:09:00,2025-10-29 19:09:54,14,3,29,54,552,0
171H_1025_R1,171,inbound,Cotta Road,0,2025-10-25 14:27:25,2025-10-25 14:28:02,7,5,70,37,565,0
144J_1028_R1,144,outbound,Maradana,0,2025-10-28 18:00:55,2025-10-28 18:02:03,15,3,28,68,486,1
171J_1029_R1,171,inbound,Borella,1,2025-10-29 17:05:44,2025-10-29 17:07:12,19,10,71,88,299,1
171G_1025_R1,171,inbound,Koswatta,1,2025-10-25 17:47:00,2025-10-25 17:47:53,13,2,33,53,292,1
171J_1030_R2,171,outbound,Cotta Road,0,2025-10-30 19:37:42,2025-10-30 19:38:28,9,3,41,46,673,0
144B_1026_R1,144,inbound,Rajagiriya,1,2025-10-26 08:43:00,2025-10-26 08:44:10,17,5,28,70,326,1
171A_1029_R1,171,outbound,Maradana,0,2025-10-29 18:25:28,2025-10-29 18:26:20,9,3,86,52,440,1
171C_1028_R1,171,outbound,Maradana,0,2025-10-28 07:22:47,2025-10-28 07:23:58,19,3,64,71,596,1
144C_1026_R1,144,inbound,Borella,0,2025-10-26 09:32:12,2025-10-26 09:32:54,8,5,20,42,499,0
171I_1030_R1,171,inbound,Koswatta,1,2025-10-30 16:22:00,2025-10-30 16:23:06,12,5,35,66,361,1
103H_1029_R1,103,outbound,Fort,1,2025-10-29 07:03:00,2025-10-29 07:03:48,11,2,28,48,785,1
103J_1030_R2,103,outbound,Narahenpita,1,2025-10-30 16:54:37,2025-10-30 16:55:48,13,9,53,71,634,1
103J_1030_R2,103,outbound,Maradana,0,2025-10-30 16:40:22,2025-10-30 16:41:13,8,3,39,51,634,1
171B_1025_R1,171,outbound,Welikada,0,2025-10-25 10:03:29,2025-10-25 10:04:10,4,8,52,41,616,0
171D_1028_R1,171,inbound,Battaramulla,0,2025-10-28 06:04:38,2025-10-28 06:05:31,8,6,49,53,494,0
103B_1026_R2,103,inbound,Pettah,0,2025-10-26 10:57:40,2025-10-26 10:58:19,11,1,64,39,506,0
103E_1025_R2,103,outbound,Narahenpita,1,2025-10-25 07:32:17,2025-10-25 07:33:28,7,15,87,71,501,1
103H_1030_R2,103,inbound,Borella,0,2025-10-30 19:42:23,2025-10-30 19:43:21,12,1,29,58,759,0
103H_1028_R1,103,outbound,Pettah,0,2025-10-28 18:50:07,2025-10-28 18:51:19,17,4,60,72,417,1
103H_1025_R2,103,inbound,Borella,0,2025-10-25 09:09:24,2025-10-25 09:09:54,11,1,43,30,442,0
144F_1031_R2,144,outbound,Rajagiriya,1,2025-10-31 18:18:24,2025-10-31 18:19:25,11,3,76,61,356,1
144D_1025_R2,144,inbound,Cotta Road,0,2025-10-25 07:17:31,2025-10-25 07:18:45,16,2,53,74,348,1
144A_1030_R1,144,inbound,Cotta Road,0,2025-10-30 08:45:54,2025-10-30 08:47:10,21,5,47,76,382,1
144I_1031_R1,144,inbound,Fort,1,2025-10-31 08:43:14,2025-10-31 08:44:30,12,13,84,76,324,1
144G_1031_R1,144,outbound,Borella,1,2025-10-31 10:45:15,2025-10-31 10:45:54,8,3,43,39,379,0
144E_1026_R2,144,outbound,Borella,1,2025-10-26 07:03:54,2025-10-26 07:05:14,16,7,53,80,443,1
144I_1026_R1,144,outbound,Cotta Road,0,2025-10-26 20:54:22,2025-10-26 20:55:09,6,8,36,47,492,0
171F_1029_R1,171,outbound,Welikada,0,2025-10-29 16:50:58,2025-10-29 16:51:47,8,3,62,49,566,1
103E_1031_R1,103,outbound,Narahenpita,1,2025-10-31 07:15:07,2025-10-31 07:15:55,9,4,53,48,436,1
103F_1028_R2,103,outbound,Borella,0,2025-10-28 12:54:50,2025-10-28 12:55:46,7,9,33,56,612,0
171E_1027_R2,171,outbound,Punchi Borella,0,2025-10-27 12:19:08,2025-10-27 12:20:00,8,4,63,52,400,0
144B_1025_R1,144,outbound,Cotta Road,0,2025-10-25 06:23:58,2025-10-25 06:24:46,3,11,28,48,456,0
171G_1026_R1,171,inbound,Rajagiriya,0,2025-10-26 08:07:43,2025-10-26 08:08:44,13,6,77,61,486,1
103E_1031_R1,103,inbound,Pettah,0,2025-10-31 16:40:43,2025-10-31 16:41:22,8,1,37,39,528,1
144J_1029_R2,144,outbound,Cotta Road,0,2025-10-29 17:37:08,2025-10-29 17:38:10,9,10,66,62,658,1
171C_1025_R1,171,inbound,Rajagiriya,0,2025-10-25 08:10:13,2025-10-25 08:11:13,14,4,50,60,400,1
103D_1030_R2,103,inbound,Narahenpita,1,2025-10-30 18:48:00,2025-10-30 18:49:00,15,6,33,60,487,1
144C_1028_R1,144,outbound,Maradana,0,2025-10-28 19:56:07,2025-10-28 19:56:55,11,3,42,48,500,0
103G_1028_R2,103,inbound,Narahenpita,1,2025-10-28 09:20:00,2025-10-28 09:20:49,12,3,40,49,423,0
171A_1025_R1,171,inbound,Technical Junction,0,2025-10-25 08:17:32,2025-10-25 08:18:36,14,4,91,64,598,1
103C_1029_R1,103,inbound,Punchi Borella,0,2025-10-29 11:07:27,2025-10-29 11:08:27,11,3,25,60,594,0
144G_1029_R1,144,inbound,Punchi Borella,1,2025-10-29 06:18:24,2025-10-29 06:19:33,9,8,28,69,180,0
144I_1031_R1,144,outbound,Rajagiriya,1,2025-10-31 20:23:09,2025-10-31 20:23:42,4,5,41,33,455,0
103E_1029_R2,103,inbound,Maradana,1,2025-10-29 09:43:43,2025-10-29 09:44:21,8,4,33,38,482,0
103B_1025_R1,103,inbound,Maradana,1,2025-10-25 09:09:02,2025-10-25 09:10:03,13,7,50,61,671,0
144D_1028_R1,144,inbound,Cotta Road,0,2025-10-28 10:38:18,2025-10-28 10:39:21,12,4,29,63,571,0
171G_1031_R2,171,outbound,Cotta Road,0,2025-10-31 10:13:44,2025-10-31 10:14:37,8,6,43,53,435,0
171A_1025_R2,171,inbound,Koswatta,1,2025-10-25 19:47:00,2025-10-25 19:47:41,9,3,28,41,453,0
103I_1026_R1,103,outbound,Punchi Borella,1,2025-10-26 14:30:09,2025-10-26 14:31:00,10,6,39,51,531,0
171C_1029_R2,171,inbound,Cotta Road,0,2025-10-29 10:07:46,2025-10-29 10:08:28,6,3,52,42,424,0
103I_1028_R1,103,inbound,Punchi Borella,0,2025-10-28 06:43:47,2025-10-28 06:44:43,15,3,52,56,504,0
171J_1026_R1,171,outbound,Pettah,0,2025-10-26 10:05:46,2025-10-26 10:06:41,11,6,26,55,447,0
144A_1031_R1,144,inbound,Maradana,0,2025-10-31 18:02:27,2025-10-31 18:03:32,9,9,52,65,591,1
144G_1025_R1,144,inbound,Punchi Borella,1,2025-10-25 20:43:24,2025-10-25 20:44:19,10,10,37,55,266,0
171D_1030_R1,171,inbound,Welikada,0,2025-10-30 10:12:10,2025-10-30 10:13:04,13,3,72,54,611,0
144I_1029_R1,144,outbound,Rajagiriya,1,2025-10-29 19:43:09,2025-10-29 19:43:44,6,5,29,35,507,0
171C_1025_R2,171,outbound,Borella,1,2025-10-25 19:31:32,2025-10-25 19:32:14,8,4,47,42,686,0
144H_1028_R1,144,inbound,Maradana,0,2025-10-28 08:22:52,2025-10-28 08:23:30,3,6,68,38,325,1
171D_1026_R1,171,outbound,Welikada,0,2025-10-26 18:25:12,2025-10-26 18:26:05,7,6,100,53,529,1
144G_1028_R1,144,inbound,Cotta Road,0,2025-10-28 10:02:36,2025-10-28 10:03:42,14,4,32,66,404,0
171F_1027_R1,171,outbound,Battaramulla,0,2025-10-27 11:13:02,2025-10-27 11:13:33,5,4,55,31,443,0
171D_1030_R1,171,inbound,Cotta Road,0,2025-10-30 10:21:50,2025-10-30 10:22:40,11,2,92,50,611,0
171J_1028_R1,171,outbound,Cotta Road,0,2025-10-28 18:06:26,2025-10-28 18:07:13,8,5,67,47,340,1
171I_1029_R1,171,outbound,Punchi Borella,0,2025-10-29 21:01:42,2025-10-29 21:02:21,8,4,68,39,530,0
171I_1030_R1,171,outbound,Technical Junction,0,2025-10-30 08:54:05,2025-10-30 08:55:01,12,4,36,56,284,1
171H_1031_R1,171,outbound,Rajagiriya,0,2025-10-31 11:14:56,2025-10-31 11:15:53,8,5,43,57,224,0
103H_1031_R1,103,outbound,Borella,0,2025-10-31 10:44:11,2025-10-31 10:45:16,10,7,61,65,375,0
144D_1028_R1,144,inbound,Punchi Borella,1,2025-10-28 10:53:12,2025-10-28 10:54:06,7,7,40,54,571,0
171H_1029_R1,171,inbound,Koswatta,1,2025-10-29 18:44:00,2025-10-29 18:44:51,14,3,29,51,331,1
144E_1027_R1,144,outbound,Fort,1,2025-10-27 16:19:00,2025-10-27 16:20:26,22,6,44,86,546,1
103J_1028_R1,103,outbound,Punchi Borella,1,2025-10-28 09:06:37,2025-10-28 09:07:30,10,5,56,53,512,0
144A_1031_R2,144,inbound,Borella,0,2025-10-31 16:21:13,2025-10-31 16:22:22,14,4,56,69,450,1
171I_1030_R1,171,outbound,Cotta Road,0,2025-10-30 09:10:58,2025-10-30 09:11:33,7,3,64,35,284,0
171D_1025_R1,171,inbound,Borella,1,2025-10-25 10:34:00,2025-10-25 10:34:36,5,4,59,36,586,0
171C_1027_R2,171,inbound,Cotta Road,0,2025-10-27 20:49:22,2025-10-27 20:50:09,9,2,38,47,296,0
144C_1025_R2,144,inbound,Punchi Borella,1,2025-10-25 19:29:06,2025-10-25 19:30:21,16,5,68,75,571,0
144F_1026_R1,144,outbound,Borella,1,2025-10-26 17:45:27,2025-10-26 17:46:03,0,10,52,36,382,1
171F_1025_R1,171,inbound,Fort,1,2025-10-25 08:39:20,2025-10-25 08:40:32,11,9,81,72,565,1
103C_1031_R1,103,outbound,Narahenpita,1,2025-10-31 14:48:14,2025-10-31 14:49:15,6,11,25,61,489,0
103F_1031_R2,103,inbound,Fort,1,2025-10-31 19:28:38,2025-10-31 19:29:24,10,3,52,46,566,0
144B_1029_R1,144,outbound,Rajagiriya,1,2025-10-29 19:26:53,2025-10-29 19:27:38,5,9,41,45,694,0
103F_1029_R2,103,outbound,Fort,1,2025-10-29 06:51:00,2025-10-29 06:51:47,9,3,19,47,497,0
171E_1030_R2,171,outbound,Welikada,0,2025-10-30 17:21:16,2025-10-30 17:22:29,15,8,100,73,395,1
171I_1027_R1,171,outbound,Rajagiriya,0,2025-10-27 07:57:54,2025-10-27 07:58:59,10,10,72,65,203,1
171A_1029_R1,171,inbound,Technical Junction,0,2025-10-29 17:23:25,2025-10-29 17:24:09,8,5,87,44,428,1
103B_1028_R1,103,inbound,Pettah,0,2025-10-28 09:41:22,2025-10-28 09:42:10,6,7,56,48,483,0
171C_1030_R2,171,inbound,Battaramulla,0,2025-10-30 14:44:59,2025-10-30 14:45:37,11,1,37,38,490,0
171C_1027_R1,171,inbound,Technical Junction,0,2025-10-27 08:08:08,2025-10-27 08:09:03,9,8,69,55,540,1
144B_1026_R1,144,outbound,Rajagiriya,1,2025-10-26 08:59:57,2025-10-26 09:00:58,11,5,67,61,488,1
103E_1025_R1,103,inbound,Maradana,1,2025-10-25 07:52:53,2025-10-25 07:54:30,24,9,59,97,503,1
171G_1030_R2,171,outbound,Rajagiriya,0,2025-10-30 13:30:49,2025-10-30 13:31:48,9,9,60,59,525,0
171J_1031_R1,171,inbound,Welikada,0,2025-10-31 17:49:39,2025-10-31 17:50:37,12,4,33,58,528,1
171F_1029_R1,171,outbound,Fort,1,2025-10-29 16:10:00,2025-10-29 16:10:58,12,1,24,58,566,1
171B_1028_R1,171,inbound,Battaramulla,0,2025-10-28 18:54:07,2025-10-28 18:55:20,26,2,44,73,728,1
144H_1028_R1,144,inbound,Cotta Road,0,2025-10-28 08:07:23,2025-10-28 08:08:21,14,2,46,58,325,1
171F_1027_R1,171,inbound,Pettah,0,2025-10-27 10:33:15,2025-10-27 10:34:03,7,4,69,48,265,0
171B_1031_R2,171,inbound,Pettah,0,2025-10-31 08:37:45,2025-10-31 08:38:36,6,6,60,51,376,1
171A_1029_R1,171,outbound,Fort,1,2025-10-29 18:11:00,2025-10-29 18:12:35,23,4,37,95,440,1
103I_1026_R2,103,inbound,Fort,1,2025-10-26 19:57:49,2025-10-26 19:58:13,6,1,46,24,631,0
144G_1031_R1,144,inbound,Fort,1,2025-10-31 06:36:45,2025-10-31 06:37:28,8,5,39,43,523,0
144F_1025_R1,144,inbound,Rajagiriya,1,2025-10-25 07:14:00,2025-10-25 07:14:47,16,1,39,47,666,1
144A_1028_R1,144,outbound,Borella,1,2025-10-28 17:59:51,2025-10-28 18:01:25,24,5,53,94,556,1
103D_1025_R2,103,outbound,Maradana,0,2025-10-25 19:47:21,2025-10-25 19:47:55,6,2,49,34,553,0
171B_1028_R2,171,inbound,Borella,1,2025-10-28 10:31:14,2025-10-28 10:32:05,11,6,57,51,700,0
144A_1030_R1,144,inbound,Maradana,0,2025-10-30 09:00:09,2025-10-30 09:00:52,6,4,75,43,382,0
103D_1031_R2,103,outbound,Pettah,0,2025-10-31 17:36:00,2025-10-31 17:37:22,19,4,57,82,658,1
144F_1028_R1,144,outbound,Maradana,0,2025-10-28 17:01:59,2025-10-28 17:03:16,18,4,45,77,553,1
171F_1028_R1,171,inbound,Fort,1,2025-10-28 11:33:23,2025-10-28 11:34:05,5,5,58,42,337,0
171I_1030_R1,171,inbound,Pettah,0,2025-10-30 17:04:52,2025-10-30 17:05:56,11,8,95,64,361,1
103C_1030_R2,103,inbound,Maradana,1,2025-10-30 20:44:19,2025-10-30 20:45:11,9,7,45,52,580,0
144B_1030_R2,144,outbound,Rajagiriya,1,2025-10-30 06:59:58,2025-10-30 07:00:49,6,9,42,51,370,0
171H_1026_R1,171,inbound,Maradana,0,2025-10-26 11:10:24,2025-10-26 11:11:02,5,6,54,38,588,0
103J_1026_R2,103,outbound,Borella,0,2025-10-26 10:37:42,2025-10-26 10:38:26,5,9,38,44,443,0
103J_1031_R2,103,outbound,Punchi Borella,1,2025-10-31 20:19:13,2025-10-31 20:20:40,15,8,45,87,302,0
171E_1028_R1,171,inbound,Welikada,0,2025-10-28 17:05:52,2025-10-28 17:06:37,9,2,40,45,271,1
103D_1026_R2,103,inbound,Punchi Borella,0,2025-10-26 18:36:07,2025-10-26 18:37:46,28,4,59,99,363,1
171G_1026_R1,171,inbound,Pettah,0,2025-10-26 08:33:48,2025-10-26 08:34:40,4,11,95,52,486,1
171G_1026_R1,171,inbound,Cotta Road,0,2025-10-26 08:11:33,2025-10-26 08:13:04,24,5,96,91,486,1
103A_1029_R1,103,outbound,Pettah,0,2025-10-29 07:41:31,2025-10-29 07:42:29,15,1,48,58,551,1
171B_1029_R2,171,inbound,Fort,1,2025-10-29 13:34:08,2025-10-29 13:35:10,6,11,64,62,360,0
171D_1026_R2,171,outbound,Koswatta,1,2025-10-26 07:01:16,2025-10-26 07:02:29,12,9,57,73,555,1
144E_1031_R1,144,outbound,Cotta Road,0,2025-10-31 06:27:18,2025-10-31 06:28:03,9,4,47,45,387,0
103D_1031_R1,103,inbound,Maradana,1,2025-10-31 17:31:06,2025-10-31 17:31:58,9,6,61,52,627,1
171I_1029_R2,171,inbound,Cotta Road,0,2025-10-29 18:30:16,2025-10-29 18:31:09,13,3,65,53,288,1
171J_1027_R2,171,outbound,Koswatta,1,2025-10-27 17:12:07,2025-10-27 17:13:08,8,9,85,61,337,1
144I_1030_R1,144,inbound,Rajagiriya,1,2025-10-30 10:16:00,2025-10-30 10:16:54,14,1,34,54,647,0
103J_1028_R1,103,outbound,Maradana,0,2025-10-28 09:01:54,2025-10-28 09:02:46,12,4,51,52,512,0
144I_1028_R1,144,outbound,Maradana,0,2025-10-28 06:22:53,2025-10-28 06:23:11,2,4,16,18,488,0
103D_1028_R2,103,inbound,Fort,1,2025-10-28 20:16:52,2025-10-28 20:17:36,9,7,49,44,577,0
144H_1029_R2,144,inbound,Fort,1,2025-10-29 19:28:44,2025-10-29 19:29:24,6,4,36,40,404,0
144A_1031_R1,144,inbound,Cotta Road,0,2025-10-31 17:44:56,2025-10-31 17:46:14,19,4,46,78,591,1
103B_1030_R1,103,inbound,Borella,0,2025-10-30 19:26:37,2025-10-30 19:27:23,11,2,29,46,399,0
144I_1028_R1,144,inbound,Fort,1,2025-10-28 19:20:49,2025-10-28 19:21:45,11,3,71,56,493,0
171F_1030_R1,171,outbound,Borella,1,2025-10-30 16:32:40,2025-10-30 16:33:38,11,4,61,58,673,1
144F_1027_R1,144,inbound,Rajagiriya,1,2025-10-27 08:52:00,2025-10-27 08:53:11,16,7,19,71,467,1
103B_1027_R1,103,inbound,Fort,1,2025-10-27 17:38:57,2025-10-27 17:40:02,12,5,45,65,617,1
171J_1028_R1,171,outbound,Battaramulla,0,2025-10-28 18:21:30,2025-10-28 18:22:08,2,6,71,38,340,1
103C_1025_R1,103,inbound,Maradana,1,2025-10-25 19:06:41,2025-10-25 19:07:43,14,6,42,62,616,0
171G_1026_R2,171,inbound,Koswatta,1,2025-10-26 14:42:00,2025-10-26 14:42:26,0,4,23,26,503,0
144B_1030_R1,144,inbound,Borella,0,2025-10-30 19:55:09,2025-10-30 19:55:55,9,6,42,46,457,0
171E_1026_R1,171,inbound,Pettah,0,2025-10-26 07:30:54,2025-10-26 07:31:44,8,6,82,50,430,1
103D_1028_R1,103,inbound,Maradana,1,2025-10-28 07:49:08,2025-10-28 07:50:09,14,2,81,61,429,1
103H_1028_R1,103,inbound,Fort,1,2025-10-28 08:33:58,2025-10-28 08:34:28,1,4,75,30,490,1
171G_1026_R2,171,inbound,Technical Junction,0,2025-10-26 15:19:06,2025-10-26 15:19:41,3,5,55,35,503,0
171A_1026_R1,171,outbound,Welikada,0,2025-10-26 08:07:51,2025-10-26 08:08:43,13,3,84,52,508,1
171D_1026_R1,171,inbound,Cotta Road,0,2025-10-26 09:18:04,2025-10-26 09:18:58,10,4,38,54,356,0
171C_1027_R1,171,outbound,Maradana,0,2025-10-27 16:55:51,2025-10-27 16:56:47,13,4,68,56,451,1
144I_1025_R1,144,inbound,Fort,1,2025-10-25 07:41:36,2025-10-25 07:42:24,7,9,87,48,441,1
144G_1028_R2,144,outbound,Fort,1,2025-10-28 17:02:00,2025-10-28 17:02:43,6,5,42,43,553,1
171I_1028_R1,171,outbound,Welikada,0,2025-10-28 12:58:43,2025-10-28 12:59:35,9,5,55,52,366,0
171C_1026_R2,171,outbound,Battaramulla,0,2025-10-26 17:44:45,2025-10-26 17:45:58,8,11,62,73,335,1
171A_1030_R1,171,outbound,Welikada,0,2025-10-30 09:49:17,2025-10-30 09:50:21,9,7,57,64,342,0
144A_1028_R1,144,outbound,Cotta Road,0,2025-10-28 18:05:15,2025-10-28 18:06:01,8,6,55,46,556,1
144D_1025_R2,144,inbound,Fort,1,2025-10-25 07:37:42,2025-10-25 07:38:50,13,7,89,68,348,1
103H_1028_R1,103,outbound,Fort,1,2025-10-28 18:43:00,2025-10-28 18:44:46,30,0,47,106,417,1
171C_1027_R1,171,inbound,Fort,1,2025-10-27 08:19:36,2025-10-27 08:20:32,8,9,72,56,540,1
171E_1030_R1,171,inbound,Fort,1,2025-10-30 08:51:48,2025-10-30 08:52:43,13,5,71,55,342,1
103G_1027_R1,103,inbound,Maradana,1,2025-10-27 12:31:18,2025-10-27 12:32:27,12,6,45,69,330,0
171H_1031_R1,171,outbound,Punchi Borella,0,2025-10-31 11:05:51,2025-10-31 11:06:54,7,8,43,63,224,0
103B_1027_R1,103,outbound,Maradana,0,2025-10-27 10:48:40,2025-10-27 10:49:39,12,6,40,59,400,0
103J_1026_R1,103,outbound,Narahenpita,1,2025-10-26 07:43:52,2025-10-26 07:45:05,10,11,96,73,431,1
171A_1029_R1,171,inbound,Welikada,0,2025-10-29 16:47:47,2025-10-29 16:48:54,14,5,49,67,428,1
103D_1026_R2,103,outbound,Borella,0,2025-10-26 08:08:31,2025-10-26 08:09:08,7,4,70,37,503,1
171C_1031_R2,171,inbound,Pettah,0,2025-10-31 09:11:31,2025-10-31 09:12:36,12,8,104,65,276,0
103A_1027_R1,103,outbound,Punchi Borella,1,2025-10-27 16:40:02,2025-10-27 16:41:15,17,7,38,73,609,1
171B_1030_R1,171,inbound,Battaramulla,0,2025-10-30 19:26:57,2025-10-30 19:27:37,8,2,31,40,546,0
103C_1029_R2,103,outbound,Punchi Borella,1,2025-10-29 07:56:10,2025-10-29 07:57:28,17,8,60,78,831,1
144G_1030_R1,144,outbound,Rajagiriya,1,2025-10-30 19:42:16,2025-10-30 19:43:09,3,8,45,53,569,0
171J_1028_R1,171,inbound,Punchi Borella,0,2025-10-28 18:31:00,2025-10-28 18:31:34,7,1,105,34,413,1
144F_1028_R2,144,inbound,Cotta Road,0,2025-10-28 07:44:36,2025-10-28 07:45:28,11,4,44,52,493,1
171C_1027_R1,171,outbound,Battaramulla,0,2025-10-27 17:24:00,2025-10-27 17:24:40,6,4,115,40,451,1
144J_1025_R2,144,outbound,Borella,1,2025-10-25 07:33:57,2025-10-25 07:35:01,8,14,32,64,437,1
171E_1025_R1,171,inbound,Rajagiriya,0,2025-10-25 09:13:30,2025-10-25 09:14:25,12,2,63,55,283,0
144H_1025_R2,144,inbound,Rajagiriya,1,2025-10-25 10:31:00,2025-10-25 10:31:55,11,6,25,55,402,0
171A_1031_R1,171,inbound,Rajagiriya,0,2025-10-31 09:02:22,2025-10-31 09:03:22,14,4,60,60,283,0
171E_1026_R1,171,outbound,Rajagiriya,0,2025-10-26 07:07:03,2025-10-26 07:08:08,9,9,53,65,425,1
144G_1027_R1,144,inbound,Cotta Road,0,2025-10-27 18:34:26,2025-10-27 18:35:34,16,2,43,68,618,1
144B_1025_R1,144,outbound,Rajagiriya,1,2025-10-25 06:26:26,2025-10-25 06:27:18,5,8,25,52,456,0
144I_1028_R2,144,outbound,Fort,1,2025-10-28 08:03:00,2025-10-28 08:04:06,18,3,46,66,787,1
103H_1029_R2,103,inbound,Narahenpita,1,2025-10-29 12:31:00,2025-10-29 12:31:43,7,2,19,43,353,0
144H_1030_R1,144,inbound,Rajagiriya,1,2025-10-30 07:08:00,2025-10-30 07:08:28,5,1,24,28,386,1
171E_1026_R1,171,outbound,Koswatta,1,2025-10-26 07:20:47,2025-10-26 07:21:54,13,9,56,67,425,1
144F_1027_R1,144,outbound,Maradana,0,2025-10-27 08:19:22,2025-10-27 08:19:48,0,4,18,26,322,1
171F_1031_R1,171,outbound,Pettah,0,2025-10-31 17:47:46,2025-10-31 17:48:31,8,3,31,45,478,1
171F_1031_R1,171,inbound,Welikada,0,2025-10-31 20:52:52,2025-10-31 20:53:47,10,4,34,55,377,0
103D_1028_R2,103,outbound,Punchi Borella,1,2025-10-28 08:09:31,2025-10-28 08:11:02,21,9,65,91,386,1
103E_1031_R1,103,inbound,Narahenpita,1,2025-10-31 16:22:00,2025-10-31 16:22:45,11,4,15,45,528,1
103A_1030_R1,103,inbound,Punchi Borella,0,2025-10-30 09:45:38,2025-10-30 09:46:17,8,0,32,39,455,0
144D_1031_R1,144,outbound,Fort,1,2025-10-31 20:31:00,2025-10-31 20:31:48,9,3,21,48,696,0
171C_1029_R1,171,outbound,Cotta Road,0,2025-10-29 08:03:32,2025-10-29 08:04:20,4,9,77,48,596,1
144A_1030_R1,144,outbound,Punchi Borella,0,2025-10-30 12:34:31,2025-10-30 12:35:37,13,5,49,66,463,0
144C_1028_R1,144,outbound,Cotta Road,0,2025-10-28 20:09:59,2025-10-28 20:10:47,6,9,55,48,500,0
171D_1028_R1,171,outbound,Technical Junction,0,2025-10-28 08:46:22,2025-10-28 08:47:13,8,5,65,51,456,1
103B_1025_R2,103,inbound,Fort,1,2025-10-25 08:12:52,2025-10-25 08:13:59,11,11,57,67,593,1
103I_1025_R2,103,inbound,Punchi Borella,0,2025-10-25 16:09:08,2025-10-25 16:10:45,26,5,63,97,498,1
171J_1027_R1,171,outbound,Cotta Road,0,2025-10-27 06:49:44,2025-10-27 06:50:35,11,6,40,51,548,0
103G_1025_R1,103,outbound,Punchi Borella,1,2025-10-25 18:15:35,2025-10-25 18:16:16,0,12,28,41,233,1
144E_1030_R2,144,inbound,Punchi Borella,1,2025-10-30 17:16:45,2025-10-30 17:17:42,12,7,62,57,577,1
103B_1031_R1,103,inbound,Narahenpita,1,2025-10-31 07:15:00,2025-10-31 07:15:41,8,4,10,41,587,1
171A_1025_R1,171,outbound,Fort,1,2025-10-25 07:18:00,2025-10-25 07:19:40,27,5,54,100,466,1
144A_1031_R1,144,outbound,Cotta Road,0,2025-10-31 16:38:21,2025-10-31 16:39:24,12,7,73,63,553,1
144C_1025_R1,144,inbound,Borella,0,2025-10-25 18:20:08,2025-10-25 18:21:36,25,3,83,88,336,1
171F_1026_R1,171,inbound,Welikada,0,2025-10-26 17:30:36,2025-10-26 17:31:12,7,2,51,36,256,1
144D_1025_R2,144,outbound,Borella,1,2025-10-25 20:00:59,2025-10-25 20:01:53,5,8,38,54,390,0
171E_1028_R2,171,inbound,Pettah,0,2025-10-28 18:17:55,2025-10-28 18:18:31,7,3,116,36,605,1
171G_1026_R1,171,outbound,Pettah,0,2025-10-26 18:53:07,2025-10-26 18:54:26,19,4,36,79,447,1
103A_1026_R2,103,outbound,Narahenpita,1,2025-10-26 14:26:50,2025-10-26 14:27:44,11,3,57,54,394,0
103G_1030_R1,103,outbound,Maradana,0,2025-10-30 17:18:52,2025-10-30 17:20:11,20,6,38,79,354,1
171C_1029_R1,171,outbound,Battaramulla,0,2025-10-29 08:14:30,2025-10-29 08:15:27,5,7,73,57,596,1
171F_1029_R1,171,outbound,Battaramulla,0,2025-10-29 16:55:58,2025-10-29 16:56:39,9,2,69,41,566,1
144D_1031_R1,144,inbound,Punchi Borella,1,2025-10-31 07:40:17,2025-10-31 07:41:22,8,10,40,65,554,1
171B_1029_R2,171,inbound,Koswatta,1,2025-10-29 12:42:00,2025-10-29 12:42:35,0,5,22,35,360,0
103C_1031_R1,103,inbound,Fort,1,2025-10-31 07:58:22,2025-10-31 07:59:16,4,8,62,54,471,1
103B_1028_R2,103,inbound,Fort,1,2025-10-28 16:55:13,2025-10-28 16:56:18,8,8,64,65,571,1
171I_1029_R2,171,inbound,Welikada,0,2025-10-29 18:19:59,2025-10-29 18:21:00,10,7,42,61,288,1
103B_1025_R1,103,outbound,Maradana,0,2025-10-25 07:32:05,2025-10-25 07:33:12,15,6,64,67,559,1
103E_1026_R1,103,outbound,Maradana,0,2025-10-26 13:09:29,2025-10-26 13:10:08,5,3,30,39,557,0
144B_1027_R1,144,inbound,Borella,0,2025-10-27 18:06:14,2025-10-27 18:07:22,14,7,35,68,505,1
171A_1026_R1,171,outbound,Technical Junction,0,2025-10-26 07:40:57,2025-10-26 07:41:54,11,6,46,57,508,1
144I_1028_R2,144,outbound,Cotta Road,0,2025-10-28 08:23:59,2025-10-28 08:24:34,2,5,66,35,787,1
103I_1027_R1,103,outbound,Maradana,0,2025-10-27 20:08:46,2025-10-27 20:09:26,8,3,49,40,400,0
144C_1031_R2,144,outbound,Borella,1,2025-10-31 08:49:31,2025-10-31 08:50:36,13,8,79,65,535,1
144J_1030_R2,144,outbound,Maradana,0,2025-10-30 11:02:39,2025-10-30 11:03:30,13,0,39,51,603,0
171H_1029_R1,171,inbound,Cotta Road,0,2025-10-29 19:06:43,2025-10-29 19:07:21,8,5,66,38,331,0
171E_1027_R1,171,outbound,Fort,1,2025-10-27 18:11:00,2025-10-27 18:11:49,9,4,10,49,416,1
171H_1025_R1,171,outbound,Maradana,0,2025-10-25 16:34:14,2025-10-25 16:35:14,15,4,45,60,541,1
171I_1025_R1,171,outbound,Borella,1,2025-10-25 10:58:34,2025-10-25 10:59:29,10,4,52,55,560,0
171F_1030_R1,171,outbound,Pettah,0,2025-10-30 16:14:37,2025-10-30 16:15:48,15,6,35,71,673,1
171I_1031_R1,171,outbound,Welikada,0,2025-10-31 07:51:03,2025-10-31 07:51:47,11,3,90,44,397,1
171G_1025_R1,171,outbound,Fort,1,2025-10-25 06:37:00,2025-10-25 06:37:36,7,0,7,36,519,0
144E_1025_R1,144,inbound,Punchi Borella,1,2025-10-25 20:31:26,2025-10-25 20:32:29,9,8,42,63,528,0
103I_1027_R1,103,inbound,Fort,1,2025-10-27 09:18:53,2025-10-27 09:19:36,3,7,44,43,384,0
171G_1026_R2,171,inbound,Maradana,0,2025-10-26 15:13:41,2025-10-26 15:14:24,4,4,57,43,503,0
171D_1029_R1,171,inbound,Koswatta,1,2025-10-29 16:37:00,2025-10-29 16:37:37,6,4,14,37,462,1
103A_1030_R1,103,outbound,Punchi Borella,1,2025-10-30 16:57:43,2025-10-30 16:58:43,8,9,30,60,180,1
171H_1029_R1,171,outbound,Koswatta,1,2025-10-29 20:36:40,2025-10-29 20:37:47,11,9,47,67,532,0
144F_1031_R2,144,outbound,Punchi Borella,0,2025-10-31 18:01:00,2025-10-31 18:02:26,22,4,70,86,356,1
171D_1027_R1,171,outbound,Cotta Road,0,2025-10-27 07:40:47,2025-10-27 07:41:26,9,4,61,39,519,1
171J_1030_R1,171,inbound,Maradana,0,2025-10-30 10:56:22,2025-10-30 10:57:19,4,10,57,57,228,0
144B_1031_R1,144,inbound,Rajagiriya,1,2025-10-31 10:46:00,2025-10-31 10:47:00,12,4,31,60,589,0
171A_1031_R1,171,outbound,Rajagiriya,0,2025-10-31 07:10:12,2025-10-31 07:11:43,20,7,90,91,541,1
171F_1027_R1,171,outbound,Fort,1,2025-10-27 10:33:00,2025-10-27 10:33:53,13,0,13,53,443,0
171C_1028_R1,171,inbound,Welikada,0,2025-10-28 08:14:34,2025-10-28 08:15:06,7,3,22,32,402,1
171I_1031_R1,171,outbound,Rajagiriya,0,2025-10-31 07:46:02,2025-10-31 07:47:15,13,8,82,73,397,1
171A_1029_R1,171,outbound,Welikada,0,2025-10-29 18:53:30,2025-10-29 18:54:58,16,11,127,88,440,1
144B_1031_R1,144,inbound,Cotta Road,0,2025-10-31 10:50:53,2025-10-31 10:52:10,14,3,42,77,589,0
171J_1027_R2,171,outbound,Technical Junction,0,2025-10-27 16:36:22,2025-10-27 16:37:20,13,5,49,58,337,1
144J_1028_R1,144,outbound,Rajagiriya,1,2025-10-28 18:22:06,2025-10-28 18:23:11,8,11,35,65,486,1
171A_1025_R2,171,inbound,Technical Junction,0,2025-10-25 20:25:10,2025-10-25 20:25:36,4,1,80,26,453,0
171J_1028_R2,171,outbound,Pettah,0,2025-10-28 17:31:23,2025-10-28 17:32:34,19,3,47,71,583,1
144G_1030_R1,144,outbound,Borella,1,2025-10-30 19:34:37,2025-10-30 19:35:34,9,8,50,57,569,0
144E_1031_R2,144,outbound,Punchi Borella,0,2025-10-31 12:55:52,2025-10-31 12:56:54,12,3,36,62,662,0
144F_1028_R2,144,inbound,Rajagiriya,1,2025-10-28 07:39:00,2025-10-28 07:40:07,17,4,37,67,493,1
144C_1031_R2,144,inbound,Punchi Borella,1,2025-10-31 17:54:53,2025-10-31 17:55:53,8,10,42,60,360,1
171A_1031_R1,171,inbound,Koswatta,1,2025-10-31 08:46:00,2025-10-31 08:47:30,20,8,21,90,283,1
171E_1028_R1,171,inbound,Punchi Borella,0,2025-10-28 17:29:51,2025-10-28 17:30:41,5,8,72,50,271,1
103A_1027_R1,103,inbound,Pettah,0,2025-10-27 20:01:43,2025-10-27 20:02:13,7,2,49,30,396,0
144D_1028_R1,144,inbound,Rajagiriya,1,2025-10-28 10:33:00,2025-10-28 10:33:55,13,6,21,55,571,0
171A_1030_R1,171,outbound,Cotta Road,0,2025-10-30 09:38:35,2025-10-30 09:39:45,9,9,56,70,342,0
171I_1030_R2,171,inbound,Cotta Road,0,2025-10-30 07:39:34,2025-10-30 07:40:31,11,6,62,57,637,1
171G_1031_R2,171,outbound,Maradana,0,2025-10-31 09:58:49,2025-10-31 09:59:43,7,6,45,54,435,0
103C_1029_R1,103,inbound,Fort,1,2025-10-29 11:24:31,2025-10-29 11:25:24,7,8,28,53,594,0
144C_1031_R2,144,inbound,Fort,1,2025-10-31 18:05:49,2025-10-31 18:06:38,9,5,50,49,360,1
171C_1031_R2,171,inbound,Fort,1,2025-10-31 09:15:42,2025-10-31 09:16:31,10,6,108,49,276,0
144G_1026_R1,144,outbound,Borella,1,2025-10-26 10:04:38,2025-10-26 10:05:59,13,12,46,81,590,0
144B_1028_R1,144,outbound,Cotta Road,0,2025-10-28 10:20:15,2025-10-28 10:21:01,8,7,47,46,437,0
144F_1030_R2,144,inbound,Maradana,0,2025-10-30 07:51:18,2025-10-30 07:52:23,10,12,62,65,532,1
103D_1025_R1,103,inbound,Maradana,1,2025-10-25 06:28:05,2025-10-25 06:28:49,5,7,27,44,561,0
144I_1031_R1,144,outbound,Punchi Borella,0,2025-10-31 20:12:39,2025-10-31 20:13:32,10,5,41,53,455,0
103J_1026_R1,103,outbound,Pettah,0,2025-10-26 07:21:49,2025-10-26 07:23:08,20,1,68,79,431,1
171C_1029_R1,171,outbound,Welikada,0,2025-10-29 08:10:38,2025-10-29 08:11:40,10,10,75,62,596,1
171H_1027_R1,171,outbound,Technical Junction,0,2025-10-27 13:01:21,2025-10-27 13:02:09,9,4,28,48,242,0
144E_1028_R1,144,inbound,Punchi Borella,1,2025-10-28 16:46:23,2025-10-28 16:47:38,19,5,50,75,568,1
144J_1026_R1,144,outbound,Cotta Road,0,2025-10-26 14:22:10,2025-10-26 14:22:56,7,4,41,46,349,0
103B_1026_R2,103,inbound,Punchi Borella,0,2025-10-26 10:48:04,2025-10-26 10:48:54,10,5,44,50,506,0
103I_1026_R1,103,outbound,Pettah,0,2025-10-26 14:17:07,2025-10-26 14:18:18,18,6,31,71,531,0
144E_1027_R1,144,inbound,Cotta Road,0,2025-10-27 09:02:18,2025-10-27 09:03:12,11,2,42,54,397,0
171D_1026_R1,171,inbound,Rajagiriya,0,2025-10-26 09:11:57,2025-10-26 09:12:25,5,3,32,28,356,0
103F_1027_R1,103,outbound,Punchi Borella,1,2025-10-27 15:07:32,2025-10-27 15:08:25,7,10,25,53,290,0
144A_1025_R2,144,outbound,Cotta Road,0,2025-10-25 13:17:02,2025-10-25 13:17:55,10,5,71,53,629,0
171J_1027_R1,171,inbound,Koswatta,1,2025-10-27 17:32:00,2025-10-27 17:34:04,32,7,48,124,388,1
171B_1026_R1,171,outbound,Rajagiriya,0,2025-10-26 17:00:25,2025-10-26 17:01:22,9,6,86,57,451,1
103B_1030_R1,103,inbound,Maradana,1,2025-10-30 19:38:26,2025-10-30 19:39:06,6,3,47,40,399,0
171J_1027_R2,171,outbound,Welikada,0,2025-10-27 17:03:58,2025-10-27 17:04:49,9,4,91,51,337,1
144B_1028_R2,144,inbound,Fort,1,2025-10-28 12:51:05,2025-10-28 12:52:12,11,10,42,67,575,0
144E_1027_R1,144,inbound,Fort,1,2025-10-27 09:25:35,2025-10-27 09:26:11,6,3,51,36,397,0
171F_1027_R2,171,outbound,Welikada,0,2025-10-27 18:32:42,2025-10-27 18:33:55,12,8,96,73,680,1
144J_1025_R1,144,outbound,Fort,1,2025-10-25 10:23:00,2025-10-25 10:23:45,8,2,35,45,782,0
171G_1028_R2,171,outbound,Fort,1,2025-10-28 07:48:00,2025-10-28 07:49:00,19,0,42,60,378,1
144I_1028_R1,144,outbound,Borella,1,2025-10-28 06:32:50,2025-10-28 06:33:33,7,7,21,43,488,0
103I_1026_R1,103,inbound,Narahenpita,1,2025-10-26 06:12:00,2025-10-26 06:12:31,6,2,32,31,527,0
103E_1030_R1,103,inbound,Fort,1,2025-10-30 07:02:48,2025-10-30 07:03:58,13,7,54,70,429,1
103H_1031_R1,103,inbound,Pettah,0,2025-10-31 07:12:11,2025-10-31 07:13:22,9,11,56,71,416,1
103B_1030_R1,103,inbound,Pettah,0,2025-10-30 19:42:32,2025-10-30 19:43:26,7,9,45,54,399,0
171I_1025_R2,171,outbound,Koswatta,1,2025-10-25 13:17:38,2025-10-25 13:18:19,6,7,35,41,196,0
144F_1029_R1,144,inbound,Rajagiriya,1,2025-10-29 19:09:00,2025-10-29 19:09:57,10,4,20,57,385,0
171E_1028_R1,171,outbound,Borella,1,2025-10-28 09:45:28,2025-10-28 09:46:25,9,3,43,57,456,0
171J_1027_R1,171,outbound,Welikada,0,2025-10-27 06:58:26,2025-10-27 06:59:29,10,6,48,63,548,0
171D_1031_R1,171,outbound,Fort,1,2025-10-31 16:37:00,2025-10-31 16:37:26,4,3,18,26,508,1
171E_1031_R2,171,outbound,Technical Junction,0,2025-10-31 09:04:12,2025-10-31 09:05:12,14,2,68,60,559,0
144F_1029_R1,144,outbound,Fort,1,2025-10-29 06:01:00,2025-10-29 06:02:01,11,5,22,61,338,0
144I_1029_R1,144,outbound,Cotta Road,0,2025-10-29 19:38:04,2025-10-29 19:38:45,5,4,28,41,507,0
144J_1028_R2,144,outbound,Punchi Borella,0,2025-10-28 09:36:46,2025-10-28 09:37:31,13,4,47,45,427,0
144I_1029_R1,144,inbound,Maradana,0,2025-10-29 17:13:24,2025-10-29 17:14:25,7,9,71,61,630,1
171J_1025_R2,171,outbound,Battaramulla,0,2025-10-25 08:40:04,2025-10-25 08:41:12,13,6,131,68,410,1
171I_1025_R1,171,inbound,Koswatta,1,2025-10-25 09:19:00,2025-10-25 09:19:50,12,0,30,50,454,0
171H_1028_R2,171,outbound,Borella,1,2025-10-28 08:32:39,2025-10-28 08:34:03,17,11,92,84,417,1
103J_1029_R1,103,outbound,Narahenpita,1,2025-10-29 07:56:37,2025-10-29 07:57:30,5,11,53,53,357,1
144I_1026_R1,144,outbound,Maradana,0,2025-10-26 20:36:26,2025-10-26 20:37:07,6,4,25,41,492,0
144I_1027_R1,144,inbound,Borella,0,2025-10-27 16:14:10,2025-10-27 16:15:20,18,3,45,70,369,1
103C_1031_R1,103,outbound,Punchi Borella,1,2025-10-31 14:36:31,2025-10-31 14:37:10,8,6,29,39,489,0
144D_1030_R2,144,outbound,Borella,1,2025-10-30 19:11:23,2025-10-30 19:12:37,17,5,76,74,345,0
144C_1029_R1,144,outbound,Rajagiriya,1,2025-10-29 11:17:09,2025-10-29 11:17:36,1,4,51,27,578,0
103A_1027_R1,103,outbound,Fort,1,2025-10-27 16:25:00,2025-10-27 16:25:44,5,4,11,44,609,1
171I_1031_R1,171,outbound,Koswatta,1,2025-10-31 07:59:51,2025-10-31 08:00:50,11,5,98,59,397,1
144G_1030_R2,144,inbound,Cotta Road,0,2025-10-30 06:49:33,2025-10-30 06:50:08,5,3,12,35,453,0
144J_1029_R1,144,inbound,Maradana,0,2025-10-29 19:11:13,2025-10-29 19:12:14,10,7,57,61,353,0
171I_1026_R1,171,inbound,Koswatta,1,2025-10-26 19:08:00,2025-10-26 19:08:46,6,4,9,46,746,0
144A_1027_R2,144,outbound,Maradana,0,2025-10-27 06:09:48,2025-10-27 06:10:26,10,3,32,38,437,0
144H_1025_R1,144,inbound,Maradana,0,2025-10-25 18:21:21,2025-10-25 18:22:15,11,4,79,54,666,1
103E_1029_R1,103,inbound,Pettah,0,2025-10-29 08:02:29,2025-10-29 08:03:01,2,6,44,32,591,1
144F_1026_R2,144,inbound,Rajagiriya,1,2025-10-26 07:51:00,2025-10-26 07:51:41,8,4,16,41,598,1
171B_1031_R2,171,inbound,Punchi Borella,0,2025-10-31 08:22:16,2025-10-31 08:23:39,13,14,53,83,376,1
171I_1028_R1,171,outbound,Technical Junction,0,2025-10-28 12:26:58,2025-10-28 12:28:03,15,4,35,65,366,0
103H_1025_R1,103,inbound,Pettah,0,2025-10-25 09:33:27,2025-10-25 09:34:28,8,7,52,61,524,0
144G_1031_R1,144,outbound,Cotta Road,0,2025-10-31 10:47:31,2025-10-31 10:48:27,7,10,40,56,379,0
171C_1028_R1,171,inbound,Maradana,0,2025-10-28 08:41:07,2025-10-28 08:41:58,9,6,77,51,402,1
171B_1027_R1,171,inbound,Pettah,0,2025-10-27 07:16:30,2025-10-27 07:17:28,7,10,47,58,324,1
144G_1025_R1,144,outbound,Maradana,0,2025-10-25 08:25:20,2025-10-25 08:25:54,3,5,30,34,459,1
144E_1026_R2,144,outbound,Punchi Borella,0,2025-10-26 06:58:06,2025-10-26 06:58:53,9,4,44,47,443,0
171A_1027_R1,171,outbound,Koswatta,1,2025-10-27 21:21:35,2025-10-27 21:22:22,7,7,47,47,502,0
171I_1025_R2,171,outbound,Pettah,0,2025-10-25 12:28:56,2025-10-25 12:29:43,7,4,15,47,196,0
144F_1025_R2,144,inbound,Borella,0,2025-10-25 17:08:01,2025-10-25 17:09:00,11,6,61,59,501,1
144E_1029_R1,144,inbound,Maradana,0,2025-10-29 09:35:23,2025-10-29 09:36:18,7,9,38,55,451,0
171H_1029_R2,171,inbound,Maradana,0,2025-10-29 08:45:51,2025-10-29 08:46:56,10,12,80,65,363,1
103H_1025_R2,103,outbound,Narahenpita,1,2025-10-25 11:10:06,2025-10-25 11:10:51,6,4,40,45,588,0
103B_1025_R1,103,inbound,Borella,0,2025-10-25 08:56:52,2025-10-25 08:57:50,13,3,31,58,671,1
171D_1026_R2,171,outbound,Pettah,0,2025-10-26 06:12:41,2025-10-26 06:13:31,9,6,36,50,555,0
144J_1027_R2,144,inbound,Maradana,0,2025-10-27 16:24:35,2025-10-27 16:25:28,11,7,47,53,555,1
171E_1029_R1,171,outbound,Welikada,0,2025-10-29 09:22:04,2025-10-29 09:23:00,8,7,98,56,376,0
103E_1030_R2,103,outbound,Borella,0,2025-10-30 17:01:02,2025-10-30 17:02:01,14,5,66,59,587,1
103I_1025_R2,103,inbound,Pettah,0,2025-10-25 16:22:28,2025-10-25 16:23:26,13,8,88,58,498,1
144A_1025_R2,144,inbound,Punchi Borella,1,2025-10-25 08:06:45,2025-10-25 08:07:52,12,5,65,67,350,1
103A_1029_R1,103,outbound,Fort,1,2025-10-29 07:36:00,2025-10-29 07:37:13,20,3,34,73,551,1
144B_1028_R2,144,outbound,Rajagiriya,1,2025-10-28 19:39:42,2025-10-28 19:40:28,5,10,35,46,274,0
103D_1026_R1,103,outbound,Fort,1,2025-10-26 12:05:00,2025-10-26 12:05:50,6,2,26,50,557,0
103H_1026_R2,103,outbound,Narahenpita,1,2025-10-26 08:25:22,2025-10-26 08:26:25,13,9,46,63,478,1
103A_1028_R1,103,outbound,Maradana,0,2025-10-28 08:19:35,2025-10-28 08:20:36,14,4,44,61,487,1
103F_1030_R1,103,inbound,Maradana,1,2025-10-30 07:47:16,2025-10-30 07:48:20,8,9,30,64,520,1
144I_1029_R1,144,inbound,Borella,0,2025-10-29 17:00:40,2025-10-29 17:02:18,25,4,72,98,630,1
144G_1029_R2,144,inbound,Borella,0,2025-10-29 18:13:49,2025-10-29 18:15:04,20,2,68,75,224,1
171A_1026_R1,171,outbound,Fort,1,2025-10-26 07:31:00,2025-10-26 07:31:54,13,4,21,54,508,1
103D_1025_R1,103,inbound,Borella,0,2025-10-25 06:17:57,2025-10-25 06:18:51,13,4,26,54,561,0
144E_1029_R1,144,inbound,Rajagiriya,1,2025-10-29 09:14:00,2025-10-29 09:15:08,11,6,25,68,451,0
144I_1031_R1,144,outbound,Maradana,0,2025-10-31 20:05:54,2025-10-31 20:07:06,15,4,36,72,455,0
103I_1026_R2,103,outbound,Borella,0,2025-10-26 08:48:18,2025-10-26 08:49:15,6,4,72,57,433,1
144A_1030_R1,144,inbound,Rajagiriya,1,2025-10-30 08:41:00,2025-10-30 08:42:11,18,4,31,71,382,1
171C_1025_R2,171,outbound,Pettah,0,2025-10-25 19:15:34,2025-10-25 19:16:28,14,4,37,54,686,0
103C_1029_R1,103,inbound,Borella,0,2025-10-29 10:59:54,2025-10-29 11:00:37,10,4,17,43,594,0
103G_1029_R1,103,outbound,Punchi Borella,1,2025-10-29 19:24:53,2025-10-29 19:25:58,13,8,47,65,552,0
103A_1027_R1,103,inbound,Fort,1,2025-10-27 20:07:11,2025-10-27 20:08:06,6,9,46,55,396,0
171C_1030_R1,171,outbound,Technical Junction,0,2025-10-30 08:44:49,2025-10-30 08:45:47,13,2,47,58,577,1
144B_1027_R1,144,outbound,Maradana,0,2025-10-27 19:05:04,2025-10-27 19:05:57,15,1,34,53,395,0
171C_1031_R1,171,inbound,Cotta Road,0,2025-10-31 17:43:35,2025-10-31 17:44:41,16,2,76,66,315,1
144D_1026_R1,144,outbound,Maradana,0,2025-10-26 09:10:47,2025-10-26 09:11:26,6,4,28,39,543,0
103H_1026_R1,103,outbound,Fort,1,2025-10-26 12:04:00,2025-10-26 12:04:26,7,3,38,26,650,0
171F_1025_R1,171,outbound,Welikada,0,2025-10-25 18:51:55,2025-10-25 18:52:35,6,6,60,40,569,1
103F_1029_R1,103,outbound,Maradana,0,2025-10-29 17:49:00,2025-10-29 17:49:29,3,4,46,29,370,1
171I_1030_R1,171,outbound,Punchi Borella,0,2025-10-30 09:03:30,2025-10-30 09:04:09,10,2,59,39,284,0
171H_1028_R1,171,outbound,Pettah,0,2025-10-28 19:35:01,2025-10-28 19:35:36,4,6,23,35,678,0
144G_1025_R1,144,outbound,Rajagiriya,1,2025-10-25 08:44:42,2025-10-25 08:45:56,12,11,36,74,459,1
171D_1031_R2,171,inbound,Punchi Borella,0,2025-10-31 20:38:38,2025-10-31 20:39:29,5,6,73,51,374,0
103B_1030_R1,103,outbound,Narahenpita,1,2025-10-30 07:28:01,2025-10-30 07:29:16,14,8,70,75,344,1
171C_1027_R2,171,inbound,Maradana,0,2025-10-27 21:00:20,2025-10-27 21:00:53,5,1,51,33,296,0
144G_1030_R1,144,inbound,Maradana,0,2025-10-30 08:56:27,2025-10-30 08:57:35,9,10,28,68,471,1
171F_1027_R1,171,inbound,Punchi Borella,0,2025-10-27 10:16:40,2025-10-27 10:17:34,6,7,69,54,265,0
171D_1031_R1,171,outbound,Rajagiriya,0,2025-10-31 17:10:01,2025-10-31 17:11:06,9,7,68,65,508,1
144J_1028_R1,144,outbound,Cotta Road,0,2025-10-28 18:16:20,2025-10-28 18:17:20,12,7,38,60,486,1
144B_1026_R1,144,inbound,Borella,0,2025-10-26 08:49:27,2025-10-26 08:50:16,11,3,55,49,326,1
144C_1028_R2,144,inbound,Rajagiriya,1,2025-10-28 17:50:00,2025-10-28 17:51:13,15,4,31,73,410,1
144H_1025_R1,144,outbound,Punchi Borella,0,2025-10-25 19:18:31,2025-10-25 19:19:17,10,3,27,46,510,0
171J_1031_R1,171,inbound,Rajagiriya,0,2025-10-31 17:55:59,2025-10-31 17:56:55,12,2,43,56,528,1
171D_1030_R1,171,outbound,Maradana,0,2025-10-30 19:03:01,2025-10-30 19:03:55,15,2,57,54,343,0
144C_1025_R1,144,outbound,Cotta Road,0,2025-10-25 19:38:04,2025-10-25 19:38:48,4,8,43,44,608,0
171B_1026_R1,171,inbound,Punchi Borella,0,2025-10-26 16:56:27,2025-10-26 16:57:24,3,11,107,57,359,1
144J_1029_R2,144,outbound,Maradana,0,2025-10-29 17:18:40,2025-10-29 17:20:27,31,4,50,107,658,1
171C_1028_R1,171,inbound,Borella,1,2025-10-28 08:30:21,2025-10-28 08:31:43,21,7,68,82,402,1
144D_1031_R1,144,outbound,Punchi Borella,0,2025-10-31 20:40:41,2025-10-31 20:41:49,13,5,40,68,696,0
144H_1025_R2,144,inbound,Borella,0,2025-10-25 10:41:49,2025-10-25 10:42:47,14,4,37,58,402,0
171J_1027_R2,171,inbound,Technical Junction,0,2025-10-27 20:52:11,2025-10-27 20:52:46,6,5,69,35,366,0
171E_1027_R2,171,outbound,Technical Junction,0,2025-10-27 12:10:15,2025-10-27 12:11:14,16,1,46,59,400,0
103I_1028_R1,103,inbound,Fort,1,2025-10-28 07:00:21,2025-10-28 07:01:13,9,7,59,52,504,1
144J_1026_R1,144,outbound,Maradana,0,2025-10-26 14:07:26,2025-10-26 14:08:13,7,3,22,47,349,0
171C_1026_R2,171,outbound,Punchi Borella,0,2025-10-26 17:15:44,2025-10-26 17:17:00,13,5,61,76,335,1
144C_1025_R2,144,inbound,Maradana,0,2025-10-25 19:34:36,2025-10-25 19:35:16,5,6,67,40,571,0
103D_1027_R1,103,outbound,Punchi Borella,1,2025-10-27 08:47:22,2025-10-27 08:48:29,10,10,83,67,571,1
171D_1031_R1,171,inbound,Pettah,0,2025-10-31 10:52:30,2025-10-31 10:53:03,5,3,75,33,445,0
171D_1026_R1,171,inbound,Technical Junction,0,2025-10-26 09:35:08,2025-10-26 09:36:05,8,9,43,57,356,0
144A_1029_R1,144,inbound,Fort,1,2025-10-29 16:26:37,2025-10-29 16:28:16,17,11,72,99,540,1
144A_1029_R1,144,inbound,Rajagiriya,1,2025-10-29 16:04:00,2025-10-29 16:05:11,15,7,22,71,540,1
171C_1030_R2,171,inbound,Maradana,0,2025-10-30 15:14:35,2025-10-30 15:15:07,6,0,63,32,490,0
171E_1029_R1,171,outbound,Battaramulla,0,2025-10-29 09:26:00,2025-10-29 09:26:56,8,7,99,56,376,0
171E_1030_R1,171,outbound,Punchi Borella,0,2025-10-30 17:36:26,2025-10-30 17:37:24,10,8,81,58,414,1
171H_1027_R1,171,outbound,Battaramulla,0,2025-10-27 13:34:01,2025-10-27 13:35:07,10,5,50,66,242,0
171A_1025_R1,171,inbound,Borella,1,2025-10-25 08:05:01,2025-10-25 08:06:31,20,9,79,90,598,1
171J_1028_R1,171,outbound,Pettah,0,2025-10-28 17:41:31,2025-10-28 17:42:39,13,6,34,68,340,1
103G_1026_R1,103,outbound,Maradana,0,2025-10-26 17:35:50,2025-10-26 17:36:41,12,3,71,51,559,1
144I_1028_R2,144,outbound,Borella,1,2025-10-28 08:17:26,2025-10-28 08:18:58,20,10,69,92,787,1
144J_1028_R2,144,inbound,Maradana,0,2025-10-28 08:23:16,2025-10-28 08:24:28,17,8,86,72,711,1
171I_1027_R1,171,inbound,Battaramulla,0,2025-10-27 18:32:50,2025-10-27 18:33:55,15,4,55,65,417,1
144A_1030_R1,144,inbound,Punchi Borella,1,2025-10-30 08:54:37,2025-10-30 08:55:43,15,7,73,66,382,1
103A_1030_R1,103,inbound,Borella,0,2025-10-30 09:40:16,2025-10-30 09:40:57,8,2,24,41,455,0
103A_1026_R1,103,outbound,Pettah,0,2025-10-26 06:12:06,2025-10-26 06:12:53,9,2,34,47,331,0
171I_1029_R1,171,outbound,Technical Junction,0,2025-10-29 20:55:10,2025-10-29 20:56:22,19,3,55,72,530,0
103J_1026_R1,103,inbound,Pettah,0,2025-10-26 17:23:17,2025-10-26 17:24:10,2,9,42,53,652,1
103J_1026_R2,103,outbound,Narahenpita,1,2025-10-26 10:44:03,2025-10-26 10:44:51,7,10,35,48,443,0
103E_1025_R2,103,inbound,Borella,0,2025-10-25 19:33:35,2025-10-25 19:34:04,7,4,29,29,395,0
144C_1028_R1,144,inbound,Rajagiriya,1,2025-10-28 12:12:00,2025-10-28 12:12:57,9,6,19,57,463,0
171F_1026_R1,171,inbound,Punchi Borella,0,2025-10-26 17:47:43,2025-10-26 17:48:48,13,8,91,65,256,1
171J_1030_R1,171,outbound,Fort,1,2025-10-30 16:06:00,2025-10-30 16:07:17,22,3,22,77,599,1
171J_1025_R1,171,inbound,Koswatta,1,2025-10-25 17:46:00,2025-10-25 17:47:23,23,0,23,83,513,1
103J_1025_R2,103,outbound,Borella,0,2025-10-25 21:00:17,2025-10-25 21:01:17,8,10,31,60,414,0
103J_1025_R1,103,outbound,Maradana,0,2025-10-25 18:51:45,2025-10-25 18:52:35,8,5,58,50,429,1
103E_1029_R1,103,outbound,Borella,0,2025-10-29 17:25:39,2025-10-29 17:26:31,9,7,56,52,632,1
103E_1030_R2,103,outbound,Pettah,0,2025-10-30 16:42:39,2025-10-30 16:43:47,17,3,43,68,587,1
103E_1031_R1,103,inbound,Fort,1,2025-10-31 16:46:56,2025-10-31 16:47:35,9,4,42,39,528,1
144J_1028_R2,144,inbound,Cotta Road,0,2025-10-28 08:06:02,2025-10-28 08:07:14,21,1,67,72,711,1
171A_1030_R1,171,outbound,Battaramulla,0,2025-10-30 09:55:04,2025-10-30 09:55:42,3,8,52,38,342,0
103I_1031_R1,103,inbound,Maradana,1,2025-10-31 18:14:33,2025-10-31 18:15:45,14,5,62,72,434,1
171B_1025_R1,171,outbound,Cotta Road,0,2025-10-25 09:53:33,2025-10-25 09:54:09,6,7,56,36,616,0
144C_1026_R1,144,outbound,Rajagiriya,1,2025-10-26 09:54:32,2025-10-26 09:55:26,7,9,25,54,420,0
144B_1027_R1,144,outbound,Cotta Road,0,2025-10-27 19:16:31,2025-10-27 19:16:54,1,8,32,23,395,0
171A_1027_R1,171,outbound,Maradana,0,2025-10-27 20:43:50,2025-10-27 20:44:39,7,4,31,49,502,0
103C_1031_R1,103,outbound,Fort,1,2025-10-31 14:23:00,2025-10-31 14:23:47,10,4,14,47,489,0
103H_1026_R1,103,outbound,Punchi Borella,1,2025-10-26 12:17:25,2025-10-26 12:18:21,6,7,40,56,650,0
171J_1030_R1,171,inbound,Punchi Borella,0,2025-10-30 10:51:27,2025-10-30 10:52:18,9,9,63,51,228,0
171H_1031_R1,171,outbound,Cotta Road,0,2025-10-31 11:12:16,2025-10-31 11:13:07,7,8,40,51,224,0
103G_1027_R2,103,outbound,Maradana,0,2025-10-27 20:03:43,2025-10-27 20:04:38,9,7,25,55,529,0
171I_1029_R1,171,inbound,Fort,1,2025-10-29 18:40:29,2025-10-29 18:41:40,11,11,139,71,490,1
171E_1027_R2,171,outbound,Battaramulla,0,2025-10-27 12:40:43,2025-10-27 12:41:48,9,9,55,65,400,0
103F_1025_R1,103,inbound,Fort,1,2025-10-25 15:27:38,2025-10-25 15:28:26,6,6,56,48,777,0
171E_1031_R2,171,outbound,Cotta Road,0,2025-10-31 09:23:01,2025-10-31 09:23:50,5,5,95,49,559,0
171I_1027_R2,171,outbound,Borella,1,2025-10-27 17:40:56,2025-10-27 17:42:09,13,11,56,73,577,1
171A_1025_R1,171,inbound,Cotta Road,0,2025-10-25 07:58:36,2025-10-25 08:00:13,21,10,68,97,598,1
144J_1027_R2,144,inbound,Punchi Borella,1,2025-10-27 16:17:48,2025-10-27 16:19:24,17,12,43,96,555,1
103D_1027_R1,103,outbound,Fort,1,2025-10-27 08:33:00,2025-10-27 08:34:03,18,4,46,63,571,1
103B_1028_R2,103,inbound,Punchi Borella,0,2025-10-28 16:42:36,2025-10-28 16:43:36,16,3,64,60,571,1
171I_1029_R1,171,inbound,Battaramulla,0,2025-10-29 17:57:50,2025-10-29 17:59:03,20,4,76,73,490,1
144I_1026_R2,144,outbound,Punchi Borella,0,2025-10-26 14:51:36,2025-10-26 14:52:11,8,4,24,35,396,0
144G_1025_R1,144,inbound,Maradana,0,2025-10-25 20:48:11,2025-10-25 20:48:43,4,5,36,32,266,0
144F_1028_R2,144,outbound,Maradana,0,2025-10-28 08:31:16,2025-10-28 08:32:26,18,2,49,70,549,1
144D_1025_R1,144,inbound,Fort,1,2025-10-25 08:06:03,2025-10-25 08:06:45,5,8,77,42,410,1
171E_1029_R2,171,inbound,Koswatta,1,2025-10-29 10:14:00,2025-10-29 10:15:00,13,3,13,60,443,0
144J_1025_R2,144,outbound,Punchi Borella,0,2025-10-25 07:29:17,2025-10-25 07:30:30,21,2,38,73,437,1
103I_1031_R1,103,inbound,Borella,0,2025-10-31 18:05:38,2025-10-31 18:06:32,12,5,39,54,434,1
171J_1028_R1,171,outbound,Punchi Borella,0,2025-10-28 17:54:02,2025-10-28 17:54:51,16,3,61,49,340,1
171F_1028_R1,171,inbound,Battaramulla,0,2025-10-28 10:52:38,2025-10-28 10:53:51,16,1,47,73,337,0
171C_1031_R1,171,inbound,Battaramulla,0,2025-10-31 17:28:37,2025-10-31 17:29:47,21,2,37,70,315,1
171D_1031_R2,171,outbound,Pettah,0,2025-10-31 11:03:01,2025-10-31 11:04:11,15,6,34,70,363,0
171E_1028_R2,171,inbound,Welikada,0,2025-10-28 17:40:29,2025-10-28 17:41:36,22,1,72,67,605,1
144D_1030_R2,144,outbound,Punchi Borella,0,2025-10-30 19:05:58,2025-10-30 19:07:06,17,5,64,68,345,0
103C_1028_R1,103,outbound,Fort,1,2025-10-28 19:44:00,2025-10-28 19:45:10,18,3,38,70,563,0
103H_1030_R1,103,outbound,Narahenpita,1,2025-10-30 18:35:16,2025-10-30 18:36:15,11,2,97,59,537,1
144E_1027_R1,144,outbound,Cotta Road,0,2025-10-27 16:41:50,2025-10-27 16:42:25,4,7,81,35,546,1
144F_1025_R2,144,outbound,Maradana,0,2025-10-25 17:50:36,2025-10-25 17:51:29,10,6,27,53,487,1
171B_1031_R1,171,inbound,Maradana,0,2025-10-31 17:22:50,2025-10-31 17:23:34,9,4,101,44,494,1
171B_1029_R1,171,inbound,Technical Junction,0,2025-10-29 08:08:16,2025-10-29 08:08:51,3,4,76,35,378,1
171D_1026_R2,171,outbound,Battaramulla,0,2025-10-26 06:54:39,2025-10-26 06:55:18,6,7,54,39,555,0
144I_1028_R1,144,outbound,Rajagiriya,1,2025-10-28 06:41:33,2025-10-28 06:42:17,4,9,19,44,488,0
103E_1026_R1,103,outbound,Fort,1,2025-10-26 12:57:00,2025-10-26 12:57:50,13,2,23,50,557,0
144F_1028_R2,144,outbound,Fort,1,2025-10-28 08:26:00,2025-10-28 08:27:15,19,5,33,75,549,1
144H_1028_R1,144,inbound,Fort,1,2025-10-28 08:27:05,2025-10-28 08:28:04,5,10,63,59,325,1
103A_1026_R1,103,outbound,Punchi Borella,1,2025-10-26 06:22:27,2025-10-26 06:23:32,14,7,46,65,331,0
171F_1031_R1,171,inbound,Pettah,0,2025-10-31 21:24:52,2025-10-31 21:25:35,4,6,58,43,377,0
144D_1026_R1,144,inbound,Fort,1,2025-10-26 10:57:10,2025-10-26 10:58:03,5,10,40,53,468,0
103C_1026_R1,103,outbound,Borella,0,2025-10-26 08:30:35,2025-10-26 08:31:47,6,12,44,72,331,1
103I_1030_R1,103,inbound,Pettah,0,2025-10-30 17:32:21,2025-10-30 17:33:15,8,8,61,54,657,1
103I_1030_R2,103,inbound,Narahenpita,1,2025-10-30 09:53:00,2025-10-30 09:53:55,10,3,34,55,539,0
171D_1030_R1,171,inbound,Fort,1,2025-10-30 10:50:56,2025-10-30 10:51:45,7,9,91,49,611,0
171E_1029_R2,171,inbound,Welikada,0,2025-10-29 10:24:36,2025-10-29 10:25:26,8,4,27,50,443,0
171G_1031_R2,171,outbound,Battaramulla,0,2025-10-31 10:27:46,2025-10-31 10:28:34,8,5,42,48,435,0
144H_1031_R2,144,outbound,Cotta Road,0,2025-10-31 10:06:27,2025-10-31 10:07:04,6,4,50,37,395,0
171G_1030_R2,171,outbound,Punchi Borella,0,2025-10-30 13:17:11,2025-10-30 13:17:58,9,5,57,47,525,0
171G_1028_R2,171,outbound,Pettah,0,2025-10-28 07:53:20,2025-10-28 07:54:37,19,5,56,77,378,1
103E_1029_R1,103,outbound,Punchi Borella,1,2025-10-29 17:21:42,2025-10-29 17:23:20,25,7,54,98,632,1
103G_1031_R1,103,inbound,Maradana,1,2025-10-31 19:26:05,2025-10-31 19:26:59,12,5,63,54,445,0
103F_1030_R1,103,inbound,Punchi Borella,0,2025-10-30 07:41:49,2025-10-30 07:42:58,13,4,31,69,520,1
171G_1030_R1,171,outbound,Welikada,0,2025-10-30 18:20:36,2025-10-30 18:21:56,14,11,100,80,496,1
171A_1027_R1,171,outbound,Borella,1,2025-10-27 20:55:44,2025-10-27 20:56:36,10,4,51,52,502,0
144A_1026_R1,144,inbound,Borella,0,2025-10-26 18:47:44,2025-10-26 18:48:21,5,3,52,37,654,1
171G_1025_R1,171,outbound,Borella,1,2025-10-25 07:07:04,2025-10-25 07:08:26,20,7,53,82,519,1
171C_1025_R2,171,outbound,Maradana,0,2025-10-25 19:23:08,2025-10-25 19:24:07,13,4,49,59,686,0
144B_1029_R1,144,inbound,Punchi Borella,1,2025-10-29 16:26:31,2025-10-29 16:27:42,21,6,71,71,550,1
171D_1029_R1,171,outbound,Battaramulla,0,2025-10-29 07:43:30,2025-10-29 07:44:27,6,8,90,57,722,1
144C_1027_R1,144,outbound,Rajagiriya,1,2025-10-27 16:36:56,2025-10-27 16:37:40,9,6,38,44,481,1
103G_1030_R1,103,inbound,Narahenpita,1,2025-10-30 07:56:00,2025-10-30 07:57:07,14,4,14,67,632,1
144A_1025_R2,144,outbound,Maradana,0,2025-10-25 13:01:53,2025-10-25 13:02:19,7,2,46,26,629,0
171E_1026_R1,171,outbound,Technical Junction,0,2025-10-26 06:43:41,2025-10-26 06:44:55,17,4,42,74,425,0
103H_1030_R2,103,inbound,Maradana,1,2025-10-30 19:58:09,2025-10-30 19:59:19,12,6,47,70,759,0
103C_1028_R2,103,outbound,Maradana,0,2025-10-28 18:51:38,2025-10-28 18:52:32,13,4,50,54,247,1
171A_1027_R1,171,outbound,Battaramulla,0,2025-10-27 21:16:41,2025-10-27 21:17:43,9,11,47,62,502,0
171I_1030_R1,171,inbound,Cotta Road,0,2025-10-30 16:42:18,2025-10-30 16:43:28,16,1,76,70,361,1
171A_1030_R1,171,inbound,Welikada,0,2025-10-30 06:42:59,2025-10-30 06:44:22,20,5,54,83,655,0
144J_1028_R2,144,outbound,Maradana,0,2025-10-28 09:30:24,2025-10-28 09:31:26,12,3,38,62,427,0
171J_1029_R1,171,outbound,Koswatta,1,2025-10-29 17:29:11,2025-10-29 17:30:08,10,7,66,57,493,1
171D_1027_R2,171,inbound,Borella,1,2025-10-27 10:42:48,2025-10-27 10:43:45,13,3,73,57,438,0
103I_1029_R2,103,outbound,Pettah,0,2025-10-29 09:38:12,2025-10-29 09:39:04,9,5,24,52,459,0
103H_1025_R2,103,outbound,Maradana,0,2025-10-25 10:55:56,2025-10-25 10:56:43,10,5,31,47,588,0
171B_1028_R1,171,inbound,Koswatta,1,2025-10-28 18:51:00,2025-10-28 18:51:44,9,4,20,44,728,1
171E_1028_R1,171,outbound,Maradana,0,2025-10-28 09:37:22,2025-10-28 09:38:16,7,4,30,54,456,0
103H_1030_R1,103,inbound,Pettah,0,2025-10-30 19:37:23,2025-10-30 19:38:14,6,7,20,51,385,0
171I_1028_R1,171,outbound,Maradana,0,2025-10-28 12:30:00,2025-10-28 12:31:09,15,4,46,69,366,0
103H_1028_R1,103,inbound,Narahenpita,1,2025-10-28 08:08:00,2025-10-28 08:09:11,18,4,34,71,490,1
103H_1028_R2,103,outbound,Narahenpita,1,2025-10-28 18:45:58,2025-10-28 18:47:06,12,9,76,68,462,1
171B_1026_R1,171,outbound,Cotta Road,0,2025-10-26 16:54:36,2025-10-26 16:55:27,5,12,83,51,451,1
103A_1028_R1,103,outbound,Narahenpita,1,2025-10-28 08:35:20,2025-10-28 08:36:08,11,5,61,48,487,1
171B_1031_R2,171,inbound,Cotta Road,0,2025-10-31 08:10:12,2025-10-31 08:10:52,10,2,46,40,376,1
171J_1031_R2,171,outbound,Cotta Road,0,2025-10-31 16:57:04,2025-10-31 16:57:43,1,10,53,39,270,1
171J_1025_R2,171,outbound,Technical Junction,0,2025-10-25 08:10:14,2025-10-25 08:11:17,18,2,86,63,410,1
144F_1029_R1,144,inbound,Cotta Road,0,2025-10-29 19:11:51,2025-10-29 19:12:30,7,2,25,39,385,0
103A_1026_R1,103,inbound,Fort,1,2025-10-26 06:51:50,2025-10-26 06:52:45,6,7,55,55,663,0
171E_1028_R2,171,inbound,Maradana,0,2025-10-28 18:07:23,2025-10-28 18:08:18,10,9,112,55,605,1
171A_1028_R1,171,inbound,Cotta Road,0,2025-10-28 07:22:08,2025-10-28 07:22:54,8,5,71,46,279,1
103F_1028_R1,103,outbound,Narahenpita,1,2025-10-28 19:28:08,2025-10-28 19:28:37,4,1,60,29,583,0
171C_1029_R1,171,inbound,Welikada,0,2025-10-29 17:07:34,2025-10-29 17:08:49,17,5,61,75,564,1
144I_1031_R1,144,inbound,Rajagiriya,1,2025-10-31 08:23:00,2025-10-31 08:24:32,26,4,43,92,324,1
171H_1031_R1,171,outbound,Battaramulla,0,2025-10-31 11:25:38,2025-10-31 11:26:35,12,5,54,57,224,0
144G_1029_R2,144,outbound,Cotta Road,0,2025-10-29 19:39:05,2025-10-29 19:39:53,6,8,31,48,596,0
144G_1026_R1,144,inbound,Maradana,0,2025-10-26 19:30:22,2025-10-26 19:31:09,8,7,46,47,383,0
171A_1031_R1,171,inbound,Cotta Road,0,2025-10-31 09:07:13,2025-10-31 09:08:03,10,4,66,50,283,0
103B_1031_R2,103,inbound,Narahenpita,1,2025-10-31 09:58:00,2025-10-31 09:58:23,5,0,5,23,647,0
103D_1031_R1,103,outbound,Punchi Borella,1,2025-10-31 17:15:30,2025-10-31 17:16:42,16,7,48,72,577,1
144A_1025_R1,144,outbound,Maradana,0,2025-10-25 17:56:48,2025-10-25 17:57:57,16,3,46,69,515,1
103G_1030_R1,103,outbound,Pettah,0,2025-10-30 17:12:43,2025-10-30 17:13:10,4,1,24,27,354,1
171J_1028_R2,171,outbound,Fort,1,2025-10-28 17:26:00,2025-10-28 17:26:45,10,1,31,45,583,1
103D_1026_R1,103,outbound,Pettah,0,2025-10-26 12:08:52,2025-10-26 12:09:30,7,4,29,38,557,0
144J_1029_R1,144,outbound,Maradana,0,2025-10-29 16:28:22,2025-10-29 16:29:42,21,3,57,80,420,1
144H_1030_R1,144,outbound,Borella,1,2025-10-30 18:11:18,2025-10-30 18:12:31,14,9,62,73,621,1
103A_1025_R1,103,outbound,Punchi Borella,1,2025-10-25 09:15:30,2025-10-25 09:16:35,12,8,56,65,468,0
171H_1028_R1,171,inbound,Maradana,0,2025-10-28 21:06:33,2025-10-28 21:07:34,8,6,68,61,427,0
171C_1031_R1,171,outbound,Technical Junction,0,2025-10-31 09:56:24,2025-10-31 09:57:21,16,3,56,57,366,0
171J_1027_R2,171,outbound,Cotta Road,0,2025-10-27 16:54:22,2025-10-27 16:55:12,8,7,83,50,337,1
144B_1026_R2,144,outbound,Punchi Borella,0,2025-10-26 08:38:30,2025-10-26 08:39:20,9,5,50,50,413,1
171H_1030_R1,171,inbound,Borella,1,2025-10-30 13:07:04,2025-10-30 13:08:15,15,7,48,71,571,0
144C_1029_R1,144,inbound,Maradana,0,2025-10-29 17:18:03,2025-10-29 17:19:24,15,7,87,81,529,1
171J_1031_R1,171,outbound,Punchi Borella,0,2025-10-31 12:20:07,2025-10-31 12:20:41,7,2,59,34,522,0
171J_1026_R1,171,outbound,Technical Junction,0,2025-10-26 10:11:14,2025-10-26 10:12:17,14,4,36,63,447,0
144D_1030_R1,144,outbound,Rajagiriya,1,2025-10-30 10:42:47,2025-10-30 10:43:48,9,9,45,61,459,0
103J_1027_R2,103,inbound,Pettah,0,2025-10-27 09:23:59,2025-10-27 09:24:34,5,3,43,35,655,0
144A_1029_R1,144,outbound,Punchi Borella,0,2025-10-29 08:12:54,2025-10-29 08:14:23,24,4,59,89,587,1
144A_1025_R2,144,inbound,Cotta Road,0,2025-10-25 07:56:05,2025-10-25 07:56:48,9,6,40,43,350,1
171B_1026_R1,171,inbound,Welikada,0,2025-10-26 16:30:22,2025-10-26 16:31:32,15,4,85,70,359,1
144E_1025_R1,144,outbound,Cotta Road,0,2025-10-25 08:02:59,2025-10-25 08:03:59,9,9,43,60,386,1
171I_1027_R2,171,outbound,Welikada,0,2025-10-27 17:52:43,2025-10-27 17:53:23,1,9,51,40,577,1
144A_1027_R1,144,outbound,Borella,1,2025-10-27 18:45:52,2025-10-27 18:46:57,16,3,50,65,545,1
171C_1031_R1,171,outbound,Fort,1,2025-10-31 09:48:00,2025-10-31 09:49:09,18,2,39,69,366,0
103H_1030_R1,103,outbound,Punchi Borella,1,2025-10-30 18:22:35,2025-10-30 18:23:55,19,6,83,80,537,1
171C_1031_R2,171,inbound,Borella,1,2025-10-31 08:51:16,2025-10-31 08:52:45,22,8,93,89,276,1
103D_1031_R2,103,outbound,Narahenpita,1,2025-10-31 17:54:24,2025-10-31 17:55:37,11,11,79,73,658,1
103C_1031_R1,103,outbound,Borella,0,2025-10-31 14:42:29,2025-10-31 14:43:13,7,6,30,44,489,0
144E_1028_R2,144,outbound,Punchi Borella,0,2025-10-28 07:25:28,2025-10-28 07:26:03,5,5,47,35,376,1
171E_1026_R1,171,inbound,Borella,1,2025-10-26 07:13:04,2025-10-26 07:14:03,14,4,68,59,430,1
144J_1029_R1,144,inbound,Rajagiriya,1,2025-10-29 18:51:00,2025-10-29 18:51:47,10,3,27,47,353,1
103A_1025_R1,103,inbound,Borella,0,2025-10-25 19:29:49,2025-10-25 19:30:38,10,1,29,49,682,0
103C_1027_R1,103,outbound,Punchi Borella,1,2025-10-27 08:15:56,2025-10-27 08:17:51,22,13,60,115,180,1
144D_1025_R1,144,inbound,Borella,0,2025-10-25 07:49:28,2025-10-25 07:50:35,18,3,58,67,410,1
103G_1027_R2,103,outbound,Punchi Borella,1,2025-10-27 20:07:41,2025-10-27 20:08:54,11,12,24,73,529,0
171B_1031_R1,171,inbound,Battaramulla,0,2025-10-31 16:52:55,2025-10-31 16:54:29,25,6,41,94,494,1
171E_1028_R1,171,inbound,Cotta Road,0,2025-10-28 17:16:38,2025-10-28 17:17:50,14,4,69,72,271,1
171I_1030_R1,171,outbound,Pettah,0,2025-10-30 08:49:04,2025-10-30 08:49:44,9,4,28,40,284,1
144I_1031_R1,144,inbound,Borella,0,2025-10-31 08:30:54,2025-10-31 08:32:26,23,5,71,92,324,1
103A_1029_R1,103,outbound,Maradana,0,2025-10-29 07:44:33,2025-10-29 07:45:53,17,4,61,80,551,1
103D_1027_R2,103,inbound,Borella,0,2025-10-27 18:15:56,2025-10-27 18:16:48,10,4,25,52,667,1
171B_1027_R1,171,outbound,Borella,1,2025-10-27 09:11:33,2025-10-27 09:12:25,10,7,65,52,383,0
103G_1028_R2,103,inbound,Fort,1,2025-10-28 09:41:19,2025-10-28 09:42:08,10,6,78,49,423,0
171C_1029_R2,171,outbound,Punchi Borella,0,2025-10-29 07:12:24,2025-10-29 07:13:37,16,3,61,73,514,1
171J_1031_R2,171,inbound,Battaramulla,0,2025-10-31 07:57:57,2025-10-31 07:58:53,10,7,26,56,434,1
171H_1029_R1,171,outbound,Maradana,0,2025-10-29 20:04:14,2025-10-29 20:05:09,11,4,50,55,532,0
144F_1031_R1,144,outbound,Maradana,0,2025-10-31 06:48:28,2025-10-31 06:49:33,13,4,30,65,604,0
103B_1028_R2,103,outbound,Punchi Borella,1,2025-10-28 19:47:46,2025-10-28 19:48:47,10,5,51,61,409,0
103H_1030_R1,103,inbound,Fort,1,2025-10-30 19:43:27,2025-10-30 19:44:20,4,11,13,53,385,0
144G_1029_R2,144,outbound,Borella,1,2025-10-29 19:34:03,2025-10-29 19:35:11,13,9,33,68,596,0
103J_1030_R2,103,outbound,Fort,1,2025-10-30 16:33:00,2025-10-30 16:33:38,9,2,33,38,634,1
171G_1029_R2,171,outbound,Cotta Road,0,2025-10-29 08:51:24,2025-10-29 08:52:06,12,0,68,42,715,1
171B_1031_R1,171,inbound,Technical Junction,0,2025-10-31 17:25:52,2025-10-31 17:26:43,9,3,107,51,494,1
144H_1031_R2,144,outbound,Punchi Borella,0,2025-10-31 10:00:12,2025-10-31 10:01:17,14,5,45,65,395,0
144D_1030_R2,144,outbound,Cotta Road,0,2025-10-30 19:16:40,2025-10-30 19:17:17,6,7,75,37,345,0
171A_1027_R1,171,inbound,Maradana,0,2025-10-27 09:33:34,2025-10-27 09:34:18,1,9,42,44,524,0
144C_1028_R1,144,outbound,Rajagiriya,1,2025-10-28 20:17:02,2025-10-28 20:17:39,4,6,53,37,500,0
171A_1031_R1,171,outbound,Koswatta,1,2025-10-31 07:28:39,2025-10-31 07:29:36,7,8,105,57,541,1
144H_1028_R1,144,outbound,Borella,1,2025-10-28 12:49:55,2025-10-28 12:50:48,9,5,26,53,349,0
171G_1031_R1,171,outbound,Rajagiriya,0,2025-10-31 12:36:38,2025-10-31 12:37:22,5,7,52,44,537,0
171B_1026_R1,171,outbound,Koswatta,1,2025-10-26 17:13:16,2025-10-26 17:14:13,13,2,114,57,451,1
144C_1025_R2,144,inbound,Cotta Road,0,2025-10-25 19:17:41,2025-10-25 19:18:50,18,5,46,69,571,0
144B_1031_R2,144,outbound,Borella,1,2025-10-31 09:32:53,2025-10-31 09:33:55,9,8,33,62,670,0
171F_1031_R1,171,outbound,Cotta Road,0,2025-10-31 18:15:16,2025-10-31 18:15:59,5,6,86,43,478,1
144J_1029_R1,144,inbound,Punchi Borella,1,2025-10-29 19:05:04,2025-10-29 19:06:06,11,6,54,62,353,0
171H_1027_R1,171,inbound,Cotta Road,0,2025-10-27 06:51:36,2025-10-27 06:52:35,13,3,58,59,571,0
103E_1027_R1,103,inbound,Pettah,0,2025-10-27 11:01:54,2025-10-27 11:02:26,5,4,45,32,565,0
144A_1030_R2,144,outbound,Cotta Road,0,2025-10-30 07:18:01,2025-10-30 07:19:05,9,8,77,64,500,1
144H_1031_R2,144,outbound,Rajagiriya,1,2025-10-31 10:09:58,2025-10-31 10:10:42,8,5,53,44,395,0
144J_1029_R1,144,outbound,Borella,1,2025-10-29 16:40:13,2025-10-29 16:41:23,10,12,66,70,420,1
144C_1030_R2,144,inbound,Maradana,0,2025-10-30 19:29:35,2025-10-30 19:30:31,8,6,48,56,532,0
144B_1031_R1,144,outbound,Fort,1,2025-10-31 08:53:00,2025-10-31 08:54:09,15,1,41,69,455,1
144F_1031_R1,144,inbound,Borella,0,2025-10-31 08:05:58,2025-10-31 08:07:03,16,2,44,65,549,1
144D_1030_R1,144,inbound,Maradana,0,2025-10-30 10:01:21,2025-10-30 10:02:15,10,3,45,54,364,0
171J_1030_R1,171,outbound,Battaramulla,0,2025-10-30 16:53:09,2025-10-30 16:54:08,8,8,56,59,599,1
171E_1025_R1,171,outbound,Fort,1,2025-10-25 10:15:00,2025-10-25 10:16:02,13,3,27,62,700,0
171I_1030_R1,171,outbound,Rajagiriya,0,2025-10-30 09:16:24,2025-10-30 09:17:11,7,8,63,47,284,0
103B_1026_R1,103,inbound,Narahenpita,1,2025-10-26 18:46:00,2025-10-26 18:47:02,14,3,37,62,452,1
171F_1027_R2,171,outbound,Cotta Road,0,2025-10-27 18:22:23,2025-10-27 18:23:28,8,8,86,65,680,1
171J_1028_R2,171,outbound,Battaramulla,0,2025-10-28 18:08:41,2025-10-28 18:09:48,11,8,88,67,583,1
103H_1030_R1,103,inbound,Narahenpita,1,2025-10-30 19:17:00,2025-10-30 19:17:27,3,0,3,27,385,0
103E_1025_R1,103,outbound,Fort,1,2025-10-25 19:23:00,2025-10-25 19:23:43,8,4,22,43,461,0
144B_1027_R1,144,inbound,Cotta Road,0,2025-10-27 18:01:32,2025-10-27 18:02:29,12,4,28,57,505,1
144C_1025_R2,144,inbound,Borella,0,2025-10-25 19:24:27,2025-10-25 19:25:35,16,5,57,68,571,0
171F_1027_R2,171,outbound,Borella,1,2025-10-27 18:18:46,2025-10-27 18:20:06,21,5,86,80,680,1
171I_1029_R1,171,inbound,Koswatta,1,2025-10-29 17:52:00,2025-10-29 17:53:26,24,1,60,86,490,1
144A_1030_R2,144,outbound,Rajagiriya,1,2025-10-30 07:25:33,2025-10-30 07:26:43,12,11,78,70,500,1
144A_1029_R2,144,outbound,Maradana,0,2025-10-29 18:20:14,2025-10-29 18:21:05,10,4,58,51,786,1
171I_1029_R1,171,outbound,Maradana,0,2025-10-29 20:59:23,2025-10-29 21:00:12,13,4,64,49,530,0
171C_1026_R1,171,inbound,Koswatta,1,2025-10-26 06:22:00,2025-10-26 06:22:49,12,2,35,49,504,0
171G_1026_R1,171,outbound,Borella,1,2025-10-26 19:18:27,2025-10-26 19:19:02,5,3,55,35,447,0
171E_1025_R1,171,inbound,Battaramulla,0,2025-10-25 09:01:52,2025-10-25 09:02:34,11,4,46,42,283,0
171I_1027_R2,171,outbound,Cotta Road,0,2025-10-27 17:47:01,2025-10-27 17:47:52,10,6,60,51,577,1
171E_1031_R2,171,inbound,Maradana,0,2025-10-31 14:53:05,2025-10-31 14:53:57,9,8,67,52,586,0
171B_1027_R2,171,outbound,Punchi Borella,0,2025-10-27 17:18:21,2025-10-27 17:19:21,12,5,95,60,491,1
144J_1031_R1,144,outbound,Maradana,0,2025-10-31 17:01:30,2025-10-31 17:02:15,7,5,14,45,562,1
171A_1029_R1,171,outbound,Punchi Borella,0,2025-10-29 18:31:13,2025-10-29 18:32:51,26,3,109,98,440,1
171D_1030_R1,171,inbound,Technical Junction,0,2025-10-30 10:41:50,2025-10-30 10:42:55,6,9,93,65,611,0
171F_1027_R1,171,outbound,Welikada,0,2025-10-27 11:09:33,2025-10-27 11:10:08,5,5,54,35,443,0
171F_1028_R1,171,inbound,Cotta Road,0,2025-10-28 11:07:54,2025-10-28 11:08:21,0,4,61,27,337,0
171H_1029_R1,171,outbound,Technical Junction,0,2025-10-29 20:00:45,2025-10-29 20:01:31,11,2,43,46,532,0
103F_1027_R2,103,outbound,Punchi Borella,1,2025-10-27 08:16:12,2025-10-27 08:17:09,14,2,85,57,575,1
171B_1028_R1,171,inbound,Rajagiriya,0,2025-10-28 19:05:45,2025-10-28 19:06:06,5,0,58,21,728,0
103E_1029_R1,103,inbound,Maradana,1,2025-10-29 07:56:22,2025-10-29 07:57:51,17,11,48,89,591,1
103F_1029_R1,103,outbound,Fort,1,2025-10-29 17:38:00,2025-10-29 17:38:55,13,4,24,55,370,1
171I_1025_R1,171,inbound,Battaramulla,0,2025-10-25 09:22:21,2025-10-25 09:22:51,6,4,32,30,454,0
171I_1029_R2,171,inbound,Pettah,0,2025-10-29 18:57:43,2025-10-29 18:58:35,9,7,57,52,288,1
171H_1029_R1,171,inbound,Welikada,0,2025-10-29 18:56:11,2025-10-29 18:57:20,17,3,53,69,331,1
171C_1031_R1,171,outbound,Battaramulla,0,2025-10-31 10:27:23,2025-10-31 10:28:06,6,8,77,43,366,0
171E_1029_R1,171,outbound,Punchi Borella,0,2025-10-29 08:59:43,2025-10-29 09:01:09,20,8,83,86,376,1
103I_1030_R1,103,inbound,Maradana,1,2025-10-30 17:28:00,2025-10-30 17:29:41,26,5,61,101,657,1
171E_1029_R1,171,inbound,Koswatta,1,2025-10-29 07:41:00,2025-10-29 07:41:36,6,2,25,36,444,1
144H_1025_R2,144,inbound,Punchi Borella,1,2025-10-25 10:46:09,2025-10-25 10:47:21,16,7,46,72,402,0
171E_1030_R1,171,inbound,Technical Junction,0,2025-10-30 08:43:19,2025-10-30 08:44:55,14,16,58,96,342,1
144G_1025_R2,144,inbound,Fort,1,2025-10-25 07:25:24,2025-10-25 07:26:28,14,8,66,64,549,1
103C_1027_R1,103,outbound,Fort,1,2025-10-27 08:00:00,2025-10-27 08:01:06,19,4,19,66,180,1
103C_1025_R2,103,outbound,Fort,1,2025-10-25 17:24:00,2025-10-25 17:25:17,21,4,31,77,399,1
171A_1029_R1,171,inbound,Fort,1,2025-10-29 17:33:23,2025-10-29 17:34:20,9,7,87,57,428,1
144E_1026_R2,144,outbound,Rajagiriya,1,2025-10-26 07:14:24,2025-10-26 07:15:21,12,5,61,57,443,1
144E_1026_R1,144,inbound,Punchi Borella,1,2025-10-26 20:00:54,2025-10-26 20:01:45,9,6,44,51,421,0
171F_1027_R1,171,outbound,Pettah,0,2025-10-27 10:35:48,2025-10-27 10:36:46,10,4,19,58,443,0
171D_1026_R2,171,outbound,Rajagiriya,0,2025-10-26 06:42:35,2025-10-26 06:43:14,7,3,61,39,555,0
103F_1031_R1,103,inbound,Fort,1,2025-10-31 17:28:16,2025-10-31 17:28:43,9,0,37,27,489,1
144C_1031_R1,144,outbound,Cotta Road,0,2025-10-31 10:31:51,2025-10-31 10:32:33,5,6,51,42,561,0
171B_1031_R2,171,inbound,Koswatta,1,2025-10-31 07:54:00,2025-10-31 07:54:49,9,5,15,49,376,1
103F_1028_R2,103,inbound,Fort,1,2025-10-28 17:24:13,2025-10-28 17:25:37,16,6,69,84,390,1
171E_1029_R1,171,inbound,Maradana,0,2025-10-29 08:10:40,2025-10-29 08:11:48,13,6,84,68,444,1
103J_1027_R1,103,outbound,Fort,1,2025-10-27 08:11:00,2025-10-27 08:11:46,15,0,15,46,365,1
144A_1031_R1,144,outbound,Punchi Borella,0,2025-10-31 16:27:53,2025-10-31 16:28:37,11,3,60,44,553,1
103A_1028_R1,103,outbound,Pettah,0,2025-10-28 08:14:38,2025-10-28 08:15:30,6,5,34,52,487,1
171G_1028_R1,171,outbound,Koswatta,1,2025-10-28 10:59:04,2025-10-28 10:59:49,6,8,65,45,363,0
144B_1028_R1,144,inbound,Cotta Road,0,2025-10-28 10:57:03,2025-10-28 10:58:14,12,5,47,71,408,0
171H_1027_R1,171,inbound,Koswatta,1,2025-10-27 06:31:00,2025-10-27 06:31:28,6,1,33,28,571,0
171D_1029_R2,171,outbound,Fort,1,2025-10-29 19:15:00,2025-10-29 19:16:01,9,8,18,61,530,0
144H_1027_R1,144,inbound,Rajagiriya,1,2025-10-27 18:29:00,2025-10-27 18:29:59,11,5,28,59,280,1
103A_1031_R1,103,inbound,Borella,0,2025-10-31 12:36:51,2025-10-31 12:37:35,12,2,34,44,435,0
171B_1031_R2,171,inbound,Welikada,0,2025-10-31 08:02:11,2025-10-31 08:03:08,9,2,29,57,376,1
144B_1025_R2,144,inbound,Fort,1,2025-10-25 08:55:33,2025-10-25 08:56:42,10,14,53,69,668,1
171B_1031_R1,171,outbound,Cotta Road,0,2025-10-31 21:17:01,2025-10-31 21:17:51,4,8,71,50,503,0
103H_1026_R2,103,outbound,Fort,1,2025-10-26 07:58:00,2025-10-26 07:59:07,18,2,18,67,478,1
171C_1025_R1,171,outbound,Maradana,0,2025-10-25 09:06:27,2025-10-25 09:07:22,13,4,41,55,423,0
144D_1027_R1,144,inbound,Cotta Road,0,2025-10-27 08:22:32,2025-10-27 08:23:18,15,1,53,46,521,1
144E_1027_R1,144,outbound,Maradana,0,2025-10-27 16:23:01,2025-10-27 16:24:32,23,5,62,91,546,1
144F_1028_R2,144,outbound,Cotta Road,0,2025-10-28 08:48:02,2025-10-28 08:49:06,14,9,76,64,549,1
171A_1025_R1,171,inbound,Welikada,0,2025-10-25 07:48:12,2025-10-25 07:48:57,9,4,38,45,598,1
103F_1030_R1,103,outbound,Fort,1,2025-10-30 14:20:00,2025-10-30 14:20:19,5,3,22,19,758,0
171J_1025_R1,171,outbound,Punchi Borella,0,2025-10-25 10:30:34,2025-10-25 10:31:29,9,4,44,55,180,0
103I_1029_R1,103,outbound,Fort,1,2025-10-29 14:56:00,2025-10-29 14:57:09,15,3,34,69,425,0
144H_1031_R1,144,inbound,Rajagiriya,1,2025-10-31 17:18:00,2025-10-31 17:19:36,27,4,35,96,482,1
171I_1030_R1,171,inbound,Technical Junction,0,2025-10-30 16:58:29,2025-10-30 16:59:48,10,15,92,79,361,1
171J_1031_R1,171,outbound,Cotta Road,0,2025-10-31 12:30:38,2025-10-31 12:31:30,7,5,65,52,522,0
144H_1026_R1,144,outbound,Rajagiriya,1,2025-10-26 19:12:59,2025-10-26 19:13:46,6,6,44,47,604,0
171G_1030_R2,171,outbound,Koswatta,1,2025-10-30 13:47:34,2025-10-30 13:48:27,6,8,58,53,525,0
171J_1025_R2,171,outbound,Maradana,0,2025-10-25 08:17:52,2025-10-25 08:18:52,16,4,98,60,410,1
171B_1028_R1,171,outbound,Rajagiriya,0,2025-10-28 08:02:35,2025-10-28 08:03:30,6,7,62,55,492,1
103E_1031_R2,103,inbound,Fort,1,2025-10-31 08:04:41,2025-10-31 08:05:38,10,8,47,57,416,1
171I_1025_R1,171,outbound,Koswatta,1,2025-10-25 11:24:09,2025-10-25 11:25:15,9,7,66,66,560,0
103B_1026_R1,103,inbound,Maradana,1,2025-10-26 19:00:26,2025-10-26 19:01:18,5,10,59,52,452,0
144G_1025_R2,144,inbound,Borella,0,2025-10-25 07:08:41,2025-10-25 07:09:42,14,5,52,61,549,1
103C_1030_R2,103,inbound,Pettah,0,2025-10-30 20:49:22,2025-10-30 20:50:35,11,8,48,73,580,0
171G_1030_R1,171,outbound,Maradana,0,2025-10-30 17:53:10,2025-10-30 17:54:18,12,7,72,68,496,1
103C_1028_R2,103,outbound,Borella,0,2025-10-28 19:00:20,2025-10-28 19:01:04,5,5,53,44,247,0
171B_1026_R1,171,outbound,Welikada,0,2025-10-26 17:06:04,2025-10-26 17:07:03,9,9,86,59,451,1
103I_1025_R1,103,inbound,Punchi Borella,0,2025-10-25 19:27:21,2025-10-25 19:28:19,12,4,44,58,701,0
144B_1027_R1,144,outbound,Borella,1,2025-10-27 19:13:52,2025-10-27 19:15:01,13,8,39,69,395,0
171C_1031_R1,171,outbound,Borella,1,2025-10-31 10:11:32,2025-10-31 10:12:44,13,10,76,72,366,0
171C_1025_R2,171,outbound,Punchi Borella,0,2025-10-25 19:26:36,2025-10-25 19:27:04,0,6,43,28,686,0
171H_1031_R1,171,outbound,Borella,1,2025-10-31 11:08:24,2025-10-31 11:09:32,9,11,41,68,224,0
103B_1028_R2,103,outbound,Pettah,0,2025-10-28 19:37:06,2025-10-28 19:37:31,6,2,40,25,409,0
103E_1029_R2,103,inbound,Fort,1,2025-10-29 09:52:01,2025-10-29 09:52:44,5,3,36,43,482,0
171E_1026_R1,171,inbound,Rajagiriya,0,2025-10-26 07:01:05,2025-10-26 07:01:44,5,4,39,39,430,1
144C_1030_R1,144,outbound,Punchi Borella,0,2025-10-30 10:30:43,2025-10-30 10:31:17,6,0,40,34,480,0
171H_1027_R1,171,outbound,Cotta Road,0,2025-10-27 13:23:28,2025-10-27 13:24:11,5,7,43,43,242,0
171H_1029_R1,171,inbound,Borella,1,2025-10-29 19:12:12,2025-10-29 19:13:08,13,7,72,56,331,0
103J_1030_R1,103,outbound,Fort,1,2025-10-30 16:05:00,2025-10-30 16:06:00,16,3,32,60,314,1
171B_1029_R1,171,outbound,Technical Junction,0,2025-10-29 06:18:35,2025-10-29 06:19:43,14,3,51,68,681,0
171J_1028_R1,171,inbound,Maradana,0,2025-10-28 18:35:40,2025-10-28 18:36:47,15,6,114,67,413,1
171F_1031_R1,171,inbound,Rajagiriya,0,2025-10-31 20:56:14,2025-10-31 20:57:13,15,3,46,59,377,0
171D_1027_R1,171,inbound,Punchi Borella,0,2025-10-27 16:58:06,2025-10-27 16:59:08,10,10,81,62,668,1
144E_1028_R1,144,inbound,Rajagiriya,1,2025-10-28 16:33:00,2025-10-28 16:34:06,13,5,26,66,568,1
144E_1031_R1,144,outbound,Maradana,0,2025-10-31 06:15:57,2025-10-31 06:16:43,9,4,37,46,387,0
144F_1029_R1,144,outbound,Maradana,0,2025-10-29 06:09:04,2025-10-29 06:09:41,8,1,29,37,338,0
144E_1030_R2,144,inbound,Cotta Road,0,2025-10-30 17:01:25,2025-10-30 17:02:41,17,6,45,76,577,1
144B_1025_R1,144,inbound,Rajagiriya,1,2025-10-25 16:44:00,2025-10-25 16:45:06,18,6,33,66,509,1
171I_1031_R1,171,outbound,Cotta Road,0,2025-10-31 07:41:15,2025-10-31 07:42:02,4,4,77,47,397,1
171C_1026_R1,171,inbound,Battaramulla,0,2025-10-26 06:25:37,2025-10-26 06:26:44,18,5,48,67,504,0
103D_1027_R1,103,outbound,Pettah,0,2025-10-27 08:35:34,2025-10-27 08:37:07,29,4,71,93,571,1
103F_1028_R2,103,inbound,Maradana,1,2025-10-28 17:14:14,2025-10-28 17:15:21,14,6,61,67,390,1
103C_1028_R1,103,outbound,Punchi Borella,1,2025-10-28 19:55:43,2025-10-28 19:56:42,13,4,54,59,563,0
103H_1029_R1,103,inbound,Borella,0,2025-10-29 08:00:23,2025-10-29 08:01:30,18,3,40,67,550,1
103A_1026_R1,103,inbound,Pettah,0,2025-10-26 06:47:18,2025-10-26 06:48:27,10,7,56,69,663,0
171E_1031_R1,171,inbound,Cotta Road,0,2025-10-31 18:16:05,2025-10-31 18:17:06,14,4,41,61,667,1
171E_1028_R1,171,outbound,Punchi Borella,0,2025-10-28 09:40:51,2025-10-28 09:41:41,11,4,37,50,456,0
103F_1031_R2,103,inbound,Punchi Borella,0,2025-10-31 19:12:53,2025-10-31 19:13:44,11,3,37,51,566,0
171F_1029_R1,171,inbound,Welikada,0,2025-10-29 09:49:57,2025-10-29 09:50:48,10,4,34,51,502,0
144A_1029_R1,144,outbound,Rajagiriya,1,2025-10-29 08:27:15,2025-10-29 08:28:21,11,8,86,66,587,1
171E_1031_R1,171,inbound,Battaramulla,0,2025-10-31 18:03:01,2025-10-31 18:04:04,15,2,28,63,667,1
103F_1028_R1,103,inbound,Fort,1,2025-10-28 20:07:41,2025-10-28 20:08:26,8,4,44,45,240,0
144D_1026_R1,144,inbound,Maradana,0,2025-10-26 10:49:12,2025-10-26 10:49:44,6,3,45,32,468,0
103J_1030_R1,103,outbound,Narahenpita,1,2025-10-30 16:30:17,2025-10-30 16:31:37,16,10,78,80,314,1
144H_1027_R1,144,outbound,Borella,1,2025-10-27 12:40:28,2025-10-27 12:41:44,11,9,34,76,490,0
171J_1030_R1,171,inbound,Fort,1,2025-10-30 11:08:08,2025-10-30 11:08:51,2,7,31,43,228,0
103C_1028_R1,103,inbound,Fort,1,2025-10-28 10:44:06,2025-10-28 10:45:02,7,9,26,56,604,0
144H_1029_R1,144,inbound,Fort,1,2025-10-29 07:56:48,2025-10-29 07:57:38,5,9,64,50,487,1
171G_1025_R1,171,inbound,Rajagiriya,0,2025-10-25 18:03:07,2025-10-25 18:03:49,10,2,78,42,292,1
103B_1026_R2,103,inbound,Narahenpita,1,2025-10-26 10:38:00,2025-10-26 10:38:35,7,2,30,35,506,0
171A_1026_R1,171,inbound,Welikada,0,2025-10-26 15:09:45,2025-10-26 15:10:45,18,2,46,60,423,0
144H_1029_R1,144,inbound,Punchi Borella,1,2025-10-29 07:45:57,2025-10-29 07:47:11,15,6,58,74,487,1
171F_1025_R1,171,outbound,Battaramulla,0,2025-10-25 18:55:46,2025-10-25 18:56:57,11,9,62,71,569,1
171E_1028_R1,171,inbound,Pettah,0,2025-10-28 17:45:16,2025-10-28 17:46:03,11,3,86,47,271,1
103F_1029_R1,103,inbound,Punchi Borella,0,2025-10-29 14:09:17,2025-10-29 14:10:07,11,3,53,50,523,0
171C_1026_R1,171,inbound,Pettah,0,2025-10-26 07:01:49,2025-10-26 07:03:11,18,7,99,82,504,1
103F_1028_R2,103,outbound,Maradana,0,2025-10-28 12:40:52,2025-10-28 12:41:40,14,4,35,48,612,0
103G_1030_R1,103,inbound,Borella,0,2025-10-30 08:01:42,2025-10-30 08:02:30,15,1,28,48,632,1
103B_1030_R2,103,outbound,Fort,1,2025-10-30 12:13:00,2025-10-30 12:13:55,9,3,39,55,643,0
171D_1029_R1,171,outbound,Fort,1,2025-10-29 07:00:00,2025-10-29 07:00:56,14,3,24,56,722,1
103B_1027_R2,103,outbound,Maradana,0,2025-10-27 06:44:05,2025-10-27 06:44:47,10,4,34,42,511,0
103F_1029_R2,103,outbound,Borella,0,2025-10-29 07:12:16,2025-10-29 07:13:05,8,2,55,49,497,1
144F_1030_R1,144,inbound,Rajagiriya,1,2025-10-30 06:03:00,2025-10-30 06:03:27,4,1,21,27,561,0
171F_1027_R1,171,outbound,Technical Junction,0,2025-10-27 10:40:01,2025-10-27 10:40:34,4,3,20,33,443,0
171J_1026_R1,171,inbound,Rajagiriya,0,2025-10-26 09:11:10,2025-10-26 09:11:52,7,4,66,42,456,0
144F_1030_R1,144,outbound,Cotta Road,0,2025-10-30 17:24:06,2025-10-30 17:24:52,4,10,67,46,372,1
103D_1031_R1,103,inbound,Pettah,0,2025-10-31 17:35:07,2025-10-31 17:36:21,12,10,63,74,627,1
144A_1028_R1,144,inbound,Maradana,0,2025-10-28 12:24:27,2025-10-28 12:25:21,7,7,55,54,615,0
144C_1030_R1,144,inbound,Borella,0,2025-10-30 13:10:16,2025-10-30 13:11:08,8,5,39,52,436,0
171E_1030_R1,171,outbound,Maradana,0,2025-10-30 17:30:18,2025-10-30 17:31:05,10,1,79,47,414,1
144D_1025_R2,144,outbound,Cotta Road,0,2025-10-25 20:06:19,2025-10-25 20:07:25,11,7,42,66,390,0
171J_1028_R1,171,inbound,Borella,1,2025-10-28 18:26:49,2025-10-28 18:28:27,27,6,99,98,413,1
171D_1026_R1,171,inbound,Borella,1,2025-10-26 09:21:31,2025-10-26 09:22:06,7,3,42,35,356,0
103G_1029_R1,103,outbound,Maradana,0,2025-10-29 19:19:25,2025-10-29 19:20:35,12,6,42,70,552,0
171D_1029_R2,171,outbound,Pettah,0,2025-10-29 19:19:29,2025-10-29 19:20:18,11,4,25,49,530,0
103C_1025_R1,103,inbound,Pettah,0,2025-10-25 19:11:11,2025-10-25 19:12:16,8,11,39,65,616,0
103G_1031_R2,103,inbound,Maradana,1,2025-10-31 21:04:37,2025-10-31 21:06:03,18,9,47,86,434,0
144G_1029_R2,144,inbound,Cotta Road,0,2025-10-29 18:08:58,2025-10-29 18:10:08,16,4,50,70,224,1
171D_1029_R1,171,inbound,Pettah,0,2025-10-29 17:22:10,2025-10-29 17:22:56,7,4,61,46,462,1
171C_1028_R1,171,outbound,Cotta Road,0,2025-10-28 07:40:10,2025-10-28 07:40:30,2,2,94,20,596,1
171G_1030_R1,171,inbound,Punchi Borella,0,2025-10-30 17:56:56,2025-10-30 17:57:40,6,7,79,44,525,1
144F_1031_R2,144,outbound,Cotta Road,0,2025-10-31 18:12:26,2025-10-31 18:13:41,11,13,68,75,356,1
103H_1031_R1,103,inbound,Borella,0,2025-10-31 06:59:15,2025-10-31 06:59:57,8,4,36,42,416,0
171H_1031_R1,171,inbound,Koswatta,1,2025-10-31 10:25:00,2025-10-31 10:26:08,15,4,41,68,620,0
171H_1026_R1,171,inbound,Fort,1,2025-10-26 11:23:41,2025-10-26 11:24:23,8,5,55,42,588,0
103H_1031_R1,103,outbound,Fort,1,2025-10-31 10:21:00,2025-10-31 10:22:03,12,3,25,63,375,0
144F_1025_R2,144,inbound,Rajagiriya,1,2025-10-25 16:59:00,2025-10-25 17:00:09,17,2,46,69,501,1
144H_1028_R1,144,inbound,Punchi Borella,1,2025-10-28 08:20:01,2025-10-28 08:21:00,17,3,71,59,325,1
103C_1025_R1,103,inbound,Narahenpita,1,2025-10-25 18:55:00,2025-10-25 18:55:56,10,7,22,56,616,1
171A_1031_R1,171,inbound,Punchi Borella,0,2025-10-31 09:16:39,2025-10-31 09:17:20,7,6,64,41,283,0
144H_1026_R1,144,outbound,Maradana,0,2025-10-26 18:54:36,2025-10-26 18:55:42,15,2,29,66,604,1
171J_1030_R1,171,inbound,Cotta Road,0,2025-10-30 10:41:24,2025-10-30 10:42:02,3,4,55,38,228,0
171F_1026_R1,171,outbound,Fort,1,2025-10-26 19:21:00,2025-10-26 19:22:06,13,3,14,66,720,0
171D_1031_R1,171,inbound,Borella,1,2025-10-31 10:40:20,2025-10-31 10:41:08,11,3,59,48,445,0
171F_1031_R1,171,outbound,Technical Junction,0,2025-10-31 17:52:10,2025-10-31 17:53:08,18,1,48,58,478,1
144I_1026_R1,144,outbound,Borella,1,2025-10-26 20:46:52,2025-10-26 20:48:08,15,9,38,76,492,0
171H_1025_R1,171,outbound,Technical Junction,0,2025-10-25 16:28:17,2025-10-25 16:29:20,13,6,34,63,541,1
171F_1026_R1,171,inbound,Technical Junction,0,2025-10-26 17:59:20,2025-10-26 18:00:31,14,8,100,71,256,1
171G_1031_R1,171,outbound,Koswatta,1,2025-10-31 12:48:46,2025-10-31 12:49:17,1,6,51,31,537,0
